2026-06-05 10:19:16,863 [INFO] Connesso: COM5 @ 9600
2026-06-05 10:19:21,439 [DEBUG] RX #0001 | testo='OPEN:1234:CNT:0001\n' | hex=4F 50 45 4E 3A 31 32 33 34 3A 43 4E 54 3A 30 30 30 31 0A 00 00 00 00 00 00 00 00 00 00 00 00 00
2026-06-05 10:19:29,669 [DEBUG] TX #0001 | 32 byte | replay #0001 | testo='OPEN:1234:CNT:0001\n'
2026-06-05 10:21:29,541 [DEBUG] RX #0002 | testo='OPEN:1234:CNT:0002\n' | hex=4F 50 45 4E 3A 31 32 33 34 3A 43 4E 54 3A 30 30 30 32 0A 00 00 00 00 00 00 00 00 00 00 00 00 00
2026-06-05 10:21:41,164 [DEBUG] RX #0003 | testo='OPEN:1234:CNT:0003\n' | hex=4F 50 45 4E 3A 31 32 33 34 3A 43 4E 54 3A 30 30 30 33 0A 00 00 00 00 00 00 00 00 00 00 00 00 00
2026-06-05 10:21:45,561 [DEBUG] RX #0004 | testo='OPEN:1234:CNT:0004\n' | hex=4F 50 45 4E 3A 31 32 33 34 3A 43 4E 54 3A 30 30 30 34 0A 00 00 00 00 00 00 00 00 00 00 00 00 00
2026-06-05 10:21:48,294 [DEBUG] RX #0005 | testo='OPEN:1234:CNT:0005\n' | hex=4F 50 45 4E 3A 31 32 33 34 3A 43 4E 54 3A 30 30 30 35 0A 00 00 00 00 00 00 00 00 00 00 00 00 00
2026-06-05 10:22:00,416 [DEBUG] RX #0006 | testo='OPEN:1234:CNT:0006\n' | hex=4F 50 45 4E 3A 31 32 33 34 3A 43 4E 54 3A 30 30 30 36 0A 00 00 00 00 00 00 00 00 00 00 00 00 00
2026-06-05 10:22:00,713 [DEBUG] RX #0007 | testo='OPEN:1234:CNT:0007\n' | hex=4F 50 45 4E 3A 31 32 33 34 3A 43 4E 54 3A 30 30 30 37 0A 00 00 00 00 00 00 00 00 00 00 00 00 00
2026-06-05 10:22:05,499 [DEBUG] RX #0008 | testo='OPEN:1234:CNT:0008\n' | hex=4F 50 45 4E 3A 31 32 33 34 3A 43 4E 54 3A 30 30 30 38 0A 00 00 00 00 00 00 00 00 00 00 00 00 00
2026-06-05 10:24:24,176 [ERROR] Errore lettura: GetOverlappedResult failed (PermissionError(13, 'Accesso negato.', None, 5))
2026-06-05 10:24:24,678 [ERROR] Errore lettura: ClearCommError failed (PermissionError(13, 'Accesso negato.', None, 5))
2026-06-05 10:24:25,180 [ERROR] Errore lettura: ClearCommError failed (PermissionError(13, 'Accesso negato.', None, 5))
2026-06-05 10:24:25,684 [ERROR] Errore lettura: ClearCommError failed (PermissionError(13, 'Accesso negato.', None, 5))
2026-06-05 10:24:26,186 [ERROR] Errore lettura: ClearCommError failed (PermissionError(13, 'Accesso negato.', None, 5))
2026-06-05 10:24:26,688 [ERROR] Errore lettura: ClearCommError failed (PermissionError(13, 'Accesso negato.', None, 5))
2026-06-05 10:24:27,190 [ERROR] Errore lettura: ClearCommError failed (PermissionError(13, 'Accesso negato.', None, 5))
2026-06-05 10:24:27,692 [ERROR] Errore lettura: ClearCommError failed (PermissionError(13, 'Accesso negato.', None, 5))
2026-06-05 10:24:28,196 [ERROR] Errore lettura: ClearCommError failed (PermissionError(13, 'Accesso negato.', None, 5))
2026-06-05 10:24:28,700 [ERROR] Errore lettura: ClearCommError failed (PermissionError(13, 'Accesso negato.', None, 5))
2026-06-05 10:24:29,202 [ERROR] Errore lettura: ClearCommError failed (PermissionError(13, 'Accesso negato.', None, 5))
2026-06-05 10:24:29,704 [ERROR] Errore lettura: ClearCommError failed (PermissionError(13, 'Accesso negato.', None, 5))
2026-06-05 10:24:30,210 [ERROR] Errore lettura: ClearCommError failed (PermissionError(13, 'Accesso negato.', None, 5))
2026-06-05 10:24:30,713 [ERROR] Errore lettura: ClearCommError failed (PermissionError(13, 'Accesso negato.', None, 5))
2026-06-05 10:24:31,216 [ERROR] Errore lettura: ClearCommError failed (PermissionError(13, 'Accesso negato.', None, 5))
2026-06-05 10:24:31,723 [ERROR] Errore lettura: ClearCommError failed (PermissionError(13, 'Accesso negato.', None, 5))
2026-06-05 10:24:32,227 [ERROR] Errore lettura: ClearCommError failed (PermissionError(13, 'Accesso negato.', None, 5))
2026-06-05 10:24:32,728 [ERROR] Errore lettura: ClearCommError failed (PermissionError(13, 'Accesso negato.', None, 5))
2026-06-05 10:24:33,230 [ERROR] Errore lettura: ClearCommError failed (PermissionError(13, 'Accesso negato.', None, 5))
2026-06-05 10:24:33,732 [ERROR] Errore lettura: ClearCommError failed (PermissionError(13, 'Accesso negato.', None, 5))
2026-06-05 10:24:34,234 [ERROR] Errore lettura: ClearCommError failed (PermissionError(13, 'Accesso negato.', None, 5))
2026-06-05 10:24:34,737 [ERROR] Errore lettura: ClearCommError failed (PermissionError(13, 'Accesso negato.', None, 5))
2026-06-05 10:24:35,240 [ERROR] Errore lettura: ClearCommError failed (PermissionError(13, 'Accesso negato.', None, 5))
2026-06-05 10:24:35,742 [ERROR] Errore lettura: ClearCommError failed (PermissionError(13, 'Accesso negato.', None, 5))
2026-06-05 10:24:36,246 [ERROR] Errore lettura: ClearCommError failed (PermissionError(13, 'Accesso negato.', None, 5))
2026-06-05 10:24:36,748 [ERROR] Errore lettura: ClearCommError failed (PermissionError(13, 'Accesso negato.', None, 5))
2026-06-05 10:24:37,251 [ERROR] Errore lettura: ClearCommError failed (PermissionError(13, 'Accesso negato.', None, 5))
2026-06-05 10:24:37,753 [ERROR] Errore lettura: ClearCommError failed (PermissionError(13, 'Accesso negato.', None, 5))
2026-06-05 10:24:38,255 [ERROR] Errore lettura: ClearCommError failed (PermissionError(13, 'Accesso negato.', None, 5))
2026-06-05 10:24:38,759 [ERROR] Errore lettura: ClearCommError failed (PermissionError(13, 'Accesso negato.', None, 5))
2026-06-05 10:24:39,263 [ERROR] Errore lettura: ClearCommError failed (PermissionError(13, 'Accesso negato.', None, 5))
2026-06-05 10:24:39,766 [ERROR] Errore lettura: ClearCommError failed (PermissionError(13, 'Accesso negato.', None, 5))
2026-06-05 10:24:40,268 [ERROR] Errore lettura: ClearCommError failed (PermissionError(13, 'Accesso negato.', None, 5))
2026-06-05 10:24:40,770 [ERROR] Errore lettura: ClearCommError failed (PermissionError(13, 'Accesso negato.', None, 5))
2026-06-05 10:24:41,272 [ERROR] Errore lettura: ClearCommError failed (PermissionError(13, 'Accesso negato.', None, 5))
2026-06-05 10:24:41,775 [ERROR] Errore lettura: ClearCommError failed (PermissionError(13, 'Accesso negato.', None, 5))
2026-06-05 10:24:42,276 [ERROR] Errore lettura: ClearCommError failed (PermissionError(13, 'Accesso negato.', None, 5))
2026-06-05 10:24:42,778 [ERROR] Errore lettura: ClearCommError failed (PermissionError(13, 'Accesso negato.', None, 5))
2026-06-05 10:24:43,281 [ERROR] Errore lettura: ClearCommError failed (PermissionError(13, 'Accesso negato.', None, 5))
2026-06-05 10:24:43,783 [ERROR] Errore lettura: ClearCommError failed (PermissionError(13, 'Accesso negato.', None, 5))
2026-06-05 10:24:44,284 [ERROR] Errore lettura: ClearCommError failed (PermissionError(13, 'Accesso negato.', None, 5))
2026-06-05 10:24:44,786 [ERROR] Errore lettura: ClearCommError failed (PermissionError(13, 'Accesso negato.', None, 5))
2026-06-05 10:24:45,291 [ERROR] Errore lettura: ClearCommError failed (PermissionError(13, 'Accesso negato.', None, 5))
2026-06-05 10:24:45,793 [ERROR] Errore lettura: ClearCommError failed (PermissionError(13, 'Accesso negato.', None, 5))
2026-06-05 10:24:46,296 [ERROR] Errore lettura: ClearCommError failed (PermissionError(13, 'Accesso negato.', None, 5))
2026-06-05 10:24:46,798 [ERROR] Errore lettura: ClearCommError failed (PermissionError(13, 'Accesso negato.', None, 5))
2026-06-05 10:24:47,301 [ERROR] Errore lettura: ClearCommError failed (PermissionError(13, 'Accesso negato.', None, 5))
2026-06-05 10:24:47,803 [ERROR] Errore lettura: ClearCommError failed (PermissionError(13, 'Accesso negato.', None, 5))
2026-06-05 10:24:48,305 [ERROR] Errore lettura: ClearCommError failed (PermissionError(13, 'Accesso negato.', None, 5))
2026-06-05 10:24:48,808 [ERROR] Errore lettura: ClearCommError failed (PermissionError(13, 'Accesso negato.', None, 5))
2026-06-05 10:24:49,310 [ERROR] Errore lettura: ClearCommError failed (PermissionError(13, 'Accesso negato.', None, 5))
2026-06-05 10:24:49,813 [ERROR] Errore lettura: ClearCommError failed (PermissionError(13, 'Accesso negato.', None, 5))
2026-06-05 10:24:50,315 [ERROR] Errore lettura: ClearCommError failed (PermissionError(13, 'Accesso negato.', None, 5))
2026-06-05 10:24:50,822 [ERROR] Errore lettura: ClearCommError failed (PermissionError(13, 'Accesso negato.', None, 5))
2026-06-05 10:24:51,326 [ERROR] Errore lettura: ClearCommError failed (PermissionError(13, 'Accesso negato.', None, 5))
2026-06-05 10:24:51,828 [ERROR] Errore lettura: ClearCommError failed (PermissionError(13, 'Accesso negato.', None, 5))
2026-06-05 10:24:52,329 [ERROR] Errore lettura: ClearCommError failed (PermissionError(13, 'Accesso negato.', None, 5))
2026-06-05 10:24:52,831 [ERROR] Errore lettura: ClearCommError failed (PermissionError(13, 'Accesso negato.', None, 5))
2026-06-05 10:24:53,334 [ERROR] Errore lettura: ClearCommError failed (PermissionError(13, 'Accesso negato.', None, 5))
2026-06-05 10:24:53,837 [ERROR] Errore lettura: ClearCommError failed (PermissionError(13, 'Accesso negato.', None, 5))
2026-06-05 10:24:54,339 [ERROR] Errore lettura: ClearCommError failed (PermissionError(13, 'Accesso negato.', None, 5))
2026-06-05 10:24:54,842 [ERROR] Errore lettura: ClearCommError failed (PermissionError(13, 'Accesso negato.', None, 5))
2026-06-05 10:24:55,344 [ERROR] Errore lettura: ClearCommError failed (PermissionError(13, 'Accesso negato.', None, 5))
2026-06-05 10:24:55,846 [ERROR] Errore lettura: ClearCommError failed (PermissionError(13, 'Accesso negato.', None, 5))
2026-06-05 10:24:56,349 [ERROR] Errore lettura: ClearCommError failed (PermissionError(13, 'Accesso negato.', None, 5))
2026-06-05 10:24:56,852 [ERROR] Errore lettura: ClearCommError failed (PermissionError(13, 'Accesso negato.', None, 5))
2026-06-05 10:24:57,354 [ERROR] Errore lettura: ClearCommError failed (PermissionError(13, 'Accesso negato.', None, 5))
2026-06-05 10:24:57,856 [ERROR] Errore lettura: ClearCommError failed (PermissionError(13, 'Accesso negato.', None, 5))
2026-06-05 10:24:58,358 [ERROR] Errore lettura: ClearCommError failed (PermissionError(13, 'Accesso negato.', None, 5))
2026-06-05 10:24:58,860 [ERROR] Errore lettura: ClearCommError failed (PermissionError(13, 'Accesso negato.', None, 5))
2026-06-05 10:24:59,361 [ERROR] Errore lettura: ClearCommError failed (PermissionError(13, 'Accesso negato.', None, 5))
2026-06-05 10:24:59,865 [ERROR] Errore lettura: ClearCommError failed (PermissionError(13, 'Accesso negato.', None, 5))
2026-06-05 10:25:00,367 [ERROR] Errore lettura: ClearCommError failed (PermissionError(13, 'Accesso negato.', None, 5))
2026-06-05 10:25:00,869 [ERROR] Errore lettura: ClearCommError failed (PermissionError(13, 'Accesso negato.', None, 5))
2026-06-05 10:25:01,402 [ERROR] Errore lettura: ClearCommError failed (PermissionError(13, 'Accesso negato.', None, 5))
2026-06-05 10:25:01,909 [ERROR] Errore lettura: ClearCommError failed (PermissionError(13, 'Accesso negato.', None, 5))
2026-06-05 10:25:02,411 [ERROR] Errore lettura: ClearCommError failed (PermissionError(13, 'Accesso negato.', None, 5))
2026-06-05 10:25:02,914 [ERROR] Errore lettura: ClearCommError failed (PermissionError(13, 'Accesso negato.', None, 5))
2026-06-05 10:25:03,416 [ERROR] Errore lettura: ClearCommError failed (PermissionError(13, 'Accesso negato.', None, 5))
2026-06-05 10:25:03,918 [ERROR] Errore lettura: ClearCommError failed (PermissionError(13, 'Accesso negato.', None, 5))
2026-06-05 10:25:04,420 [ERROR] Errore lettura: ClearCommError failed (PermissionError(13, 'Accesso negato.', None, 5))
2026-06-05 10:25:04,923 [ERROR] Errore lettura: ClearCommError failed (PermissionError(13, 'Accesso negato.', None, 5))
2026-06-05 10:25:05,424 [ERROR] Errore lettura: ClearCommError failed (PermissionError(13, 'Accesso negato.', None, 5))
2026-06-05 10:25:05,926 [ERROR] Errore lettura: ClearCommError failed (PermissionError(13, 'Accesso negato.', None, 5))
2026-06-05 10:25:06,429 [ERROR] Errore lettura: ClearCommError failed (PermissionError(13, 'Accesso negato.', None, 5))
2026-06-05 10:25:06,931 [ERROR] Errore lettura: ClearCommError failed (PermissionError(13, 'Accesso negato.', None, 5))
2026-06-05 10:25:07,433 [ERROR] Errore lettura: ClearCommError failed (PermissionError(13, 'Accesso negato.', None, 5))
2026-06-05 10:25:07,936 [ERROR] Errore lettura: ClearCommError failed (PermissionError(13, 'Accesso negato.', None, 5))
2026-06-05 10:25:08,438 [ERROR] Errore lettura: ClearCommError failed (PermissionError(13, 'Accesso negato.', None, 5))
2026-06-05 10:25:08,940 [ERROR] Errore lettura: ClearCommError failed (PermissionError(13, 'Accesso negato.', None, 5))
2026-06-05 10:25:09,444 [ERROR] Errore lettura: ClearCommError failed (PermissionError(13, 'Accesso negato.', None, 5))
2026-06-05 10:25:09,946 [ERROR] Errore lettura: ClearCommError failed (PermissionError(13, 'Accesso negato.', None, 5))
2026-06-05 10:25:10,449 [ERROR] Errore lettura: ClearCommError failed (PermissionError(13, 'Accesso negato.', None, 5))
2026-06-05 10:25:10,951 [ERROR] Errore lettura: ClearCommError failed (PermissionError(13, 'Accesso negato.', None, 5))
2026-06-05 10:25:11,454 [ERROR] Errore lettura: ClearCommError failed (PermissionError(13, 'Accesso negato.', None, 5))
2026-06-05 10:25:11,956 [ERROR] Errore lettura: ClearCommError failed (PermissionError(13, 'Accesso negato.', None, 5))
2026-06-05 10:25:12,460 [ERROR] Errore lettura: ClearCommError failed (PermissionError(13, 'Accesso negato.', None, 5))
2026-06-05 10:25:12,962 [ERROR] Errore lettura: ClearCommError failed (PermissionError(13, 'Accesso negato.', None, 5))
2026-06-05 10:25:13,464 [ERROR] Errore lettura: ClearCommError failed (PermissionError(13, 'Accesso negato.', None, 5))
2026-06-05 10:25:13,966 [ERROR] Errore lettura: ClearCommError failed (PermissionError(13, 'Accesso negato.', None, 5))
2026-06-05 10:25:14,469 [ERROR] Errore lettura: ClearCommError failed (PermissionError(13, 'Accesso negato.', None, 5))
2026-06-05 10:25:14,972 [ERROR] Errore lettura: ClearCommError failed (PermissionError(13, 'Accesso negato.', None, 5))
2026-06-05 10:25:15,475 [ERROR] Errore lettura: ClearCommError failed (PermissionError(13, 'Accesso negato.', None, 5))
2026-06-05 10:25:15,978 [ERROR] Errore lettura: ClearCommError failed (PermissionError(13, 'Accesso negato.', None, 5))
2026-06-05 10:25:16,480 [ERROR] Errore lettura: ClearCommError failed (PermissionError(13, 'Accesso negato.', None, 5))
2026-06-05 10:25:16,982 [ERROR] Errore lettura: ClearCommError failed (PermissionError(13, 'Accesso negato.', None, 5))
2026-06-05 10:25:17,485 [ERROR] Errore lettura: ClearCommError failed (PermissionError(13, 'Accesso negato.', None, 5))
2026-06-05 10:25:17,988 [ERROR] Errore lettura: ClearCommError failed (PermissionError(13, 'Accesso negato.', None, 5))
2026-06-05 10:25:18,490 [ERROR] Errore lettura: ClearCommError failed (PermissionError(13, 'Accesso negato.', None, 5))
2026-06-05 10:25:18,992 [ERROR] Errore lettura: ClearCommError failed (PermissionError(13, 'Accesso negato.', None, 5))
2026-06-05 10:25:19,494 [ERROR] Errore lettura: ClearCommError failed (PermissionError(13, 'Accesso negato.', None, 5))
2026-06-05 10:25:19,997 [ERROR] Errore lettura: ClearCommError failed (PermissionError(13, 'Accesso negato.', None, 5))
2026-06-05 10:25:20,499 [ERROR] Errore lettura: ClearCommError failed (PermissionError(13, 'Accesso negato.', None, 5))
2026-06-05 10:25:21,003 [ERROR] Errore lettura: ClearCommError failed (PermissionError(13, 'Accesso negato.', None, 5))
2026-06-05 10:25:21,506 [ERROR] Errore lettura: ClearCommError failed (PermissionError(13, 'Accesso negato.', None, 5))
2026-06-05 10:25:22,008 [ERROR] Errore lettura: ClearCommError failed (PermissionError(13, 'Accesso negato.', None, 5))
2026-06-05 10:25:22,511 [ERROR] Errore lettura: ClearCommError failed (PermissionError(13, 'Accesso negato.', None, 5))
2026-06-05 10:25:23,013 [ERROR] Errore lettura: ClearCommError failed (PermissionError(13, 'Accesso negato.', None, 5))
2026-06-05 10:25:23,516 [ERROR] Errore lettura: ClearCommError failed (PermissionError(13, 'Accesso negato.', None, 5))
2026-06-05 10:25:24,021 [ERROR] Errore lettura: ClearCommError failed (PermissionError(13, 'Accesso negato.', None, 5))
2026-06-05 10:25:24,523 [ERROR] Errore lettura: ClearCommError failed (PermissionError(13, 'Accesso negato.', None, 5))
2026-06-05 10:25:25,025 [ERROR] Errore lettura: ClearCommError failed (PermissionError(13, 'Accesso negato.', None, 5))
2026-06-05 10:25:25,528 [ERROR] Errore lettura: ClearCommError failed (PermissionError(13, 'Accesso negato.', None, 5))
2026-06-05 10:25:26,030 [ERROR] Errore lettura: ClearCommError failed (PermissionError(13, 'Accesso negato.', None, 5))
2026-06-05 10:25:26,534 [ERROR] Errore lettura: ClearCommError failed (PermissionError(13, 'Accesso negato.', None, 5))
2026-06-05 10:25:27,037 [ERROR] Errore lettura: ClearCommError failed (PermissionError(13, 'Accesso negato.', None, 5))
2026-06-05 10:25:27,539 [ERROR] Errore lettura: ClearCommError failed (PermissionError(13, 'Accesso negato.', None, 5))
2026-06-05 10:25:28,042 [ERROR] Errore lettura: ClearCommError failed (PermissionError(13, 'Accesso negato.', None, 5))
2026-06-05 10:25:28,544 [ERROR] Errore lettura: ClearCommError failed (PermissionError(13, 'Accesso negato.', None, 5))
2026-06-05 10:25:29,047 [ERROR] Errore lettura: ClearCommError failed (PermissionError(13, 'Accesso negato.', None, 5))
2026-06-05 10:25:29,551 [ERROR] Errore lettura: ClearCommError failed (PermissionError(13, 'Accesso negato.', None, 5))
2026-06-05 10:25:30,053 [ERROR] Errore lettura: ClearCommError failed (PermissionError(13, 'Accesso negato.', None, 5))
2026-06-05 10:25:30,556 [ERROR] Errore lettura: ClearCommError failed (PermissionError(13, 'Accesso negato.', None, 5))
2026-06-05 10:25:31,059 [ERROR] Errore lettura: ClearCommError failed (PermissionError(13, 'Accesso negato.', None, 5))
2026-06-05 10:25:31,560 [ERROR] Errore lettura: ClearCommError failed (PermissionError(13, 'Accesso negato.', None, 5))
2026-06-05 10:25:32,062 [ERROR] Errore lettura: ClearCommError failed (PermissionError(13, 'Accesso negato.', None, 5))
2026-06-05 10:25:32,564 [ERROR] Errore lettura: ClearCommError failed (PermissionError(13, 'Accesso negato.', None, 5))
2026-06-05 10:25:33,066 [ERROR] Errore lettura: ClearCommError failed (PermissionError(13, 'Accesso negato.', None, 5))
2026-06-05 10:25:33,569 [ERROR] Errore lettura: ClearCommError failed (PermissionError(13, 'Accesso negato.', None, 5))
2026-06-05 10:25:34,078 [ERROR] Errore lettura: ClearCommError failed (PermissionError(13, 'Accesso negato.', None, 5))
2026-06-05 10:25:34,581 [ERROR] Errore lettura: ClearCommError failed (PermissionError(13, 'Accesso negato.', None, 5))
2026-06-05 10:25:35,087 [ERROR] Errore lettura: ClearCommError failed (PermissionError(13, 'Accesso negato.', None, 5))
2026-06-05 10:25:35,590 [ERROR] Errore lettura: ClearCommError failed (PermissionError(13, 'Accesso negato.', None, 5))
2026-06-05 10:25:36,091 [ERROR] Errore lettura: ClearCommError failed (PermissionError(13, 'Accesso negato.', None, 5))
2026-06-05 10:25:36,593 [ERROR] Errore lettura: ClearCommError failed (PermissionError(13, 'Accesso negato.', None, 5))
2026-06-05 10:25:37,097 [ERROR] Errore lettura: ClearCommError failed (PermissionError(13, 'Accesso negato.', None, 5))
2026-06-05 10:25:37,599 [ERROR] Errore lettura: ClearCommError failed (PermissionError(13, 'Accesso negato.', None, 5))
2026-06-05 10:25:38,101 [ERROR] Errore lettura: ClearCommError failed (PermissionError(13, 'Accesso negato.', None, 5))
2026-06-05 10:25:38,603 [ERROR] Errore lettura: ClearCommError failed (PermissionError(13, 'Accesso negato.', None, 5))
2026-06-05 10:25:39,105 [ERROR] Errore lettura: ClearCommError failed (PermissionError(13, 'Accesso negato.', None, 5))
2026-06-05 10:25:39,607 [ERROR] Errore lettura: ClearCommError failed (PermissionError(13, 'Accesso negato.', None, 5))
2026-06-05 10:25:40,110 [ERROR] Errore lettura: ClearCommError failed (PermissionError(13, 'Accesso negato.', None, 5))
2026-06-05 10:25:40,614 [ERROR] Errore lettura: ClearCommError failed (PermissionError(13, 'Accesso negato.', None, 5))
2026-06-05 10:25:41,116 [ERROR] Errore lettura: ClearCommError failed (PermissionError(13, 'Accesso negato.', None, 5))
2026-06-05 10:25:41,618 [ERROR] Errore lettura: ClearCommError failed (PermissionError(13, 'Accesso negato.', None, 5))
2026-06-05 10:25:42,121 [ERROR] Errore lettura: ClearCommError failed (PermissionError(13, 'Accesso negato.', None, 5))
2026-06-05 10:25:42,622 [ERROR] Errore lettura: ClearCommError failed (PermissionError(13, 'Accesso negato.', None, 5))
2026-06-05 10:25:43,124 [ERROR] Errore lettura: ClearCommError failed (PermissionError(13, 'Accesso negato.', None, 5))
2026-06-05 10:25:43,649 [ERROR] Errore lettura: ClearCommError failed (PermissionError(13, 'Accesso negato.', None, 5))
2026-06-05 10:25:44,151 [ERROR] Errore lettura: ClearCommError failed (PermissionError(13, 'Accesso negato.', None, 5))
2026-06-05 10:25:44,653 [ERROR] Errore lettura: ClearCommError failed (PermissionError(13, 'Accesso negato.', None, 5))
2026-06-05 10:25:45,156 [ERROR] Errore lettura: ClearCommError failed (PermissionError(13, 'Accesso negato.', None, 5))
2026-06-05 10:25:45,660 [ERROR] Errore lettura: ClearCommError failed (PermissionError(13, 'Accesso negato.', None, 5))
2026-06-05 10:25:46,162 [ERROR] Errore lettura: ClearCommError failed (PermissionError(13, 'Accesso negato.', None, 5))
2026-06-05 10:25:46,665 [ERROR] Errore lettura: ClearCommError failed (PermissionError(13, 'Accesso negato.', None, 5))
2026-06-05 10:25:47,167 [ERROR] Errore lettura: ClearCommError failed (PermissionError(13, 'Accesso negato.', None, 5))
2026-06-05 10:25:47,670 [ERROR] Errore lettura: ClearCommError failed (PermissionError(13, 'Accesso negato.', None, 5))
2026-06-05 10:25:48,176 [ERROR] Errore lettura: ClearCommError failed (PermissionError(13, 'Accesso negato.', None, 5))
2026-06-05 10:25:48,679 [ERROR] Errore lettura: ClearCommError failed (PermissionError(13, 'Accesso negato.', None, 5))
2026-06-05 10:25:49,180 [ERROR] Errore lettura: ClearCommError failed (PermissionError(13, 'Accesso negato.', None, 5))
2026-06-05 10:25:49,682 [ERROR] Errore lettura: ClearCommError failed (PermissionError(13, 'Accesso negato.', None, 5))
2026-06-05 10:25:50,184 [ERROR] Errore lettura: ClearCommError failed (PermissionError(13, 'Accesso negato.', None, 5))
2026-06-05 10:25:50,687 [ERROR] Errore lettura: ClearCommError failed (PermissionError(13, 'Accesso negato.', None, 5))
2026-06-05 10:25:51,191 [ERROR] Errore lettura: ClearCommError failed (PermissionError(13, 'Accesso negato.', None, 5))
2026-06-05 10:25:51,693 [ERROR] Errore lettura: ClearCommError failed (PermissionError(13, 'Accesso negato.', None, 5))
2026-06-05 10:25:52,195 [ERROR] Errore lettura: ClearCommError failed (PermissionError(13, 'Accesso negato.', None, 5))
2026-06-05 10:25:52,697 [ERROR] Errore lettura: ClearCommError failed (PermissionError(13, 'Accesso negato.', None, 5))
2026-06-05 10:25:53,199 [ERROR] Errore lettura: ClearCommError failed (PermissionError(13, 'Accesso negato.', None, 5))
2026-06-05 10:25:53,701 [ERROR] Errore lettura: ClearCommError failed (PermissionError(13, 'Accesso negato.', None, 5))
2026-06-05 10:25:54,203 [ERROR] Errore lettura: ClearCommError failed (PermissionError(13, 'Accesso negato.', None, 5))
2026-06-05 10:25:54,705 [ERROR] Errore lettura: ClearCommError failed (PermissionError(13, 'Accesso negato.', None, 5))
2026-06-05 10:25:55,208 [ERROR] Errore lettura: ClearCommError failed (PermissionError(13, 'Accesso negato.', None, 5))
2026-06-05 10:25:55,710 [ERROR] Errore lettura: ClearCommError failed (PermissionError(13, 'Accesso negato.', None, 5))
2026-06-05 10:25:56,212 [ERROR] Errore lettura: ClearCommError failed (PermissionError(13, 'Accesso negato.', None, 5))
2026-06-05 10:25:56,714 [ERROR] Errore lettura: ClearCommError failed (PermissionError(13, 'Accesso negato.', None, 5))
2026-06-05 10:25:57,220 [ERROR] Errore lettura: ClearCommError failed (PermissionError(13, 'Accesso negato.', None, 5))
2026-06-05 10:25:57,724 [ERROR] Errore lettura: ClearCommError failed (PermissionError(13, 'Accesso negato.', None, 5))
2026-06-05 10:25:58,226 [ERROR] Errore lettura: ClearCommError failed (PermissionError(13, 'Accesso negato.', None, 5))
2026-06-05 10:25:58,729 [ERROR] Errore lettura: ClearCommError failed (PermissionError(13, 'Accesso negato.', None, 5))
2026-06-05 10:25:59,231 [ERROR] Errore lettura: ClearCommError failed (PermissionError(13, 'Accesso negato.', None, 5))
2026-06-05 10:25:59,735 [ERROR] Errore lettura: ClearCommError failed (PermissionError(13, 'Accesso negato.', None, 5))
2026-06-05 10:26:00,237 [ERROR] Errore lettura: ClearCommError failed (PermissionError(13, 'Accesso negato.', None, 5))
2026-06-05 10:26:00,739 [ERROR] Errore lettura: ClearCommError failed (PermissionError(13, 'Accesso negato.', None, 5))
2026-06-05 10:26:01,241 [ERROR] Errore lettura: ClearCommError failed (PermissionError(13, 'Accesso negato.', None, 5))
2026-06-05 10:26:01,743 [ERROR] Errore lettura: ClearCommError failed (PermissionError(13, 'Accesso negato.', None, 5))
2026-06-05 10:26:02,246 [ERROR] Errore lettura: ClearCommError failed (PermissionError(13, 'Accesso negato.', None, 5))
2026-06-05 10:26:02,750 [ERROR] Errore lettura: ClearCommError failed (PermissionError(13, 'Accesso negato.', None, 5))
2026-06-05 10:26:03,252 [ERROR] Errore lettura: ClearCommError failed (PermissionError(13, 'Accesso negato.', None, 5))
2026-06-05 10:26:03,755 [ERROR] Errore lettura: ClearCommError failed (PermissionError(13, 'Accesso negato.', None, 5))
2026-06-05 10:26:04,257 [ERROR] Errore lettura: ClearCommError failed (PermissionError(13, 'Accesso negato.', None, 5))
2026-06-05 10:26:04,759 [ERROR] Errore lettura: ClearCommError failed (PermissionError(13, 'Accesso negato.', None, 5))
2026-06-05 10:26:05,261 [ERROR] Errore lettura: ClearCommError failed (PermissionError(13, 'Accesso negato.', None, 5))
2026-06-05 10:26:05,775 [ERROR] Errore lettura: ClearCommError failed (PermissionError(13, 'Accesso negato.', None, 5))
2026-06-05 10:26:06,305 [ERROR] Errore lettura: ClearCommError failed (PermissionError(13, 'Accesso negato.', None, 5))
2026-06-05 10:26:06,840 [ERROR] Errore lettura: ClearCommError failed (PermissionError(13, 'Accesso negato.', None, 5))
2026-06-05 10:26:07,344 [ERROR] Errore lettura: ClearCommError failed (PermissionError(13, 'Accesso negato.', None, 5))
2026-06-05 10:26:07,864 [ERROR] Errore lettura: ClearCommError failed (PermissionError(13, 'Accesso negato.', None, 5))
2026-06-05 10:26:08,387 [ERROR] Errore lettura: ClearCommError failed (PermissionError(13, 'Accesso negato.', None, 5))
2026-06-05 10:26:08,894 [ERROR] Errore lettura: ClearCommError failed (PermissionError(13, 'Accesso negato.', None, 5))
2026-06-05 10:26:09,397 [ERROR] Errore lettura: ClearCommError failed (PermissionError(13, 'Accesso negato.', None, 5))
2026-06-05 10:26:09,899 [ERROR] Errore lettura: ClearCommError failed (PermissionError(13, 'Accesso negato.', None, 5))
2026-06-05 10:26:10,401 [ERROR] Errore lettura: ClearCommError failed (PermissionError(13, 'Accesso negato.', None, 5))
2026-06-05 10:26:10,923 [ERROR] Errore lettura: ClearCommError failed (PermissionError(13, 'Accesso negato.', None, 5))
2026-06-05 10:26:11,425 [ERROR] Errore lettura: ClearCommError failed (PermissionError(13, 'Accesso negato.', None, 5))
2026-06-05 10:26:11,929 [ERROR] Errore lettura: ClearCommError failed (PermissionError(13, 'Accesso negato.', None, 5))
2026-06-05 10:26:12,431 [ERROR] Errore lettura: ClearCommError failed (PermissionError(13, 'Accesso negato.', None, 5))
2026-06-05 10:26:12,934 [ERROR] Errore lettura: ClearCommError failed (PermissionError(13, 'Accesso negato.', None, 5))
2026-06-05 10:26:13,437 [ERROR] Errore lettura: ClearCommError failed (PermissionError(13, 'Accesso negato.', None, 5))
2026-06-05 10:26:13,939 [ERROR] Errore lettura: ClearCommError failed (PermissionError(13, 'Accesso negato.', None, 5))
2026-06-05 10:26:14,440 [ERROR] Errore lettura: ClearCommError failed (PermissionError(13, 'Accesso negato.', None, 5))
2026-06-05 10:26:14,942 [ERROR] Errore lettura: ClearCommError failed (PermissionError(13, 'Accesso negato.', None, 5))
2026-06-05 10:26:15,445 [ERROR] Errore lettura: ClearCommError failed (PermissionError(13, 'Accesso negato.', None, 5))
2026-06-05 10:26:15,947 [ERROR] Errore lettura: ClearCommError failed (PermissionError(13, 'Accesso negato.', None, 5))
2026-06-05 10:26:16,449 [ERROR] Errore lettura: ClearCommError failed (PermissionError(13, 'Accesso negato.', None, 5))
2026-06-05 10:26:16,951 [ERROR] Errore lettura: ClearCommError failed (PermissionError(13, 'Accesso negato.', None, 5))
2026-06-05 10:26:17,453 [ERROR] Errore lettura: ClearCommError failed (PermissionError(13, 'Accesso negato.', None, 5))
2026-06-05 10:26:17,955 [ERROR] Errore lettura: ClearCommError failed (PermissionError(13, 'Accesso negato.', None, 5))
2026-06-05 10:26:18,458 [ERROR] Errore lettura: ClearCommError failed (PermissionError(13, 'Accesso negato.', None, 5))
2026-06-05 10:26:18,961 [ERROR] Errore lettura: ClearCommError failed (PermissionError(13, 'Accesso negato.', None, 5))
2026-06-05 10:26:19,463 [ERROR] Errore lettura: ClearCommError failed (PermissionError(13, 'Accesso negato.', None, 5))
2026-06-05 10:26:19,966 [ERROR] Errore lettura: ClearCommError failed (PermissionError(13, 'Accesso negato.', None, 5))
2026-06-05 10:26:20,469 [ERROR] Errore lettura: ClearCommError failed (PermissionError(13, 'Accesso negato.', None, 5))
2026-06-05 10:26:20,970 [ERROR] Errore lettura: ClearCommError failed (PermissionError(13, 'Accesso negato.', None, 5))
2026-06-05 10:26:21,474 [ERROR] Errore lettura: ClearCommError failed (PermissionError(13, 'Accesso negato.', None, 5))
2026-06-05 10:26:21,976 [ERROR] Errore lettura: ClearCommError failed (PermissionError(13, 'Accesso negato.', None, 5))
2026-06-05 10:26:22,479 [ERROR] Errore lettura: ClearCommError failed (PermissionError(13, 'Accesso negato.', None, 5))
2026-06-05 10:26:22,981 [ERROR] Errore lettura: ClearCommError failed (PermissionError(13, 'Accesso negato.', None, 5))
2026-06-05 10:26:23,483 [ERROR] Errore lettura: ClearCommError failed (PermissionError(13, 'Accesso negato.', None, 5))
2026-06-05 10:26:23,985 [ERROR] Errore lettura: ClearCommError failed (PermissionError(13, 'Accesso negato.', None, 5))
2026-06-05 10:26:24,489 [ERROR] Errore lettura: ClearCommError failed (PermissionError(13, 'Accesso negato.', None, 5))
2026-06-05 10:26:24,991 [ERROR] Errore lettura: ClearCommError failed (PermissionError(13, 'Accesso negato.', None, 5))
2026-06-05 10:26:25,493 [ERROR] Errore lettura: ClearCommError failed (PermissionError(13, 'Accesso negato.', None, 5))
2026-06-05 10:26:25,995 [ERROR] Errore lettura: ClearCommError failed (PermissionError(13, 'Accesso negato.', None, 5))
2026-06-05 10:26:26,497 [ERROR] Errore lettura: ClearCommError failed (PermissionError(13, 'Accesso negato.', None, 5))
2026-06-05 10:26:26,999 [ERROR] Errore lettura: ClearCommError failed (PermissionError(13, 'Accesso negato.', None, 5))
2026-06-05 10:26:27,502 [ERROR] Errore lettura: ClearCommError failed (PermissionError(13, 'Accesso negato.', None, 5))
2026-06-05 10:26:28,006 [ERROR] Errore lettura: ClearCommError failed (PermissionError(13, 'Accesso negato.', None, 5))
2026-06-05 10:26:28,508 [ERROR] Errore lettura: ClearCommError failed (PermissionError(13, 'Accesso negato.', None, 5))
2026-06-05 10:26:29,010 [ERROR] Errore lettura: ClearCommError failed (PermissionError(13, 'Accesso negato.', None, 5))
2026-06-05 10:26:29,512 [ERROR] Errore lettura: ClearCommError failed (PermissionError(13, 'Accesso negato.', None, 5))
2026-06-05 10:26:30,014 [ERROR] Errore lettura: ClearCommError failed (PermissionError(13, 'Accesso negato.', None, 5))
2026-06-05 10:26:30,516 [ERROR] Errore lettura: ClearCommError failed (PermissionError(13, 'Accesso negato.', None, 5))
2026-06-05 10:26:31,021 [ERROR] Errore lettura: ClearCommError failed (PermissionError(13, 'Accesso negato.', None, 5))
2026-06-05 10:26:31,523 [ERROR] Errore lettura: ClearCommError failed (PermissionError(13, 'Accesso negato.', None, 5))
2026-06-05 10:26:32,026 [ERROR] Errore lettura: ClearCommError failed (PermissionError(13, 'Accesso negato.', None, 5))
2026-06-05 10:26:32,528 [ERROR] Errore lettura: ClearCommError failed (PermissionError(13, 'Accesso negato.', None, 5))
2026-06-05 10:26:33,030 [ERROR] Errore lettura: ClearCommError failed (PermissionError(13, 'Accesso negato.', None, 5))
2026-06-05 10:26:33,534 [ERROR] Errore lettura: ClearCommError failed (PermissionError(13, 'Accesso negato.', None, 5))
2026-06-05 10:26:34,037 [ERROR] Errore lettura: ClearCommError failed (PermissionError(13, 'Accesso negato.', None, 5))
2026-06-05 10:26:34,538 [ERROR] Errore lettura: ClearCommError failed (PermissionError(13, 'Accesso negato.', None, 5))
2026-06-05 10:26:35,041 [ERROR] Errore lettura: ClearCommError failed (PermissionError(13, 'Accesso negato.', None, 5))
2026-06-05 10:26:35,543 [ERROR] Errore lettura: ClearCommError failed (PermissionError(13, 'Accesso negato.', None, 5))
2026-06-05 10:26:36,046 [ERROR] Errore lettura: ClearCommError failed (PermissionError(13, 'Accesso negato.', None, 5))
2026-06-05 10:26:36,548 [ERROR] Errore lettura: ClearCommError failed (PermissionError(13, 'Accesso negato.', None, 5))
2026-06-05 10:26:37,053 [ERROR] Errore lettura: ClearCommError failed (PermissionError(13, 'Accesso negato.', None, 5))
2026-06-05 10:26:37,555 [ERROR] Errore lettura: ClearCommError failed (PermissionError(13, 'Accesso negato.', None, 5))
2026-06-05 10:26:38,057 [ERROR] Errore lettura: ClearCommError failed (PermissionError(13, 'Accesso negato.', None, 5))
2026-06-05 10:26:38,560 [ERROR] Errore lettura: ClearCommError failed (PermissionError(13, 'Accesso negato.', None, 5))
2026-06-05 10:26:39,063 [ERROR] Errore lettura: ClearCommError failed (PermissionError(13, 'Accesso negato.', None, 5))
2026-06-05 10:26:39,565 [ERROR] Errore lettura: ClearCommError failed (PermissionError(13, 'Accesso negato.', None, 5))
2026-06-05 10:26:40,068 [ERROR] Errore lettura: ClearCommError failed (PermissionError(13, 'Accesso negato.', None, 5))
2026-06-05 10:26:40,571 [ERROR] Errore lettura: ClearCommError failed (PermissionError(13, 'Accesso negato.', None, 5))
2026-06-05 10:26:41,074 [ERROR] Errore lettura: ClearCommError failed (PermissionError(13, 'Accesso negato.', None, 5))
2026-06-05 10:26:41,575 [ERROR] Errore lettura: ClearCommError failed (PermissionError(13, 'Accesso negato.', None, 5))
2026-06-05 10:26:42,077 [ERROR] Errore lettura: ClearCommError failed (PermissionError(13, 'Accesso negato.', None, 5))
2026-06-05 10:26:42,580 [ERROR] Errore lettura: ClearCommError failed (PermissionError(13, 'Accesso negato.', None, 5))
2026-06-05 10:26:43,082 [ERROR] Errore lettura: ClearCommError failed (PermissionError(13, 'Accesso negato.', None, 5))
2026-06-05 10:26:43,584 [ERROR] Errore lettura: ClearCommError failed (PermissionError(13, 'Accesso negato.', None, 5))
2026-06-05 10:26:44,086 [ERROR] Errore lettura: ClearCommError failed (PermissionError(13, 'Accesso negato.', None, 5))
2026-06-05 10:26:44,587 [ERROR] Errore lettura: ClearCommError failed (PermissionError(13, 'Accesso negato.', None, 5))
2026-06-05 10:26:45,089 [ERROR] Errore lettura: ClearCommError failed (PermissionError(13, 'Accesso negato.', None, 5))
2026-06-05 10:26:45,591 [ERROR] Errore lettura: ClearCommError failed (PermissionError(13, 'Accesso negato.', None, 5))
2026-06-05 10:26:46,094 [ERROR] Errore lettura: ClearCommError failed (PermissionError(13, 'Accesso negato.', None, 5))
2026-06-05 10:26:46,597 [ERROR] Errore lettura: ClearCommError failed (PermissionError(13, 'Accesso negato.', None, 5))
2026-06-05 10:26:47,099 [ERROR] Errore lettura: ClearCommError failed (PermissionError(13, 'Accesso negato.', None, 5))
2026-06-05 10:26:47,601 [ERROR] Errore lettura: ClearCommError failed (PermissionError(13, 'Accesso negato.', None, 5))
2026-06-05 10:26:48,103 [ERROR] Errore lettura: ClearCommError failed (PermissionError(13, 'Accesso negato.', None, 5))
2026-06-05 10:26:48,605 [ERROR] Errore lettura: ClearCommError failed (PermissionError(13, 'Accesso negato.', None, 5))
2026-06-05 10:26:49,107 [ERROR] Errore lettura: ClearCommError failed (PermissionError(13, 'Accesso negato.', None, 5))
2026-06-05 10:26:49,625 [ERROR] Errore lettura: ClearCommError failed (PermissionError(13, 'Accesso negato.', None, 5))
2026-06-05 10:26:50,132 [ERROR] Errore lettura: ClearCommError failed (PermissionError(13, 'Accesso negato.', None, 5))
2026-06-05 10:26:50,634 [ERROR] Errore lettura: ClearCommError failed (PermissionError(13, 'Accesso negato.', None, 5))
2026-06-05 10:26:51,136 [ERROR] Errore lettura: ClearCommError failed (PermissionError(13, 'Accesso negato.', None, 5))
2026-06-05 10:26:51,639 [ERROR] Errore lettura: ClearCommError failed (PermissionError(13, 'Accesso negato.', None, 5))
2026-06-05 10:26:52,143 [ERROR] Errore lettura: ClearCommError failed (PermissionError(13, 'Accesso negato.', None, 5))
2026-06-05 10:26:52,645 [ERROR] Errore lettura: ClearCommError failed (PermissionError(13, 'Accesso negato.', None, 5))
2026-06-05 10:26:53,171 [ERROR] Errore lettura: ClearCommError failed (PermissionError(13, 'Accesso negato.', None, 5))
2026-06-05 10:26:53,673 [ERROR] Errore lettura: ClearCommError failed (PermissionError(13, 'Accesso negato.', None, 5))
2026-06-05 10:26:54,177 [ERROR] Errore lettura: ClearCommError failed (PermissionError(13, 'Accesso negato.', None, 5))
2026-06-05 10:26:54,720 [ERROR] Errore lettura: ClearCommError failed (PermissionError(13, 'Accesso negato.', None, 5))
2026-06-05 10:26:55,223 [ERROR] Errore lettura: ClearCommError failed (PermissionError(13, 'Accesso negato.', None, 5))
2026-06-05 10:26:55,726 [ERROR] Errore lettura: ClearCommError failed (PermissionError(13, 'Accesso negato.', None, 5))
2026-06-05 10:26:56,242 [ERROR] Errore lettura: ClearCommError failed (PermissionError(13, 'Accesso negato.', None, 5))
2026-06-05 10:26:56,762 [ERROR] Errore lettura: ClearCommError failed (PermissionError(13, 'Accesso negato.', None, 5))
2026-06-05 10:26:57,268 [ERROR] Errore lettura: ClearCommError failed (PermissionError(13, 'Accesso negato.', None, 5))
2026-06-05 10:26:57,776 [ERROR] Errore lettura: ClearCommError failed (PermissionError(13, 'Accesso negato.', None, 5))
2026-06-05 10:26:58,279 [ERROR] Errore lettura: ClearCommError failed (PermissionError(13, 'Accesso negato.', None, 5))
2026-06-05 10:26:58,781 [ERROR] Errore lettura: ClearCommError failed (PermissionError(13, 'Accesso negato.', None, 5))
2026-06-05 10:26:59,285 [ERROR] Errore lettura: ClearCommError failed (PermissionError(13, 'Accesso negato.', None, 5))
2026-06-05 10:26:59,787 [ERROR] Errore lettura: ClearCommError failed (PermissionError(13, 'Accesso negato.', None, 5))
2026-06-05 10:27:00,289 [ERROR] Errore lettura: ClearCommError failed (PermissionError(13, 'Accesso negato.', None, 5))
2026-06-05 10:27:00,791 [ERROR] Errore lettura: ClearCommError failed (PermissionError(13, 'Accesso negato.', None, 5))
2026-06-05 10:27:01,293 [ERROR] Errore lettura: ClearCommError failed (PermissionError(13, 'Accesso negato.', None, 5))
2026-06-05 10:27:01,796 [ERROR] Errore lettura: ClearCommError failed (PermissionError(13, 'Accesso negato.', None, 5))
2026-06-05 10:27:02,298 [ERROR] Errore lettura: ClearCommError failed (PermissionError(13, 'Accesso negato.', None, 5))
2026-06-05 10:27:02,799 [ERROR] Errore lettura: ClearCommError failed (PermissionError(13, 'Accesso negato.', None, 5))
2026-06-05 10:27:03,301 [ERROR] Errore lettura: ClearCommError failed (PermissionError(13, 'Accesso negato.', None, 5))
2026-06-05 10:27:03,803 [ERROR] Errore lettura: ClearCommError failed (PermissionError(13, 'Accesso negato.', None, 5))
2026-06-05 10:27:04,305 [ERROR] Errore lettura: ClearCommError failed (PermissionError(13, 'Accesso negato.', None, 5))
2026-06-05 10:27:04,807 [ERROR] Errore lettura: ClearCommError failed (PermissionError(13, 'Accesso negato.', None, 5))
2026-06-05 10:27:05,309 [ERROR] Errore lettura: ClearCommError failed (PermissionError(13, 'Accesso negato.', None, 5))
2026-06-05 10:27:05,811 [ERROR] Errore lettura: ClearCommError failed (PermissionError(13, 'Accesso negato.', None, 5))
2026-06-05 10:27:06,313 [ERROR] Errore lettura: ClearCommError failed (PermissionError(13, 'Accesso negato.', None, 5))
2026-06-05 10:27:06,815 [ERROR] Errore lettura: ClearCommError failed (PermissionError(13, 'Accesso negato.', None, 5))
2026-06-05 10:27:07,318 [ERROR] Errore lettura: ClearCommError failed (PermissionError(13, 'Accesso negato.', None, 5))
2026-06-05 10:27:07,820 [ERROR] Errore lettura: ClearCommError failed (PermissionError(13, 'Accesso negato.', None, 5))
2026-06-05 10:27:08,323 [ERROR] Errore lettura: ClearCommError failed (PermissionError(13, 'Accesso negato.', None, 5))
2026-06-05 10:27:08,825 [ERROR] Errore lettura: ClearCommError failed (PermissionError(13, 'Accesso negato.', None, 5))
2026-06-05 10:27:09,327 [ERROR] Errore lettura: ClearCommError failed (PermissionError(13, 'Accesso negato.', None, 5))
2026-06-05 10:27:09,835 [ERROR] Errore lettura: ClearCommError failed (PermissionError(13, 'Accesso negato.', None, 5))
2026-06-05 10:27:10,337 [ERROR] Errore lettura: ClearCommError failed (PermissionError(13, 'Accesso negato.', None, 5))
2026-06-05 10:27:10,840 [ERROR] Errore lettura: ClearCommError failed (PermissionError(13, 'Accesso negato.', None, 5))
2026-06-05 10:27:11,342 [ERROR] Errore lettura: ClearCommError failed (PermissionError(13, 'Accesso negato.', None, 5))
2026-06-05 10:27:11,845 [ERROR] Errore lettura: ClearCommError failed (PermissionError(13, 'Accesso negato.', None, 5))
2026-06-05 10:27:12,347 [ERROR] Errore lettura: ClearCommError failed (PermissionError(13, 'Accesso negato.', None, 5))
2026-06-05 10:27:12,849 [ERROR] Errore lettura: ClearCommError failed (PermissionError(13, 'Accesso negato.', None, 5))
2026-06-05 10:27:13,352 [ERROR] Errore lettura: ClearCommError failed (PermissionError(13, 'Accesso negato.', None, 5))
2026-06-05 10:27:13,854 [ERROR] Errore lettura: ClearCommError failed (PermissionError(13, 'Accesso negato.', None, 5))
2026-06-05 10:27:14,357 [ERROR] Errore lettura: ClearCommError failed (PermissionError(13, 'Accesso negato.', None, 5))
2026-06-05 10:27:14,859 [ERROR] Errore lettura: ClearCommError failed (PermissionError(13, 'Accesso negato.', None, 5))
2026-06-05 10:27:15,363 [ERROR] Errore lettura: ClearCommError failed (PermissionError(13, 'Accesso negato.', None, 5))
2026-06-05 10:27:15,865 [ERROR] Errore lettura: ClearCommError failed (PermissionError(13, 'Accesso negato.', None, 5))
2026-06-05 10:27:16,367 [ERROR] Errore lettura: ClearCommError failed (PermissionError(13, 'Accesso negato.', None, 5))
2026-06-05 10:27:16,869 [ERROR] Errore lettura: ClearCommError failed (PermissionError(13, 'Accesso negato.', None, 5))
2026-06-05 10:27:17,371 [ERROR] Errore lettura: ClearCommError failed (PermissionError(13, 'Accesso negato.', None, 5))
2026-06-05 10:27:17,873 [ERROR] Errore lettura: ClearCommError failed (PermissionError(13, 'Accesso negato.', None, 5))
2026-06-05 10:27:18,375 [ERROR] Errore lettura: ClearCommError failed (PermissionError(13, 'Accesso negato.', None, 5))
2026-06-05 10:27:18,878 [ERROR] Errore lettura: ClearCommError failed (PermissionError(13, 'Accesso negato.', None, 5))
2026-06-05 10:27:19,385 [ERROR] Errore lettura: ClearCommError failed (PermissionError(13, 'Accesso negato.', None, 5))
2026-06-05 10:27:19,888 [ERROR] Errore lettura: ClearCommError failed (PermissionError(13, 'Accesso negato.', None, 5))
2026-06-05 10:27:20,390 [ERROR] Errore lettura: ClearCommError failed (PermissionError(13, 'Accesso negato.', None, 5))
2026-06-05 10:27:20,892 [ERROR] Errore lettura: ClearCommError failed (PermissionError(13, 'Accesso negato.', None, 5))
2026-06-05 10:27:21,395 [ERROR] Errore lettura: ClearCommError failed (PermissionError(13, 'Accesso negato.', None, 5))
2026-06-05 10:27:21,897 [ERROR] Errore lettura: ClearCommError failed (PermissionError(13, 'Accesso negato.', None, 5))
2026-06-05 10:27:22,400 [ERROR] Errore lettura: ClearCommError failed (PermissionError(13, 'Accesso negato.', None, 5))
2026-06-05 10:27:22,902 [ERROR] Errore lettura: ClearCommError failed (PermissionError(13, 'Accesso negato.', None, 5))
2026-06-05 10:27:23,404 [ERROR] Errore lettura: ClearCommError failed (PermissionError(13, 'Accesso negato.', None, 5))
2026-06-05 10:27:23,905 [ERROR] Errore lettura: ClearCommError failed (PermissionError(13, 'Accesso negato.', None, 5))
2026-06-05 10:27:24,408 [ERROR] Errore lettura: ClearCommError failed (PermissionError(13, 'Accesso negato.', None, 5))
2026-06-05 10:27:24,911 [ERROR] Errore lettura: ClearCommError failed (PermissionError(13, 'Accesso negato.', None, 5))
2026-06-05 10:27:25,412 [ERROR] Errore lettura: ClearCommError failed (PermissionError(13, 'Accesso negato.', None, 5))
2026-06-05 10:27:25,914 [ERROR] Errore lettura: ClearCommError failed (PermissionError(13, 'Accesso negato.', None, 5))
2026-06-05 10:27:26,416 [ERROR] Errore lettura: ClearCommError failed (PermissionError(13, 'Accesso negato.', None, 5))
2026-06-05 10:27:26,918 [ERROR] Errore lettura: ClearCommError failed (PermissionError(13, 'Accesso negato.', None, 5))
2026-06-05 10:27:27,420 [ERROR] Errore lettura: ClearCommError failed (PermissionError(13, 'Accesso negato.', None, 5))
2026-06-05 10:27:27,948 [ERROR] Errore lettura: ClearCommError failed (PermissionError(13, 'Accesso negato.', None, 5))
2026-06-05 10:27:28,450 [ERROR] Errore lettura: ClearCommError failed (PermissionError(13, 'Accesso negato.', None, 5))
2026-06-05 10:27:28,952 [ERROR] Errore lettura: ClearCommError failed (PermissionError(13, 'Accesso negato.', None, 5))
2026-06-05 10:27:29,457 [ERROR] Errore lettura: ClearCommError failed (PermissionError(13, 'Accesso negato.', None, 5))
2026-06-05 10:27:29,965 [ERROR] Errore lettura: ClearCommError failed (PermissionError(13, 'Accesso negato.', None, 5))
2026-06-05 10:27:30,467 [ERROR] Errore lettura: ClearCommError failed (PermissionError(13, 'Accesso negato.', None, 5))
2026-06-05 10:27:30,970 [ERROR] Errore lettura: ClearCommError failed (PermissionError(13, 'Accesso negato.', None, 5))
2026-06-05 10:27:31,472 [ERROR] Errore lettura: ClearCommError failed (PermissionError(13, 'Accesso negato.', None, 5))
2026-06-05 10:27:31,974 [ERROR] Errore lettura: ClearCommError failed (PermissionError(13, 'Accesso negato.', None, 5))
2026-06-05 10:27:32,476 [ERROR] Errore lettura: ClearCommError failed (PermissionError(13, 'Accesso negato.', None, 5))
2026-06-05 10:27:32,978 [ERROR] Errore lettura: ClearCommError failed (PermissionError(13, 'Accesso negato.', None, 5))
2026-06-05 10:27:33,480 [ERROR] Errore lettura: ClearCommError failed (PermissionError(13, 'Accesso negato.', None, 5))
2026-06-05 10:27:33,983 [ERROR] Errore lettura: ClearCommError failed (PermissionError(13, 'Accesso negato.', None, 5))
2026-06-05 10:27:34,484 [ERROR] Errore lettura: ClearCommError failed (PermissionError(13, 'Accesso negato.', None, 5))
2026-06-05 10:27:34,987 [ERROR] Errore lettura: ClearCommError failed (PermissionError(13, 'Accesso negato.', None, 5))
2026-06-05 10:27:35,489 [ERROR] Errore lettura: ClearCommError failed (PermissionError(13, 'Accesso negato.', None, 5))
2026-06-05 10:27:35,991 [ERROR] Errore lettura: ClearCommError failed (PermissionError(13, 'Accesso negato.', None, 5))
2026-06-05 10:27:36,493 [ERROR] Errore lettura: ClearCommError failed (PermissionError(13, 'Accesso negato.', None, 5))
2026-06-05 10:27:36,996 [ERROR] Errore lettura: ClearCommError failed (PermissionError(13, 'Accesso negato.', None, 5))
2026-06-05 10:27:37,497 [ERROR] Errore lettura: ClearCommError failed (PermissionError(13, 'Accesso negato.', None, 5))
2026-06-05 10:27:38,000 [ERROR] Errore lettura: ClearCommError failed (PermissionError(13, 'Accesso negato.', None, 5))
2026-06-05 10:27:38,502 [ERROR] Errore lettura: ClearCommError failed (PermissionError(13, 'Accesso negato.', None, 5))
2026-06-05 10:27:39,005 [ERROR] Errore lettura: ClearCommError failed (PermissionError(13, 'Accesso negato.', None, 5))
2026-06-05 10:27:39,532 [ERROR] Errore lettura: ClearCommError failed (PermissionError(13, 'Accesso negato.', None, 5))
2026-06-05 10:27:40,034 [ERROR] Errore lettura: ClearCommError failed (PermissionError(13, 'Accesso negato.', None, 5))
2026-06-05 10:27:40,536 [ERROR] Errore lettura: ClearCommError failed (PermissionError(13, 'Accesso negato.', None, 5))
2026-06-05 10:27:41,038 [ERROR] Errore lettura: ClearCommError failed (PermissionError(13, 'Accesso negato.', None, 5))
2026-06-05 10:27:41,539 [ERROR] Errore lettura: ClearCommError failed (PermissionError(13, 'Accesso negato.', None, 5))
2026-06-05 10:27:42,041 [ERROR] Errore lettura: ClearCommError failed (PermissionError(13, 'Accesso negato.', None, 5))
2026-06-05 10:27:42,543 [ERROR] Errore lettura: ClearCommError failed (PermissionError(13, 'Accesso negato.', None, 5))
2026-06-05 10:27:43,045 [ERROR] Errore lettura: ClearCommError failed (PermissionError(13, 'Accesso negato.', None, 5))
2026-06-05 10:27:43,547 [ERROR] Errore lettura: ClearCommError failed (PermissionError(13, 'Accesso negato.', None, 5))
2026-06-05 10:27:44,050 [ERROR] Errore lettura: ClearCommError failed (PermissionError(13, 'Accesso negato.', None, 5))
2026-06-05 10:27:44,553 [ERROR] Errore lettura: ClearCommError failed (PermissionError(13, 'Accesso negato.', None, 5))
2026-06-05 10:27:45,079 [ERROR] Errore lettura: ClearCommError failed (PermissionError(13, 'Accesso negato.', None, 5))
2026-06-05 10:27:45,588 [ERROR] Errore lettura: ClearCommError failed (PermissionError(13, 'Accesso negato.', None, 5))
2026-06-05 10:27:46,090 [ERROR] Errore lettura: ClearCommError failed (PermissionError(13, 'Accesso negato.', None, 5))
2026-06-05 10:27:46,593 [ERROR] Errore lettura: ClearCommError failed (PermissionError(13, 'Accesso negato.', None, 5))
2026-06-05 10:27:47,096 [ERROR] Errore lettura: ClearCommError failed (PermissionError(13, 'Accesso negato.', None, 5))
2026-06-05 10:27:47,600 [ERROR] Errore lettura: ClearCommError failed (PermissionError(13, 'Accesso negato.', None, 5))
2026-06-05 10:27:48,102 [ERROR] Errore lettura: ClearCommError failed (PermissionError(13, 'Accesso negato.', None, 5))
2026-06-05 10:27:48,604 [ERROR] Errore lettura: ClearCommError failed (PermissionError(13, 'Accesso negato.', None, 5))
2026-06-05 10:27:49,106 [ERROR] Errore lettura: ClearCommError failed (PermissionError(13, 'Accesso negato.', None, 5))
2026-06-05 10:27:49,608 [ERROR] Errore lettura: ClearCommError failed (PermissionError(13, 'Accesso negato.', None, 5))
2026-06-05 10:27:50,113 [ERROR] Errore lettura: ClearCommError failed (PermissionError(13, 'Accesso negato.', None, 5))
2026-06-05 10:27:50,615 [ERROR] Errore lettura: ClearCommError failed (PermissionError(13, 'Accesso negato.', None, 5))
2026-06-05 10:27:51,117 [ERROR] Errore lettura: ClearCommError failed (PermissionError(13, 'Accesso negato.', None, 5))
2026-06-05 10:27:51,619 [ERROR] Errore lettura: ClearCommError failed (PermissionError(13, 'Accesso negato.', None, 5))
2026-06-05 10:27:52,122 [ERROR] Errore lettura: ClearCommError failed (PermissionError(13, 'Accesso negato.', None, 5))
2026-06-05 10:27:52,623 [ERROR] Errore lettura: ClearCommError failed (PermissionError(13, 'Accesso negato.', None, 5))
2026-06-05 10:27:53,152 [ERROR] Errore lettura: ClearCommError failed (PermissionError(13, 'Accesso negato.', None, 5))
2026-06-05 10:27:53,654 [ERROR] Errore lettura: ClearCommError failed (PermissionError(13, 'Accesso negato.', None, 5))
2026-06-05 10:27:54,155 [ERROR] Errore lettura: ClearCommError failed (PermissionError(13, 'Accesso negato.', None, 5))
2026-06-05 10:27:54,657 [ERROR] Errore lettura: ClearCommError failed (PermissionError(13, 'Accesso negato.', None, 5))
2026-06-05 10:27:55,161 [ERROR] Errore lettura: ClearCommError failed (PermissionError(13, 'Accesso negato.', None, 5))
2026-06-05 10:27:55,663 [ERROR] Errore lettura: ClearCommError failed (PermissionError(13, 'Accesso negato.', None, 5))
2026-06-05 10:27:56,165 [ERROR] Errore lettura: ClearCommError failed (PermissionError(13, 'Accesso negato.', None, 5))
2026-06-05 10:27:56,667 [ERROR] Errore lettura: ClearCommError failed (PermissionError(13, 'Accesso negato.', None, 5))
2026-06-05 10:27:57,168 [ERROR] Errore lettura: ClearCommError failed (PermissionError(13, 'Accesso negato.', None, 5))
2026-06-05 10:27:57,671 [ERROR] Errore lettura: ClearCommError failed (PermissionError(13, 'Accesso negato.', None, 5))
2026-06-05 10:27:58,173 [ERROR] Errore lettura: ClearCommError failed (PermissionError(13, 'Accesso negato.', None, 5))
2026-06-05 10:27:58,677 [ERROR] Errore lettura: ClearCommError failed (PermissionError(13, 'Accesso negato.', None, 5))
2026-06-05 10:27:59,180 [ERROR] Errore lettura: ClearCommError failed (PermissionError(13, 'Accesso negato.', None, 5))
2026-06-05 10:27:59,682 [ERROR] Errore lettura: ClearCommError failed (PermissionError(13, 'Accesso negato.', None, 5))
2026-06-05 10:28:00,184 [ERROR] Errore lettura: ClearCommError failed (PermissionError(13, 'Accesso negato.', None, 5))
2026-06-05 10:28:00,686 [ERROR] Errore lettura: ClearCommError failed (PermissionError(13, 'Accesso negato.', None, 5))
2026-06-05 10:28:01,188 [ERROR] Errore lettura: ClearCommError failed (PermissionError(13, 'Accesso negato.', None, 5))
2026-06-05 10:28:01,691 [ERROR] Errore lettura: ClearCommError failed (PermissionError(13, 'Accesso negato.', None, 5))
2026-06-05 10:28:02,194 [ERROR] Errore lettura: ClearCommError failed (PermissionError(13, 'Accesso negato.', None, 5))
2026-06-05 10:28:02,705 [ERROR] Errore lettura: ClearCommError failed (PermissionError(13, 'Accesso negato.', None, 5))
2026-06-05 10:28:03,209 [ERROR] Errore lettura: ClearCommError failed (PermissionError(13, 'Accesso negato.', None, 5))
2026-06-05 10:28:03,711 [ERROR] Errore lettura: ClearCommError failed (PermissionError(13, 'Accesso negato.', None, 5))
2026-06-05 10:28:04,213 [ERROR] Errore lettura: ClearCommError failed (PermissionError(13, 'Accesso negato.', None, 5))
2026-06-05 10:28:04,714 [ERROR] Errore lettura: ClearCommError failed (PermissionError(13, 'Accesso negato.', None, 5))
2026-06-05 10:28:05,216 [ERROR] Errore lettura: ClearCommError failed (PermissionError(13, 'Accesso negato.', None, 5))
2026-06-05 10:28:05,718 [ERROR] Errore lettura: ClearCommError failed (PermissionError(13, 'Accesso negato.', None, 5))
2026-06-05 10:28:06,221 [ERROR] Errore lettura: ClearCommError failed (PermissionError(13, 'Accesso negato.', None, 5))
2026-06-05 10:28:06,724 [ERROR] Errore lettura: ClearCommError failed (PermissionError(13, 'Accesso negato.', None, 5))
2026-06-05 10:28:07,226 [ERROR] Errore lettura: ClearCommError failed (PermissionError(13, 'Accesso negato.', None, 5))
2026-06-05 10:28:07,728 [ERROR] Errore lettura: ClearCommError failed (PermissionError(13, 'Accesso negato.', None, 5))
2026-06-05 10:28:08,230 [ERROR] Errore lettura: ClearCommError failed (PermissionError(13, 'Accesso negato.', None, 5))
2026-06-05 10:28:08,733 [ERROR] Errore lettura: ClearCommError failed (PermissionError(13, 'Accesso negato.', None, 5))
2026-06-05 10:28:09,236 [ERROR] Errore lettura: ClearCommError failed (PermissionError(13, 'Accesso negato.', None, 5))
2026-06-05 10:28:09,739 [ERROR] Errore lettura: ClearCommError failed (PermissionError(13, 'Accesso negato.', None, 5))
2026-06-05 10:28:10,240 [ERROR] Errore lettura: ClearCommError failed (PermissionError(13, 'Accesso negato.', None, 5))
2026-06-05 10:28:10,742 [ERROR] Errore lettura: ClearCommError failed (PermissionError(13, 'Accesso negato.', None, 5))
2026-06-05 10:28:11,244 [ERROR] Errore lettura: ClearCommError failed (PermissionError(13, 'Accesso negato.', None, 5))
2026-06-05 10:28:11,746 [ERROR] Errore lettura: ClearCommError failed (PermissionError(13, 'Accesso negato.', None, 5))
2026-06-05 10:28:12,249 [ERROR] Errore lettura: ClearCommError failed (PermissionError(13, 'Accesso negato.', None, 5))
2026-06-05 10:28:12,750 [ERROR] Errore lettura: ClearCommError failed (PermissionError(13, 'Accesso negato.', None, 5))
2026-06-05 10:28:13,252 [ERROR] Errore lettura: ClearCommError failed (PermissionError(13, 'Accesso negato.', None, 5))
2026-06-05 10:28:13,754 [ERROR] Errore lettura: ClearCommError failed (PermissionError(13, 'Accesso negato.', None, 5))
2026-06-05 10:28:14,257 [ERROR] Errore lettura: ClearCommError failed (PermissionError(13, 'Accesso negato.', None, 5))
2026-06-05 10:28:14,759 [ERROR] Errore lettura: ClearCommError failed (PermissionError(13, 'Accesso negato.', None, 5))
2026-06-05 10:28:15,261 [ERROR] Errore lettura: ClearCommError failed (PermissionError(13, 'Accesso negato.', None, 5))
2026-06-05 10:28:15,764 [ERROR] Errore lettura: ClearCommError failed (PermissionError(13, 'Accesso negato.', None, 5))
2026-06-05 10:28:16,269 [ERROR] Errore lettura: ClearCommError failed (PermissionError(13, 'Accesso negato.', None, 5))
2026-06-05 10:28:16,775 [ERROR] Errore lettura: ClearCommError failed (PermissionError(13, 'Accesso negato.', None, 5))
2026-06-05 10:28:17,277 [ERROR] Errore lettura: ClearCommError failed (PermissionError(13, 'Accesso negato.', None, 5))
2026-06-05 10:28:17,779 [ERROR] Errore lettura: ClearCommError failed (PermissionError(13, 'Accesso negato.', None, 5))
2026-06-05 10:28:18,281 [ERROR] Errore lettura: ClearCommError failed (PermissionError(13, 'Accesso negato.', None, 5))
2026-06-05 10:28:18,784 [ERROR] Errore lettura: ClearCommError failed (PermissionError(13, 'Accesso negato.', None, 5))
2026-06-05 10:28:19,287 [ERROR] Errore lettura: ClearCommError failed (PermissionError(13, 'Accesso negato.', None, 5))
2026-06-05 10:28:19,790 [ERROR] Errore lettura: ClearCommError failed (PermissionError(13, 'Accesso negato.', None, 5))
2026-06-05 10:28:20,292 [ERROR] Errore lettura: ClearCommError failed (PermissionError(13, 'Accesso negato.', None, 5))
2026-06-05 10:28:20,816 [ERROR] Errore lettura: ClearCommError failed (PermissionError(13, 'Accesso negato.', None, 5))
2026-06-05 10:28:21,366 [ERROR] Errore lettura: ClearCommError failed (PermissionError(13, 'Accesso negato.', None, 5))
2026-06-05 10:28:21,885 [ERROR] Errore lettura: ClearCommError failed (PermissionError(13, 'Accesso negato.', None, 5))
2026-06-05 10:28:22,408 [ERROR] Errore lettura: ClearCommError failed (PermissionError(13, 'Accesso negato.', None, 5))
2026-06-05 10:28:22,939 [ERROR] Errore lettura: ClearCommError failed (PermissionError(13, 'Accesso negato.', None, 5))
2026-06-05 10:28:23,464 [ERROR] Errore lettura: ClearCommError failed (PermissionError(13, 'Accesso negato.', None, 5))
2026-06-05 10:28:23,965 [ERROR] Errore lettura: ClearCommError failed (PermissionError(13, 'Accesso negato.', None, 5))
2026-06-05 10:28:24,486 [ERROR] Errore lettura: ClearCommError failed (PermissionError(13, 'Accesso negato.', None, 5))
2026-06-05 10:28:25,009 [ERROR] Errore lettura: ClearCommError failed (PermissionError(13, 'Accesso negato.', None, 5))
2026-06-05 10:28:25,516 [ERROR] Errore lettura: ClearCommError failed (PermissionError(13, 'Accesso negato.', None, 5))
2026-06-05 10:28:26,026 [ERROR] Errore lettura: ClearCommError failed (PermissionError(13, 'Accesso negato.', None, 5))
2026-06-05 10:28:26,531 [ERROR] Errore lettura: ClearCommError failed (PermissionError(13, 'Accesso negato.', None, 5))
2026-06-05 10:28:27,035 [ERROR] Errore lettura: ClearCommError failed (PermissionError(13, 'Accesso negato.', None, 5))
2026-06-05 10:28:27,553 [ERROR] Errore lettura: ClearCommError failed (PermissionError(13, 'Accesso negato.', None, 5))
2026-06-05 10:28:28,085 [ERROR] Errore lettura: ClearCommError failed (PermissionError(13, 'Accesso negato.', None, 5))
2026-06-05 10:28:28,693 [ERROR] Errore lettura: ClearCommError failed (PermissionError(13, 'Accesso negato.', None, 5))
2026-06-05 10:28:29,242 [ERROR] Errore lettura: ClearCommError failed (PermissionError(13, 'Accesso negato.', None, 5))
2026-06-05 10:28:29,766 [ERROR] Errore lettura: ClearCommError failed (PermissionError(13, 'Accesso negato.', None, 5))
2026-06-05 10:28:30,268 [ERROR] Errore lettura: ClearCommError failed (PermissionError(13, 'Accesso negato.', None, 5))
2026-06-05 10:28:30,771 [ERROR] Errore lettura: ClearCommError failed (PermissionError(13, 'Accesso negato.', None, 5))
2026-06-05 10:28:31,274 [ERROR] Errore lettura: ClearCommError failed (PermissionError(13, 'Accesso negato.', None, 5))
2026-06-05 10:28:31,782 [ERROR] Errore lettura: ClearCommError failed (PermissionError(13, 'Accesso negato.', None, 5))
2026-06-05 10:28:32,284 [ERROR] Errore lettura: ClearCommError failed (PermissionError(13, 'Accesso negato.', None, 5))
2026-06-05 10:28:32,787 [ERROR] Errore lettura: ClearCommError failed (PermissionError(13, 'Accesso negato.', None, 5))
2026-06-05 10:28:33,290 [ERROR] Errore lettura: ClearCommError failed (PermissionError(13, 'Accesso negato.', None, 5))
2026-06-05 10:28:33,797 [ERROR] Errore lettura: ClearCommError failed (PermissionError(13, 'Accesso negato.', None, 5))
2026-06-05 10:28:34,300 [ERROR] Errore lettura: ClearCommError failed (PermissionError(13, 'Accesso negato.', None, 5))
2026-06-05 10:28:34,802 [ERROR] Errore lettura: ClearCommError failed (PermissionError(13, 'Accesso negato.', None, 5))
2026-06-05 10:28:35,304 [ERROR] Errore lettura: ClearCommError failed (PermissionError(13, 'Accesso negato.', None, 5))
2026-06-05 10:28:35,806 [ERROR] Errore lettura: ClearCommError failed (PermissionError(13, 'Accesso negato.', None, 5))
2026-06-05 10:28:36,309 [ERROR] Errore lettura: ClearCommError failed (PermissionError(13, 'Accesso negato.', None, 5))
2026-06-05 10:28:36,811 [ERROR] Errore lettura: ClearCommError failed (PermissionError(13, 'Accesso negato.', None, 5))
2026-06-05 10:28:37,313 [ERROR] Errore lettura: ClearCommError failed (PermissionError(13, 'Accesso negato.', None, 5))
2026-06-05 10:28:37,815 [ERROR] Errore lettura: ClearCommError failed (PermissionError(13, 'Accesso negato.', None, 5))
2026-06-05 10:28:38,317 [ERROR] Errore lettura: ClearCommError failed (PermissionError(13, 'Accesso negato.', None, 5))
2026-06-05 10:28:38,819 [ERROR] Errore lettura: ClearCommError failed (PermissionError(13, 'Accesso negato.', None, 5))
2026-06-05 10:28:39,321 [ERROR] Errore lettura: ClearCommError failed (PermissionError(13, 'Accesso negato.', None, 5))
2026-06-05 10:28:39,824 [ERROR] Errore lettura: ClearCommError failed (PermissionError(13, 'Accesso negato.', None, 5))
2026-06-05 10:28:40,325 [ERROR] Errore lettura: ClearCommError failed (PermissionError(13, 'Accesso negato.', None, 5))
2026-06-05 10:28:40,828 [ERROR] Errore lettura: ClearCommError failed (PermissionError(13, 'Accesso negato.', None, 5))
2026-06-05 10:28:41,330 [ERROR] Errore lettura: ClearCommError failed (PermissionError(13, 'Accesso negato.', None, 5))
2026-06-05 10:28:41,832 [ERROR] Errore lettura: ClearCommError failed (PermissionError(13, 'Accesso negato.', None, 5))
2026-06-05 10:28:42,334 [ERROR] Errore lettura: ClearCommError failed (PermissionError(13, 'Accesso negato.', None, 5))
2026-06-05 10:28:42,836 [ERROR] Errore lettura: ClearCommError failed (PermissionError(13, 'Accesso negato.', None, 5))
2026-06-05 10:28:43,338 [ERROR] Errore lettura: ClearCommError failed (PermissionError(13, 'Accesso negato.', None, 5))
2026-06-05 10:28:43,840 [ERROR] Errore lettura: ClearCommError failed (PermissionError(13, 'Accesso negato.', None, 5))
2026-06-05 10:28:44,342 [ERROR] Errore lettura: ClearCommError failed (PermissionError(13, 'Accesso negato.', None, 5))
2026-06-05 10:28:44,844 [ERROR] Errore lettura: ClearCommError failed (PermissionError(13, 'Accesso negato.', None, 5))
2026-06-05 10:28:45,345 [ERROR] Errore lettura: ClearCommError failed (PermissionError(13, 'Accesso negato.', None, 5))
2026-06-05 10:28:45,847 [ERROR] Errore lettura: ClearCommError failed (PermissionError(13, 'Accesso negato.', None, 5))
2026-06-05 10:28:46,349 [ERROR] Errore lettura: ClearCommError failed (PermissionError(13, 'Accesso negato.', None, 5))
2026-06-05 10:28:46,852 [ERROR] Errore lettura: ClearCommError failed (PermissionError(13, 'Accesso negato.', None, 5))
2026-06-05 10:28:47,355 [ERROR] Errore lettura: ClearCommError failed (PermissionError(13, 'Accesso negato.', None, 5))
2026-06-05 10:28:47,856 [ERROR] Errore lettura: ClearCommError failed (PermissionError(13, 'Accesso negato.', None, 5))
2026-06-05 10:28:48,358 [ERROR] Errore lettura: ClearCommError failed (PermissionError(13, 'Accesso negato.', None, 5))
2026-06-05 10:28:48,861 [ERROR] Errore lettura: ClearCommError failed (PermissionError(13, 'Accesso negato.', None, 5))
2026-06-05 10:28:49,364 [ERROR] Errore lettura: ClearCommError failed (PermissionError(13, 'Accesso negato.', None, 5))
2026-06-05 10:28:49,866 [ERROR] Errore lettura: ClearCommError failed (PermissionError(13, 'Accesso negato.', None, 5))
2026-06-05 10:28:50,369 [ERROR] Errore lettura: ClearCommError failed (PermissionError(13, 'Accesso negato.', None, 5))
2026-06-05 10:28:50,872 [ERROR] Errore lettura: ClearCommError failed (PermissionError(13, 'Accesso negato.', None, 5))
2026-06-05 10:28:51,374 [ERROR] Errore lettura: ClearCommError failed (PermissionError(13, 'Accesso negato.', None, 5))
2026-06-05 10:28:51,877 [ERROR] Errore lettura: ClearCommError failed (PermissionError(13, 'Accesso negato.', None, 5))
2026-06-05 10:28:52,379 [ERROR] Errore lettura: ClearCommError failed (PermissionError(13, 'Accesso negato.', None, 5))
2026-06-05 10:28:52,881 [ERROR] Errore lettura: ClearCommError failed (PermissionError(13, 'Accesso negato.', None, 5))
2026-06-05 10:28:53,383 [ERROR] Errore lettura: ClearCommError failed (PermissionError(13, 'Accesso negato.', None, 5))
2026-06-05 10:28:53,884 [ERROR] Errore lettura: ClearCommError failed (PermissionError(13, 'Accesso negato.', None, 5))
2026-06-05 10:28:54,386 [ERROR] Errore lettura: ClearCommError failed (PermissionError(13, 'Accesso negato.', None, 5))
2026-06-05 10:28:54,888 [ERROR] Errore lettura: ClearCommError failed (PermissionError(13, 'Accesso negato.', None, 5))
2026-06-05 10:28:55,390 [ERROR] Errore lettura: ClearCommError failed (PermissionError(13, 'Accesso negato.', None, 5))
2026-06-05 10:28:55,891 [ERROR] Errore lettura: ClearCommError failed (PermissionError(13, 'Accesso negato.', None, 5))
2026-06-05 10:28:56,393 [ERROR] Errore lettura: ClearCommError failed (PermissionError(13, 'Accesso negato.', None, 5))
2026-06-05 10:28:56,897 [ERROR] Errore lettura: ClearCommError failed (PermissionError(13, 'Accesso negato.', None, 5))
2026-06-05 10:28:57,399 [ERROR] Errore lettura: ClearCommError failed (PermissionError(13, 'Accesso negato.', None, 5))
2026-06-05 10:28:57,901 [ERROR] Errore lettura: ClearCommError failed (PermissionError(13, 'Accesso negato.', None, 5))
2026-06-05 10:28:58,403 [ERROR] Errore lettura: ClearCommError failed (PermissionError(13, 'Accesso negato.', None, 5))
2026-06-05 10:28:58,906 [ERROR] Errore lettura: ClearCommError failed (PermissionError(13, 'Accesso negato.', None, 5))
2026-06-05 10:28:59,408 [ERROR] Errore lettura: ClearCommError failed (PermissionError(13, 'Accesso negato.', None, 5))
2026-06-05 10:28:59,910 [ERROR] Errore lettura: ClearCommError failed (PermissionError(13, 'Accesso negato.', None, 5))
2026-06-05 10:29:00,413 [ERROR] Errore lettura: ClearCommError failed (PermissionError(13, 'Accesso negato.', None, 5))
2026-06-05 10:29:00,915 [ERROR] Errore lettura: ClearCommError failed (PermissionError(13, 'Accesso negato.', None, 5))
2026-06-05 10:29:01,417 [ERROR] Errore lettura: ClearCommError failed (PermissionError(13, 'Accesso negato.', None, 5))
2026-06-05 10:29:01,919 [ERROR] Errore lettura: ClearCommError failed (PermissionError(13, 'Accesso negato.', None, 5))
2026-06-05 10:29:02,421 [ERROR] Errore lettura: ClearCommError failed (PermissionError(13, 'Accesso negato.', None, 5))
2026-06-05 10:29:02,925 [ERROR] Errore lettura: ClearCommError failed (PermissionError(13, 'Accesso negato.', None, 5))
2026-06-05 10:29:03,427 [ERROR] Errore lettura: ClearCommError failed (PermissionError(13, 'Accesso negato.', None, 5))
2026-06-05 10:29:03,930 [ERROR] Errore lettura: ClearCommError failed (PermissionError(13, 'Accesso negato.', None, 5))
2026-06-05 10:29:04,432 [ERROR] Errore lettura: ClearCommError failed (PermissionError(13, 'Accesso negato.', None, 5))
2026-06-05 10:29:04,934 [ERROR] Errore lettura: ClearCommError failed (PermissionError(13, 'Accesso negato.', None, 5))
2026-06-05 10:29:05,436 [ERROR] Errore lettura: ClearCommError failed (PermissionError(13, 'Accesso negato.', None, 5))
2026-06-05 10:29:05,938 [ERROR] Errore lettura: ClearCommError failed (PermissionError(13, 'Accesso negato.', None, 5))
2026-06-05 10:29:06,441 [ERROR] Errore lettura: ClearCommError failed (PermissionError(13, 'Accesso negato.', None, 5))
2026-06-05 10:29:06,943 [ERROR] Errore lettura: ClearCommError failed (PermissionError(13, 'Accesso negato.', None, 5))
2026-06-05 10:29:07,446 [ERROR] Errore lettura: ClearCommError failed (PermissionError(13, 'Accesso negato.', None, 5))
2026-06-05 10:29:07,947 [ERROR] Errore lettura: ClearCommError failed (PermissionError(13, 'Accesso negato.', None, 5))
2026-06-05 10:29:08,449 [ERROR] Errore lettura: ClearCommError failed (PermissionError(13, 'Accesso negato.', None, 5))
2026-06-05 10:29:08,951 [ERROR] Errore lettura: ClearCommError failed (PermissionError(13, 'Accesso negato.', None, 5))
2026-06-05 10:29:09,453 [ERROR] Errore lettura: ClearCommError failed (PermissionError(13, 'Accesso negato.', None, 5))
2026-06-05 10:29:09,957 [ERROR] Errore lettura: ClearCommError failed (PermissionError(13, 'Accesso negato.', None, 5))
2026-06-05 10:29:10,459 [ERROR] Errore lettura: ClearCommError failed (PermissionError(13, 'Accesso negato.', None, 5))
2026-06-05 10:29:10,961 [ERROR] Errore lettura: ClearCommError failed (PermissionError(13, 'Accesso negato.', None, 5))
2026-06-05 10:29:11,464 [ERROR] Errore lettura: ClearCommError failed (PermissionError(13, 'Accesso negato.', None, 5))
2026-06-05 10:29:11,965 [ERROR] Errore lettura: ClearCommError failed (PermissionError(13, 'Accesso negato.', None, 5))
2026-06-05 10:29:12,469 [ERROR] Errore lettura: ClearCommError failed (PermissionError(13, 'Accesso negato.', None, 5))
2026-06-05 10:29:12,972 [ERROR] Errore lettura: ClearCommError failed (PermissionError(13, 'Accesso negato.', None, 5))
2026-06-05 10:29:13,474 [ERROR] Errore lettura: ClearCommError failed (PermissionError(13, 'Accesso negato.', None, 5))
2026-06-05 10:29:13,978 [ERROR] Errore lettura: ClearCommError failed (PermissionError(13, 'Accesso negato.', None, 5))
2026-06-05 10:29:14,481 [ERROR] Errore lettura: ClearCommError failed (PermissionError(13, 'Accesso negato.', None, 5))
2026-06-05 10:29:14,989 [ERROR] Errore lettura: ClearCommError failed (PermissionError(13, 'Accesso negato.', None, 5))
2026-06-05 10:29:15,492 [ERROR] Errore lettura: ClearCommError failed (PermissionError(13, 'Accesso negato.', None, 5))
2026-06-05 10:29:15,995 [ERROR] Errore lettura: ClearCommError failed (PermissionError(13, 'Accesso negato.', None, 5))
2026-06-05 10:29:16,497 [ERROR] Errore lettura: ClearCommError failed (PermissionError(13, 'Accesso negato.', None, 5))
2026-06-05 10:29:16,999 [ERROR] Errore lettura: ClearCommError failed (PermissionError(13, 'Accesso negato.', None, 5))
2026-06-05 10:29:17,501 [ERROR] Errore lettura: ClearCommError failed (PermissionError(13, 'Accesso negato.', None, 5))
2026-06-05 10:29:18,004 [ERROR] Errore lettura: ClearCommError failed (PermissionError(13, 'Accesso negato.', None, 5))
2026-06-05 10:29:18,506 [ERROR] Errore lettura: ClearCommError failed (PermissionError(13, 'Accesso negato.', None, 5))
2026-06-05 10:29:19,008 [ERROR] Errore lettura: ClearCommError failed (PermissionError(13, 'Accesso negato.', None, 5))
2026-06-05 10:29:19,510 [ERROR] Errore lettura: ClearCommError failed (PermissionError(13, 'Accesso negato.', None, 5))
2026-06-05 10:29:20,012 [ERROR] Errore lettura: ClearCommError failed (PermissionError(13, 'Accesso negato.', None, 5))
2026-06-05 10:29:20,514 [ERROR] Errore lettura: ClearCommError failed (PermissionError(13, 'Accesso negato.', None, 5))
2026-06-05 10:29:21,017 [ERROR] Errore lettura: ClearCommError failed (PermissionError(13, 'Accesso negato.', None, 5))
2026-06-05 10:29:21,520 [ERROR] Errore lettura: ClearCommError failed (PermissionError(13, 'Accesso negato.', None, 5))
2026-06-05 10:29:22,023 [ERROR] Errore lettura: ClearCommError failed (PermissionError(13, 'Accesso negato.', None, 5))
2026-06-05 10:29:22,526 [ERROR] Errore lettura: ClearCommError failed (PermissionError(13, 'Accesso negato.', None, 5))
2026-06-05 10:29:23,028 [ERROR] Errore lettura: ClearCommError failed (PermissionError(13, 'Accesso negato.', None, 5))
2026-06-05 10:29:23,530 [ERROR] Errore lettura: ClearCommError failed (PermissionError(13, 'Accesso negato.', None, 5))
2026-06-05 10:29:24,034 [ERROR] Errore lettura: ClearCommError failed (PermissionError(13, 'Accesso negato.', None, 5))
2026-06-05 10:29:24,535 [ERROR] Errore lettura: ClearCommError failed (PermissionError(13, 'Accesso negato.', None, 5))
2026-06-05 10:29:25,038 [ERROR] Errore lettura: ClearCommError failed (PermissionError(13, 'Accesso negato.', None, 5))
2026-06-05 10:29:25,539 [ERROR] Errore lettura: ClearCommError failed (PermissionError(13, 'Accesso negato.', None, 5))
2026-06-05 10:29:26,042 [ERROR] Errore lettura: ClearCommError failed (PermissionError(13, 'Accesso negato.', None, 5))
2026-06-05 10:29:26,544 [ERROR] Errore lettura: ClearCommError failed (PermissionError(13, 'Accesso negato.', None, 5))
2026-06-05 10:29:27,047 [ERROR] Errore lettura: ClearCommError failed (PermissionError(13, 'Accesso negato.', None, 5))
2026-06-05 10:29:27,550 [ERROR] Errore lettura: ClearCommError failed (PermissionError(13, 'Accesso negato.', None, 5))
2026-06-05 10:29:28,052 [ERROR] Errore lettura: ClearCommError failed (PermissionError(13, 'Accesso negato.', None, 5))
2026-06-05 10:29:28,571 [ERROR] Errore lettura: ClearCommError failed (PermissionError(13, 'Accesso negato.', None, 5))
2026-06-05 10:29:29,074 [ERROR] Errore lettura: ClearCommError failed (PermissionError(13, 'Accesso negato.', None, 5))
2026-06-05 10:29:29,576 [ERROR] Errore lettura: ClearCommError failed (PermissionError(13, 'Accesso negato.', None, 5))
2026-06-05 10:29:30,080 [ERROR] Errore lettura: ClearCommError failed (PermissionError(13, 'Accesso negato.', None, 5))
2026-06-05 10:29:30,583 [ERROR] Errore lettura: ClearCommError failed (PermissionError(13, 'Accesso negato.', None, 5))
2026-06-05 10:29:31,085 [ERROR] Errore lettura: ClearCommError failed (PermissionError(13, 'Accesso negato.', None, 5))
2026-06-05 10:29:31,587 [ERROR] Errore lettura: ClearCommError failed (PermissionError(13, 'Accesso negato.', None, 5))
2026-06-05 10:29:32,089 [ERROR] Errore lettura: ClearCommError failed (PermissionError(13, 'Accesso negato.', None, 5))
2026-06-05 10:29:32,592 [ERROR] Errore lettura: ClearCommError failed (PermissionError(13, 'Accesso negato.', None, 5))
2026-06-05 10:29:33,094 [ERROR] Errore lettura: ClearCommError failed (PermissionError(13, 'Accesso negato.', None, 5))
2026-06-05 10:29:33,596 [ERROR] Errore lettura: ClearCommError failed (PermissionError(13, 'Accesso negato.', None, 5))
2026-06-05 10:29:34,099 [ERROR] Errore lettura: ClearCommError failed (PermissionError(13, 'Accesso negato.', None, 5))
2026-06-05 10:29:34,601 [ERROR] Errore lettura: ClearCommError failed (PermissionError(13, 'Accesso negato.', None, 5))
2026-06-05 10:29:35,102 [ERROR] Errore lettura: ClearCommError failed (PermissionError(13, 'Accesso negato.', None, 5))
2026-06-05 10:29:35,605 [ERROR] Errore lettura: ClearCommError failed (PermissionError(13, 'Accesso negato.', None, 5))
2026-06-05 10:29:36,107 [ERROR] Errore lettura: ClearCommError failed (PermissionError(13, 'Accesso negato.', None, 5))
2026-06-05 10:29:36,609 [ERROR] Errore lettura: ClearCommError failed (PermissionError(13, 'Accesso negato.', None, 5))
2026-06-05 10:29:37,113 [ERROR] Errore lettura: ClearCommError failed (PermissionError(13, 'Accesso negato.', None, 5))
2026-06-05 10:29:37,615 [ERROR] Errore lettura: ClearCommError failed (PermissionError(13, 'Accesso negato.', None, 5))
2026-06-05 10:29:38,116 [ERROR] Errore lettura: ClearCommError failed (PermissionError(13, 'Accesso negato.', None, 5))
2026-06-05 10:29:38,618 [ERROR] Errore lettura: ClearCommError failed (PermissionError(13, 'Accesso negato.', None, 5))
2026-06-05 10:29:39,120 [ERROR] Errore lettura: ClearCommError failed (PermissionError(13, 'Accesso negato.', None, 5))
2026-06-05 10:29:39,623 [ERROR] Errore lettura: ClearCommError failed (PermissionError(13, 'Accesso negato.', None, 5))
2026-06-05 10:29:40,132 [ERROR] Errore lettura: ClearCommError failed (PermissionError(13, 'Accesso negato.', None, 5))
2026-06-05 10:29:40,634 [ERROR] Errore lettura: ClearCommError failed (PermissionError(13, 'Accesso negato.', None, 5))
2026-06-05 10:29:41,136 [ERROR] Errore lettura: ClearCommError failed (PermissionError(13, 'Accesso negato.', None, 5))
2026-06-05 10:29:41,639 [ERROR] Errore lettura: ClearCommError failed (PermissionError(13, 'Accesso negato.', None, 5))
2026-06-05 10:29:42,142 [ERROR] Errore lettura: ClearCommError failed (PermissionError(13, 'Accesso negato.', None, 5))
2026-06-05 10:29:42,644 [ERROR] Errore lettura: ClearCommError failed (PermissionError(13, 'Accesso negato.', None, 5))
2026-06-05 10:29:43,147 [ERROR] Errore lettura: ClearCommError failed (PermissionError(13, 'Accesso negato.', None, 5))
2026-06-05 10:29:43,650 [ERROR] Errore lettura: ClearCommError failed (PermissionError(13, 'Accesso negato.', None, 5))
2026-06-05 10:29:44,152 [ERROR] Errore lettura: ClearCommError failed (PermissionError(13, 'Accesso negato.', None, 5))
2026-06-05 10:29:44,655 [ERROR] Errore lettura: ClearCommError failed (PermissionError(13, 'Accesso negato.', None, 5))
2026-06-05 10:29:45,158 [ERROR] Errore lettura: ClearCommError failed (PermissionError(13, 'Accesso negato.', None, 5))
2026-06-05 10:29:45,660 [ERROR] Errore lettura: ClearCommError failed (PermissionError(13, 'Accesso negato.', None, 5))
2026-06-05 10:29:46,162 [ERROR] Errore lettura: ClearCommError failed (PermissionError(13, 'Accesso negato.', None, 5))
2026-06-05 10:29:46,664 [ERROR] Errore lettura: ClearCommError failed (PermissionError(13, 'Accesso negato.', None, 5))
2026-06-05 10:29:47,166 [ERROR] Errore lettura: ClearCommError failed (PermissionError(13, 'Accesso negato.', None, 5))
2026-06-05 10:29:47,669 [ERROR] Errore lettura: ClearCommError failed (PermissionError(13, 'Accesso negato.', None, 5))
2026-06-05 10:29:48,174 [ERROR] Errore lettura: ClearCommError failed (PermissionError(13, 'Accesso negato.', None, 5))
2026-06-05 10:29:48,676 [ERROR] Errore lettura: ClearCommError failed (PermissionError(13, 'Accesso negato.', None, 5))
2026-06-05 10:29:49,178 [ERROR] Errore lettura: ClearCommError failed (PermissionError(13, 'Accesso negato.', None, 5))
2026-06-05 10:29:49,681 [ERROR] Errore lettura: ClearCommError failed (PermissionError(13, 'Accesso negato.', None, 5))
2026-06-05 10:29:50,184 [ERROR] Errore lettura: ClearCommError failed (PermissionError(13, 'Accesso negato.', None, 5))
2026-06-05 10:29:50,686 [ERROR] Errore lettura: ClearCommError failed (PermissionError(13, 'Accesso negato.', None, 5))
2026-06-05 10:29:51,189 [ERROR] Errore lettura: ClearCommError failed (PermissionError(13, 'Accesso negato.', None, 5))
2026-06-05 10:29:51,692 [ERROR] Errore lettura: ClearCommError failed (PermissionError(13, 'Accesso negato.', None, 5))
2026-06-05 10:29:52,194 [ERROR] Errore lettura: ClearCommError failed (PermissionError(13, 'Accesso negato.', None, 5))
2026-06-05 10:29:52,698 [ERROR] Errore lettura: ClearCommError failed (PermissionError(13, 'Accesso negato.', None, 5))
2026-06-05 10:29:53,199 [ERROR] Errore lettura: ClearCommError failed (PermissionError(13, 'Accesso negato.', None, 5))
2026-06-05 10:29:53,703 [ERROR] Errore lettura: ClearCommError failed (PermissionError(13, 'Accesso negato.', None, 5))
2026-06-05 10:29:54,205 [ERROR] Errore lettura: ClearCommError failed (PermissionError(13, 'Accesso negato.', None, 5))
2026-06-05 10:29:54,707 [ERROR] Errore lettura: ClearCommError failed (PermissionError(13, 'Accesso negato.', None, 5))
2026-06-05 10:29:55,209 [ERROR] Errore lettura: ClearCommError failed (PermissionError(13, 'Accesso negato.', None, 5))
2026-06-05 10:29:55,713 [ERROR] Errore lettura: ClearCommError failed (PermissionError(13, 'Accesso negato.', None, 5))
2026-06-05 10:29:56,216 [ERROR] Errore lettura: ClearCommError failed (PermissionError(13, 'Accesso negato.', None, 5))
2026-06-05 10:29:56,719 [ERROR] Errore lettura: ClearCommError failed (PermissionError(13, 'Accesso negato.', None, 5))
2026-06-05 10:29:57,222 [ERROR] Errore lettura: ClearCommError failed (PermissionError(13, 'Accesso negato.', None, 5))
2026-06-05 10:29:57,732 [ERROR] Errore lettura: ClearCommError failed (PermissionError(13, 'Accesso negato.', None, 5))
2026-06-05 10:29:58,238 [ERROR] Errore lettura: ClearCommError failed (PermissionError(13, 'Accesso negato.', None, 5))
2026-06-05 10:29:58,740 [ERROR] Errore lettura: ClearCommError failed (PermissionError(13, 'Accesso negato.', None, 5))
2026-06-05 10:29:59,248 [ERROR] Errore lettura: ClearCommError failed (PermissionError(13, 'Accesso negato.', None, 5))
2026-06-05 10:29:59,755 [ERROR] Errore lettura: ClearCommError failed (PermissionError(13, 'Accesso negato.', None, 5))
2026-06-05 10:30:00,265 [ERROR] Errore lettura: ClearCommError failed (PermissionError(13, 'Accesso negato.', None, 5))
2026-06-05 10:30:00,768 [ERROR] Errore lettura: ClearCommError failed (PermissionError(13, 'Accesso negato.', None, 5))
2026-06-05 10:30:01,270 [ERROR] Errore lettura: ClearCommError failed (PermissionError(13, 'Accesso negato.', None, 5))
2026-06-05 10:30:01,773 [ERROR] Errore lettura: ClearCommError failed (PermissionError(13, 'Accesso negato.', None, 5))
2026-06-05 10:30:27,505 [ERROR] Errore lettura: ClearCommError failed (PermissionError(13, 'Accesso negato.', None, 5))
2026-06-05 10:30:28,351 [ERROR] Errore lettura: ClearCommError failed (PermissionError(13, 'Accesso negato.', None, 5))
2026-06-05 10:30:28,869 [ERROR] Errore lettura: ClearCommError failed (PermissionError(13, 'Accesso negato.', None, 5))
2026-06-05 10:30:29,395 [ERROR] Errore lettura: ClearCommError failed (PermissionError(13, 'Accesso negato.', None, 5))
2026-06-05 10:30:29,898 [ERROR] Errore lettura: ClearCommError failed (PermissionError(13, 'Accesso negato.', None, 5))
2026-06-05 10:30:30,405 [ERROR] Errore lettura: ClearCommError failed (PermissionError(13, 'Accesso negato.', None, 5))
2026-06-05 10:30:30,911 [ERROR] Errore lettura: ClearCommError failed (PermissionError(13, 'Accesso negato.', None, 5))
2026-06-05 10:30:31,415 [ERROR] Errore lettura: ClearCommError failed (PermissionError(13, 'Accesso negato.', None, 5))
2026-06-05 10:30:31,917 [ERROR] Errore lettura: ClearCommError failed (PermissionError(13, 'Accesso negato.', None, 5))
2026-06-05 10:45:22,753 [ERROR] Errore lettura: ClearCommError failed (PermissionError(13, 'Accesso negato.', None, 5))
2026-06-05 10:45:23,320 [ERROR] Errore lettura: ClearCommError failed (PermissionError(13, 'Accesso negato.', None, 5))
2026-06-05 10:45:23,824 [ERROR] Errore lettura: ClearCommError failed (PermissionError(13, 'Accesso negato.', None, 5))
2026-06-05 10:45:24,333 [ERROR] Errore lettura: ClearCommError failed (PermissionError(13, 'Accesso negato.', None, 5))
2026-06-05 10:45:24,861 [ERROR] Errore lettura: ClearCommError failed (PermissionError(13, 'Accesso negato.', None, 5))
2026-06-05 10:45:25,446 [ERROR] Errore lettura: ClearCommError failed (PermissionError(13, 'Accesso negato.', None, 5))
2026-06-05 10:45:25,951 [ERROR] Errore lettura: ClearCommError failed (PermissionError(13, 'Accesso negato.', None, 5))
2026-06-05 10:45:26,454 [ERROR] Errore lettura: ClearCommError failed (PermissionError(13, 'Accesso negato.', None, 5))
2026-06-05 10:45:26,964 [ERROR] Errore lettura: ClearCommError failed (PermissionError(13, 'Accesso negato.', None, 5))
2026-06-05 10:45:27,465 [ERROR] Errore lettura: ClearCommError failed (PermissionError(13, 'Accesso negato.', None, 5))
2026-06-05 10:45:27,966 [ERROR] Errore lettura: ClearCommError failed (PermissionError(13, 'Accesso negato.', None, 5))
2026-06-05 10:45:28,468 [ERROR] Errore lettura: ClearCommError failed (PermissionError(13, 'Accesso negato.', None, 5))
2026-06-05 10:45:28,970 [ERROR] Errore lettura: ClearCommError failed (PermissionError(13, 'Accesso negato.', None, 5))
2026-06-05 10:45:29,474 [ERROR] Errore lettura: ClearCommError failed (PermissionError(13, 'Accesso negato.', None, 5))
2026-06-05 10:45:30,106 [ERROR] Errore lettura: ClearCommError failed (PermissionError(13, 'Accesso negato.', None, 5))
2026-06-05 10:45:30,640 [ERROR] Errore lettura: ClearCommError failed (PermissionError(13, 'Accesso negato.', None, 5))
2026-06-05 10:45:31,147 [ERROR] Errore lettura: ClearCommError failed (PermissionError(13, 'Accesso negato.', None, 5))
2026-06-05 10:45:31,652 [ERROR] Errore lettura: ClearCommError failed (PermissionError(13, 'Accesso negato.', None, 5))
2026-06-05 10:45:32,183 [ERROR] Errore lettura: ClearCommError failed (PermissionError(13, 'Accesso negato.', None, 5))
2026-06-05 10:45:32,697 [ERROR] Errore lettura: ClearCommError failed (PermissionError(13, 'Accesso negato.', None, 5))
2026-06-05 10:45:33,202 [ERROR] Errore lettura: ClearCommError failed (PermissionError(13, 'Accesso negato.', None, 5))
2026-06-05 10:45:33,704 [ERROR] Errore lettura: ClearCommError failed (PermissionError(13, 'Accesso negato.', None, 5))
2026-06-05 10:45:34,216 [ERROR] Errore lettura: ClearCommError failed (PermissionError(13, 'Accesso negato.', None, 5))
2026-06-05 10:45:34,721 [ERROR] Errore lettura: ClearCommError failed (PermissionError(13, 'Accesso negato.', None, 5))
2026-06-05 10:45:35,246 [ERROR] Errore lettura: ClearCommError failed (PermissionError(13, 'Accesso negato.', None, 5))
2026-06-05 10:45:35,783 [ERROR] Errore lettura: ClearCommError failed (PermissionError(13, 'Accesso negato.', None, 5))
2026-06-05 10:45:36,299 [ERROR] Errore lettura: ClearCommError failed (PermissionError(13, 'Accesso negato.', None, 5))
2026-06-05 10:45:36,803 [ERROR] Errore lettura: ClearCommError failed (PermissionError(13, 'Accesso negato.', None, 5))
2026-06-05 10:45:37,311 [ERROR] Errore lettura: ClearCommError failed (PermissionError(13, 'Accesso negato.', None, 5))
2026-06-05 10:45:37,820 [ERROR] Errore lettura: ClearCommError failed (PermissionError(13, 'Accesso negato.', None, 5))
2026-06-05 10:45:38,333 [ERROR] Errore lettura: ClearCommError failed (PermissionError(13, 'Accesso negato.', None, 5))
2026-06-05 10:45:38,842 [ERROR] Errore lettura: ClearCommError failed (PermissionError(13, 'Accesso negato.', None, 5))
2026-06-05 10:45:39,346 [ERROR] Errore lettura: ClearCommError failed (PermissionError(13, 'Accesso negato.', None, 5))
2026-06-05 10:45:39,848 [ERROR] Errore lettura: ClearCommError failed (PermissionError(13, 'Accesso negato.', None, 5))
2026-06-05 10:45:40,352 [ERROR] Errore lettura: ClearCommError failed (PermissionError(13, 'Accesso negato.', None, 5))
2026-06-05 10:45:40,857 [ERROR] Errore lettura: ClearCommError failed (PermissionError(13, 'Accesso negato.', None, 5))
2026-06-05 10:45:41,360 [ERROR] Errore lettura: ClearCommError failed (PermissionError(13, 'Accesso negato.', None, 5))
2026-06-05 10:45:41,862 [ERROR] Errore lettura: ClearCommError failed (PermissionError(13, 'Accesso negato.', None, 5))
2026-06-05 10:45:42,363 [ERROR] Errore lettura: ClearCommError failed (PermissionError(13, 'Accesso negato.', None, 5))
2026-06-05 10:45:42,867 [ERROR] Errore lettura: ClearCommError failed (PermissionError(13, 'Accesso negato.', None, 5))
2026-06-05 10:45:43,373 [ERROR] Errore lettura: ClearCommError failed (PermissionError(13, 'Accesso negato.', None, 5))
2026-06-05 10:45:43,876 [ERROR] Errore lettura: ClearCommError failed (PermissionError(13, 'Accesso negato.', None, 5))
2026-06-05 10:45:44,380 [ERROR] Errore lettura: ClearCommError failed (PermissionError(13, 'Accesso negato.', None, 5))
2026-06-05 10:45:44,882 [ERROR] Errore lettura: ClearCommError failed (PermissionError(13, 'Accesso negato.', None, 5))
2026-06-05 10:45:45,385 [ERROR] Errore lettura: ClearCommError failed (PermissionError(13, 'Accesso negato.', None, 5))
2026-06-05 10:45:45,887 [ERROR] Errore lettura: ClearCommError failed (PermissionError(13, 'Accesso negato.', None, 5))
2026-06-05 10:45:46,391 [ERROR] Errore lettura: ClearCommError failed (PermissionError(13, 'Accesso negato.', None, 5))
2026-06-05 10:45:46,894 [ERROR] Errore lettura: ClearCommError failed (PermissionError(13, 'Accesso negato.', None, 5))
2026-06-05 10:45:47,396 [ERROR] Errore lettura: ClearCommError failed (PermissionError(13, 'Accesso negato.', None, 5))
2026-06-05 10:45:47,899 [ERROR] Errore lettura: ClearCommError failed (PermissionError(13, 'Accesso negato.', None, 5))
2026-06-05 10:45:48,403 [ERROR] Errore lettura: ClearCommError failed (PermissionError(13, 'Accesso negato.', None, 5))
2026-06-05 10:45:48,906 [ERROR] Errore lettura: ClearCommError failed (PermissionError(13, 'Accesso negato.', None, 5))
2026-06-05 10:45:49,410 [ERROR] Errore lettura: ClearCommError failed (PermissionError(13, 'Accesso negato.', None, 5))
2026-06-05 10:45:49,913 [ERROR] Errore lettura: ClearCommError failed (PermissionError(13, 'Accesso negato.', None, 5))
2026-06-05 10:45:50,417 [ERROR] Errore lettura: ClearCommError failed (PermissionError(13, 'Accesso negato.', None, 5))
2026-06-05 10:45:50,920 [ERROR] Errore lettura: ClearCommError failed (PermissionError(13, 'Accesso negato.', None, 5))
2026-06-05 10:45:51,424 [ERROR] Errore lettura: ClearCommError failed (PermissionError(13, 'Accesso negato.', None, 5))
2026-06-05 10:45:51,926 [ERROR] Errore lettura: ClearCommError failed (PermissionError(13, 'Accesso negato.', None, 5))
2026-06-05 10:45:52,433 [ERROR] Errore lettura: ClearCommError failed (PermissionError(13, 'Accesso negato.', None, 5))
2026-06-05 10:45:52,934 [ERROR] Errore lettura: ClearCommError failed (PermissionError(13, 'Accesso negato.', None, 5))
2026-06-05 10:45:53,437 [ERROR] Errore lettura: ClearCommError failed (PermissionError(13, 'Accesso negato.', None, 5))
2026-06-05 10:45:53,940 [ERROR] Errore lettura: ClearCommError failed (PermissionError(13, 'Accesso negato.', None, 5))
2026-06-05 10:45:54,446 [ERROR] Errore lettura: ClearCommError failed (PermissionError(13, 'Accesso negato.', None, 5))
2026-06-05 10:45:54,950 [ERROR] Errore lettura: ClearCommError failed (PermissionError(13, 'Accesso negato.', None, 5))
2026-06-05 10:45:55,451 [ERROR] Errore lettura: ClearCommError failed (PermissionError(13, 'Accesso negato.', None, 5))
2026-06-05 10:45:55,954 [ERROR] Errore lettura: ClearCommError failed (PermissionError(13, 'Accesso negato.', None, 5))
2026-06-05 10:45:56,458 [ERROR] Errore lettura: ClearCommError failed (PermissionError(13, 'Accesso negato.', None, 5))
2026-06-05 10:45:56,960 [ERROR] Errore lettura: ClearCommError failed (PermissionError(13, 'Accesso negato.', None, 5))
2026-06-05 10:45:57,467 [ERROR] Errore lettura: ClearCommError failed (PermissionError(13, 'Accesso negato.', None, 5))
2026-06-05 10:45:57,969 [ERROR] Errore lettura: ClearCommError failed (PermissionError(13, 'Accesso negato.', None, 5))
2026-06-05 10:45:58,472 [ERROR] Errore lettura: ClearCommError failed (PermissionError(13, 'Accesso negato.', None, 5))
2026-06-05 10:45:58,974 [ERROR] Errore lettura: ClearCommError failed (PermissionError(13, 'Accesso negato.', None, 5))
2026-06-05 10:45:59,478 [ERROR] Errore lettura: ClearCommError failed (PermissionError(13, 'Accesso negato.', None, 5))
2026-06-05 10:45:59,980 [ERROR] Errore lettura: ClearCommError failed (PermissionError(13, 'Accesso negato.', None, 5))
2026-06-05 10:46:00,484 [ERROR] Errore lettura: ClearCommError failed (PermissionError(13, 'Accesso negato.', None, 5))
2026-06-05 10:46:00,986 [ERROR] Errore lettura: ClearCommError failed (PermissionError(13, 'Accesso negato.', None, 5))
2026-06-05 10:46:01,488 [ERROR] Errore lettura: ClearCommError failed (PermissionError(13, 'Accesso negato.', None, 5))
2026-06-05 10:46:01,991 [ERROR] Errore lettura: ClearCommError failed (PermissionError(13, 'Accesso negato.', None, 5))
2026-06-05 10:46:02,495 [ERROR] Errore lettura: ClearCommError failed (PermissionError(13, 'Accesso negato.', None, 5))
2026-06-05 10:46:02,997 [ERROR] Errore lettura: ClearCommError failed (PermissionError(13, 'Accesso negato.', None, 5))
2026-06-05 10:46:03,502 [ERROR] Errore lettura: ClearCommError failed (PermissionError(13, 'Accesso negato.', None, 5))
2026-06-05 10:46:04,021 [ERROR] Errore lettura: ClearCommError failed (PermissionError(13, 'Accesso negato.', None, 5))
2026-06-05 10:46:04,523 [ERROR] Errore lettura: ClearCommError failed (PermissionError(13, 'Accesso negato.', None, 5))
2026-06-05 10:46:05,027 [ERROR] Errore lettura: ClearCommError failed (PermissionError(13, 'Accesso negato.', None, 5))
2026-06-05 10:46:05,529 [ERROR] Errore lettura: ClearCommError failed (PermissionError(13, 'Accesso negato.', None, 5))
2026-06-05 10:46:06,031 [ERROR] Errore lettura: ClearCommError failed (PermissionError(13, 'Accesso negato.', None, 5))
2026-06-05 10:46:06,533 [ERROR] Errore lettura: ClearCommError failed (PermissionError(13, 'Accesso negato.', None, 5))
2026-06-05 10:46:07,035 [ERROR] Errore lettura: ClearCommError failed (PermissionError(13, 'Accesso negato.', None, 5))
2026-06-05 10:46:07,539 [ERROR] Errore lettura: ClearCommError failed (PermissionError(13, 'Accesso negato.', None, 5))
2026-06-05 10:46:08,042 [ERROR] Errore lettura: ClearCommError failed (PermissionError(13, 'Accesso negato.', None, 5))
2026-06-05 10:46:08,548 [ERROR] Errore lettura: ClearCommError failed (PermissionError(13, 'Accesso negato.', None, 5))
2026-06-05 10:46:09,050 [ERROR] Errore lettura: ClearCommError failed (PermissionError(13, 'Accesso negato.', None, 5))
2026-06-05 10:46:09,552 [ERROR] Errore lettura: ClearCommError failed (PermissionError(13, 'Accesso negato.', None, 5))
2026-06-05 10:46:10,055 [ERROR] Errore lettura: ClearCommError failed (PermissionError(13, 'Accesso negato.', None, 5))
2026-06-05 10:46:10,558 [ERROR] Errore lettura: ClearCommError failed (PermissionError(13, 'Accesso negato.', None, 5))
2026-06-05 10:46:11,060 [ERROR] Errore lettura: ClearCommError failed (PermissionError(13, 'Accesso negato.', None, 5))
2026-06-05 10:46:11,563 [ERROR] Errore lettura: ClearCommError failed (PermissionError(13, 'Accesso negato.', None, 5))
2026-06-05 10:46:12,066 [ERROR] Errore lettura: ClearCommError failed (PermissionError(13, 'Accesso negato.', None, 5))
2026-06-05 10:46:12,568 [ERROR] Errore lettura: ClearCommError failed (PermissionError(13, 'Accesso negato.', None, 5))
2026-06-05 10:46:13,165 [ERROR] Errore lettura: ClearCommError failed (OSError(22, 'Operazione completata.', None, 0))
2026-06-05 10:46:13,667 [ERROR] Errore lettura: ClearCommError failed (PermissionError(13, 'Accesso negato.', None, 5))
2026-06-05 10:46:14,169 [ERROR] Errore lettura: ClearCommError failed (PermissionError(13, 'Accesso negato.', None, 5))
2026-06-05 10:46:14,673 [ERROR] Errore lettura: ClearCommError failed (PermissionError(13, 'Accesso negato.', None, 5))
2026-06-05 10:46:15,175 [ERROR] Errore lettura: ClearCommError failed (PermissionError(13, 'Accesso negato.', None, 5))
2026-06-05 10:46:15,678 [ERROR] Errore lettura: ClearCommError failed (PermissionError(13, 'Accesso negato.', None, 5))
2026-06-05 10:46:16,180 [ERROR] Errore lettura: ClearCommError failed (PermissionError(13, 'Accesso negato.', None, 5))
2026-06-05 10:46:16,682 [ERROR] Errore lettura: ClearCommError failed (PermissionError(13, 'Accesso negato.', None, 5))
2026-06-05 10:46:17,184 [ERROR] Errore lettura: ClearCommError failed (PermissionError(13, 'Accesso negato.', None, 5))
2026-06-05 10:46:17,686 [ERROR] Errore lettura: ClearCommError failed (PermissionError(13, 'Accesso negato.', None, 5))
2026-06-05 10:46:18,188 [ERROR] Errore lettura: ClearCommError failed (PermissionError(13, 'Accesso negato.', None, 5))
2026-06-05 10:46:18,695 [ERROR] Errore lettura: ClearCommError failed (PermissionError(13, 'Accesso negato.', None, 5))
2026-06-05 10:46:19,200 [ERROR] Errore lettura: ClearCommError failed (PermissionError(13, 'Accesso negato.', None, 5))
2026-06-05 10:46:19,707 [ERROR] Errore lettura: ClearCommError failed (PermissionError(13, 'Accesso negato.', None, 5))
2026-06-05 10:46:20,209 [ERROR] Errore lettura: ClearCommError failed (PermissionError(13, 'Accesso negato.', None, 5))
2026-06-05 10:46:20,711 [ERROR] Errore lettura: ClearCommError failed (PermissionError(13, 'Accesso negato.', None, 5))
2026-06-05 10:46:21,212 [ERROR] Errore lettura: ClearCommError failed (PermissionError(13, 'Accesso negato.', None, 5))
2026-06-05 10:46:21,733 [ERROR] Errore lettura: ClearCommError failed (PermissionError(13, 'Accesso negato.', None, 5))
2026-06-05 10:46:22,239 [ERROR] Errore lettura: ClearCommError failed (PermissionError(13, 'Accesso negato.', None, 5))
2026-06-05 10:46:22,741 [ERROR] Errore lettura: ClearCommError failed (PermissionError(13, 'Accesso negato.', None, 5))
2026-06-05 10:46:23,245 [ERROR] Errore lettura: ClearCommError failed (PermissionError(13, 'Accesso negato.', None, 5))
2026-06-05 10:46:23,746 [ERROR] Errore lettura: ClearCommError failed (PermissionError(13, 'Accesso negato.', None, 5))
2026-06-05 10:46:24,248 [ERROR] Errore lettura: ClearCommError failed (PermissionError(13, 'Accesso negato.', None, 5))
2026-06-05 10:46:24,751 [ERROR] Errore lettura: ClearCommError failed (PermissionError(13, 'Accesso negato.', None, 5))
2026-06-05 10:46:25,254 [ERROR] Errore lettura: ClearCommError failed (PermissionError(13, 'Accesso negato.', None, 5))
2026-06-05 10:46:25,756 [ERROR] Errore lettura: ClearCommError failed (PermissionError(13, 'Accesso negato.', None, 5))
2026-06-05 10:46:26,259 [ERROR] Errore lettura: ClearCommError failed (PermissionError(13, 'Accesso negato.', None, 5))
2026-06-05 10:46:26,761 [ERROR] Errore lettura: ClearCommError failed (PermissionError(13, 'Accesso negato.', None, 5))
2026-06-05 10:46:27,263 [ERROR] Errore lettura: ClearCommError failed (PermissionError(13, 'Accesso negato.', None, 5))
2026-06-05 10:46:27,766 [ERROR] Errore lettura: ClearCommError failed (PermissionError(13, 'Accesso negato.', None, 5))
2026-06-05 10:46:28,269 [ERROR] Errore lettura: ClearCommError failed (PermissionError(13, 'Accesso negato.', None, 5))
2026-06-05 10:46:28,776 [ERROR] Errore lettura: ClearCommError failed (PermissionError(13, 'Accesso negato.', None, 5))
2026-06-05 10:46:29,279 [ERROR] Errore lettura: ClearCommError failed (PermissionError(13, 'Accesso negato.', None, 5))
2026-06-05 10:46:29,784 [ERROR] Errore lettura: ClearCommError failed (PermissionError(13, 'Accesso negato.', None, 5))
2026-06-05 10:46:30,286 [ERROR] Errore lettura: ClearCommError failed (PermissionError(13, 'Accesso negato.', None, 5))
2026-06-05 10:46:30,790 [ERROR] Errore lettura: ClearCommError failed (PermissionError(13, 'Accesso negato.', None, 5))
2026-06-05 10:46:31,300 [ERROR] Errore lettura: ClearCommError failed (PermissionError(13, 'Accesso negato.', None, 5))
2026-06-05 10:46:31,802 [ERROR] Errore lettura: ClearCommError failed (PermissionError(13, 'Accesso negato.', None, 5))
2026-06-05 10:46:32,304 [ERROR] Errore lettura: ClearCommError failed (PermissionError(13, 'Accesso negato.', None, 5))
2026-06-05 10:46:32,806 [ERROR] Errore lettura: ClearCommError failed (PermissionError(13, 'Accesso negato.', None, 5))
2026-06-05 10:46:33,307 [ERROR] Errore lettura: ClearCommError failed (PermissionError(13, 'Accesso negato.', None, 5))
2026-06-05 10:46:33,810 [ERROR] Errore lettura: ClearCommError failed (PermissionError(13, 'Accesso negato.', None, 5))
2026-06-05 10:46:34,312 [ERROR] Errore lettura: ClearCommError failed (PermissionError(13, 'Accesso negato.', None, 5))
2026-06-05 10:46:34,814 [ERROR] Errore lettura: ClearCommError failed (PermissionError(13, 'Accesso negato.', None, 5))
2026-06-05 10:46:35,316 [ERROR] Errore lettura: ClearCommError failed (PermissionError(13, 'Accesso negato.', None, 5))
2026-06-05 10:46:35,817 [ERROR] Errore lettura: ClearCommError failed (PermissionError(13, 'Accesso negato.', None, 5))
2026-06-05 10:46:36,319 [ERROR] Errore lettura: ClearCommError failed (PermissionError(13, 'Accesso negato.', None, 5))
2026-06-05 10:46:36,822 [ERROR] Errore lettura: ClearCommError failed (PermissionError(13, 'Accesso negato.', None, 5))
2026-06-05 10:46:37,324 [ERROR] Errore lettura: ClearCommError failed (PermissionError(13, 'Accesso negato.', None, 5))
2026-06-05 10:46:37,828 [ERROR] Errore lettura: ClearCommError failed (PermissionError(13, 'Accesso negato.', None, 5))
2026-06-05 10:46:38,330 [ERROR] Errore lettura: ClearCommError failed (PermissionError(13, 'Accesso negato.', None, 5))
2026-06-05 10:46:38,832 [ERROR] Errore lettura: ClearCommError failed (PermissionError(13, 'Accesso negato.', None, 5))
2026-06-05 10:46:39,335 [ERROR] Errore lettura: ClearCommError failed (PermissionError(13, 'Accesso negato.', None, 5))
2026-06-05 10:46:39,838 [ERROR] Errore lettura: ClearCommError failed (PermissionError(13, 'Accesso negato.', None, 5))
2026-06-05 10:46:40,341 [ERROR] Errore lettura: ClearCommError failed (PermissionError(13, 'Accesso negato.', None, 5))
2026-06-05 10:46:40,845 [ERROR] Errore lettura: ClearCommError failed (PermissionError(13, 'Accesso negato.', None, 5))
2026-06-05 10:46:41,348 [ERROR] Errore lettura: ClearCommError failed (PermissionError(13, 'Accesso negato.', None, 5))
2026-06-05 10:46:41,850 [ERROR] Errore lettura: ClearCommError failed (PermissionError(13, 'Accesso negato.', None, 5))
2026-06-05 10:46:42,433 [ERROR] Errore lettura: ClearCommError failed (PermissionError(13, 'Accesso negato.', None, 5))
2026-06-05 10:46:42,940 [ERROR] Errore lettura: ClearCommError failed (PermissionError(13, 'Accesso negato.', None, 5))
2026-06-05 10:46:43,443 [ERROR] Errore lettura: ClearCommError failed (PermissionError(13, 'Accesso negato.', None, 5))
2026-06-05 10:46:43,947 [ERROR] Errore lettura: ClearCommError failed (PermissionError(13, 'Accesso negato.', None, 5))
2026-06-05 10:46:44,450 [ERROR] Errore lettura: ClearCommError failed (PermissionError(13, 'Accesso negato.', None, 5))
2026-06-05 10:46:44,953 [ERROR] Errore lettura: ClearCommError failed (PermissionError(13, 'Accesso negato.', None, 5))
2026-06-05 10:46:45,459 [ERROR] Errore lettura: ClearCommError failed (PermissionError(13, 'Accesso negato.', None, 5))
2026-06-05 10:46:45,962 [ERROR] Errore lettura: ClearCommError failed (PermissionError(13, 'Accesso negato.', None, 5))
2026-06-05 10:46:46,467 [ERROR] Errore lettura: ClearCommError failed (PermissionError(13, 'Accesso negato.', None, 5))
2026-06-05 10:46:46,974 [ERROR] Errore lettura: ClearCommError failed (PermissionError(13, 'Accesso negato.', None, 5))
2026-06-05 10:46:47,482 [ERROR] Errore lettura: ClearCommError failed (PermissionError(13, 'Accesso negato.', None, 5))
2026-06-05 10:46:47,985 [ERROR] Errore lettura: ClearCommError failed (PermissionError(13, 'Accesso negato.', None, 5))
2026-06-05 10:46:48,487 [ERROR] Errore lettura: ClearCommError failed (PermissionError(13, 'Accesso negato.', None, 5))
2026-06-05 10:46:48,989 [ERROR] Errore lettura: ClearCommError failed (PermissionError(13, 'Accesso negato.', None, 5))
2026-06-05 10:46:49,491 [ERROR] Errore lettura: ClearCommError failed (PermissionError(13, 'Accesso negato.', None, 5))
2026-06-05 10:46:49,994 [ERROR] Errore lettura: ClearCommError failed (PermissionError(13, 'Accesso negato.', None, 5))
2026-06-05 10:46:50,497 [ERROR] Errore lettura: ClearCommError failed (PermissionError(13, 'Accesso negato.', None, 5))
2026-06-05 10:46:50,999 [ERROR] Errore lettura: ClearCommError failed (PermissionError(13, 'Accesso negato.', None, 5))
2026-06-05 10:46:51,505 [ERROR] Errore lettura: ClearCommError failed (PermissionError(13, 'Accesso negato.', None, 5))
2026-06-05 10:46:52,008 [ERROR] Errore lettura: ClearCommError failed (PermissionError(13, 'Accesso negato.', None, 5))
2026-06-05 10:46:52,510 [ERROR] Errore lettura: ClearCommError failed (PermissionError(13, 'Accesso negato.', None, 5))
2026-06-05 10:46:53,013 [ERROR] Errore lettura: ClearCommError failed (PermissionError(13, 'Accesso negato.', None, 5))
2026-06-05 10:46:53,516 [ERROR] Errore lettura: ClearCommError failed (PermissionError(13, 'Accesso negato.', None, 5))
2026-06-05 10:46:54,018 [ERROR] Errore lettura: ClearCommError failed (PermissionError(13, 'Accesso negato.', None, 5))
2026-06-05 10:46:54,520 [ERROR] Errore lettura: ClearCommError failed (PermissionError(13, 'Accesso negato.', None, 5))
2026-06-05 10:46:55,025 [ERROR] Errore lettura: ClearCommError failed (PermissionError(13, 'Accesso negato.', None, 5))
2026-06-05 10:46:55,528 [ERROR] Errore lettura: ClearCommError failed (PermissionError(13, 'Accesso negato.', None, 5))
2026-06-05 10:46:56,030 [ERROR] Errore lettura: ClearCommError failed (PermissionError(13, 'Accesso negato.', None, 5))
2026-06-05 10:46:56,532 [ERROR] Errore lettura: ClearCommError failed (PermissionError(13, 'Accesso negato.', None, 5))
2026-06-05 10:46:57,034 [ERROR] Errore lettura: ClearCommError failed (PermissionError(13, 'Accesso negato.', None, 5))
2026-06-05 10:46:57,536 [ERROR] Errore lettura: ClearCommError failed (PermissionError(13, 'Accesso negato.', None, 5))
2026-06-05 10:46:58,050 [ERROR] Errore lettura: ClearCommError failed (PermissionError(13, 'Accesso negato.', None, 5))
2026-06-05 10:46:58,572 [ERROR] Errore lettura: ClearCommError failed (PermissionError(13, 'Accesso negato.', None, 5))
2026-06-05 10:46:59,087 [ERROR] Errore lettura: ClearCommError failed (PermissionError(13, 'Accesso negato.', None, 5))
2026-06-05 10:46:59,627 [ERROR] Errore lettura: ClearCommError failed (PermissionError(13, 'Accesso negato.', None, 5))
2026-06-05 10:47:00,142 [ERROR] Errore lettura: ClearCommError failed (PermissionError(13, 'Accesso negato.', None, 5))
2026-06-05 10:47:00,645 [ERROR] Errore lettura: ClearCommError failed (PermissionError(13, 'Accesso negato.', None, 5))
2026-06-05 10:47:01,151 [ERROR] Errore lettura: ClearCommError failed (PermissionError(13, 'Accesso negato.', None, 5))
2026-06-05 10:47:01,657 [ERROR] Errore lettura: ClearCommError failed (PermissionError(13, 'Accesso negato.', None, 5))
2026-06-05 10:47:02,160 [ERROR] Errore lettura: ClearCommError failed (PermissionError(13, 'Accesso negato.', None, 5))
2026-06-05 10:47:02,662 [ERROR] Errore lettura: ClearCommError failed (PermissionError(13, 'Accesso negato.', None, 5))
2026-06-05 10:47:03,165 [ERROR] Errore lettura: ClearCommError failed (PermissionError(13, 'Accesso negato.', None, 5))
2026-06-05 10:47:03,668 [ERROR] Errore lettura: ClearCommError failed (PermissionError(13, 'Accesso negato.', None, 5))
2026-06-05 10:47:04,172 [ERROR] Errore lettura: ClearCommError failed (PermissionError(13, 'Accesso negato.', None, 5))
2026-06-05 10:47:04,674 [ERROR] Errore lettura: ClearCommError failed (PermissionError(13, 'Accesso negato.', None, 5))
2026-06-05 10:47:05,177 [ERROR] Errore lettura: ClearCommError failed (PermissionError(13, 'Accesso negato.', None, 5))
2026-06-05 10:47:05,682 [ERROR] Errore lettura: ClearCommError failed (PermissionError(13, 'Accesso negato.', None, 5))
2026-06-05 10:47:06,184 [ERROR] Errore lettura: ClearCommError failed (PermissionError(13, 'Accesso negato.', None, 5))
2026-06-05 10:47:06,687 [ERROR] Errore lettura: ClearCommError failed (PermissionError(13, 'Accesso negato.', None, 5))
2026-06-05 10:47:07,189 [ERROR] Errore lettura: ClearCommError failed (PermissionError(13, 'Accesso negato.', None, 5))
2026-06-05 10:47:07,691 [ERROR] Errore lettura: ClearCommError failed (PermissionError(13, 'Accesso negato.', None, 5))
2026-06-05 10:47:08,260 [ERROR] Errore lettura: ClearCommError failed (PermissionError(13, 'Accesso negato.', None, 5))
2026-06-05 10:47:08,766 [ERROR] Errore lettura: ClearCommError failed (PermissionError(13, 'Accesso negato.', None, 5))
2026-06-05 10:47:09,268 [ERROR] Errore lettura: ClearCommError failed (PermissionError(13, 'Accesso negato.', None, 5))
2026-06-05 10:47:09,771 [ERROR] Errore lettura: ClearCommError failed (PermissionError(13, 'Accesso negato.', None, 5))
2026-06-05 10:47:10,276 [ERROR] Errore lettura: ClearCommError failed (PermissionError(13, 'Accesso negato.', None, 5))
2026-06-05 10:47:10,779 [ERROR] Errore lettura: ClearCommError failed (PermissionError(13, 'Accesso negato.', None, 5))
2026-06-05 10:47:11,281 [ERROR] Errore lettura: ClearCommError failed (PermissionError(13, 'Accesso negato.', None, 5))
2026-06-05 10:47:11,783 [ERROR] Errore lettura: ClearCommError failed (PermissionError(13, 'Accesso negato.', None, 5))
2026-06-05 10:47:12,285 [ERROR] Errore lettura: ClearCommError failed (PermissionError(13, 'Accesso negato.', None, 5))
2026-06-05 10:47:12,788 [ERROR] Errore lettura: ClearCommError failed (PermissionError(13, 'Accesso negato.', None, 5))
2026-06-05 10:47:13,291 [ERROR] Errore lettura: ClearCommError failed (PermissionError(13, 'Accesso negato.', None, 5))
2026-06-05 10:47:13,795 [ERROR] Errore lettura: ClearCommError failed (PermissionError(13, 'Accesso negato.', None, 5))
2026-06-05 10:47:14,297 [ERROR] Errore lettura: ClearCommError failed (PermissionError(13, 'Accesso negato.', None, 5))
2026-06-05 10:47:14,799 [ERROR] Errore lettura: ClearCommError failed (PermissionError(13, 'Accesso negato.', None, 5))
2026-06-05 10:47:15,300 [ERROR] Errore lettura: ClearCommError failed (PermissionError(13, 'Accesso negato.', None, 5))
2026-06-05 10:47:15,802 [ERROR] Errore lettura: ClearCommError failed (PermissionError(13, 'Accesso negato.', None, 5))
2026-06-05 10:47:16,304 [ERROR] Errore lettura: ClearCommError failed (PermissionError(13, 'Accesso negato.', None, 5))
2026-06-05 10:47:16,806 [ERROR] Errore lettura: ClearCommError failed (PermissionError(13, 'Accesso negato.', None, 5))
2026-06-05 10:47:17,309 [ERROR] Errore lettura: ClearCommError failed (PermissionError(13, 'Accesso negato.', None, 5))
2026-06-05 10:47:17,811 [ERROR] Errore lettura: ClearCommError failed (PermissionError(13, 'Accesso negato.', None, 5))
2026-06-05 10:47:18,313 [ERROR] Errore lettura: ClearCommError failed (PermissionError(13, 'Accesso negato.', None, 5))
2026-06-05 10:47:18,815 [ERROR] Errore lettura: ClearCommError failed (PermissionError(13, 'Accesso negato.', None, 5))
2026-06-05 10:47:19,318 [ERROR] Errore lettura: ClearCommError failed (PermissionError(13, 'Accesso negato.', None, 5))
2026-06-05 10:47:19,820 [ERROR] Errore lettura: ClearCommError failed (PermissionError(13, 'Accesso negato.', None, 5))
2026-06-05 10:47:20,323 [ERROR] Errore lettura: ClearCommError failed (PermissionError(13, 'Accesso negato.', None, 5))
2026-06-05 10:47:20,825 [ERROR] Errore lettura: ClearCommError failed (PermissionError(13, 'Accesso negato.', None, 5))
2026-06-05 10:47:21,328 [ERROR] Errore lettura: ClearCommError failed (PermissionError(13, 'Accesso negato.', None, 5))
2026-06-05 10:47:21,830 [ERROR] Errore lettura: ClearCommError failed (PermissionError(13, 'Accesso negato.', None, 5))
2026-06-05 10:47:22,332 [ERROR] Errore lettura: ClearCommError failed (PermissionError(13, 'Accesso negato.', None, 5))
2026-06-05 10:47:22,835 [ERROR] Errore lettura: ClearCommError failed (PermissionError(13, 'Accesso negato.', None, 5))
2026-06-05 10:47:23,338 [ERROR] Errore lettura: ClearCommError failed (PermissionError(13, 'Accesso negato.', None, 5))
2026-06-05 10:47:23,840 [ERROR] Errore lettura: ClearCommError failed (PermissionError(13, 'Accesso negato.', None, 5))
2026-06-05 10:47:24,342 [ERROR] Errore lettura: ClearCommError failed (PermissionError(13, 'Accesso negato.', None, 5))
2026-06-05 10:47:24,844 [ERROR] Errore lettura: ClearCommError failed (PermissionError(13, 'Accesso negato.', None, 5))
2026-06-05 10:47:25,346 [ERROR] Errore lettura: ClearCommError failed (PermissionError(13, 'Accesso negato.', None, 5))
2026-06-05 10:47:25,848 [ERROR] Errore lettura: ClearCommError failed (PermissionError(13, 'Accesso negato.', None, 5))
2026-06-05 10:47:26,352 [ERROR] Errore lettura: ClearCommError failed (PermissionError(13, 'Accesso negato.', None, 5))
2026-06-05 10:47:26,855 [ERROR] Errore lettura: ClearCommError failed (PermissionError(13, 'Accesso negato.', None, 5))
2026-06-05 10:47:27,358 [ERROR] Errore lettura: ClearCommError failed (PermissionError(13, 'Accesso negato.', None, 5))
2026-06-05 10:47:27,746 [INFO] Chiusura — RX:8 TX:1 ERR:927
