2026-05-08 13:44:23,961 [INFO] Activator:176 - 


2026-05-08 13:44:23,966 [INFO] Activator:177 - !SESSION log4j initialized
2026-05-08 13:44:29,078 [INFO] LogOutputStream:77 - [STDOUT_REDIRECT] 
2026-05-08 13:44:31,927 [INFO] McuFinderGlobals:63 - Set McuFinder mode to 2 (CubeIDE integrated)
2026-05-08 13:44:33,393 [INFO] ApplicationProperties:184 - Using Application install path: C:\Users\mocci\Documents\APC\STM32CubeIDE_1.19.0\STM32CubeIDE\plugins\com.st.stm32cube.common.mx_6.15.0.202507011659
2026-05-08 13:44:33,422 [INFO] DbMcusXml:78 - Set database path to: C:\Users\mocci\Documents\APC\STM32CubeIDE_1.19.0\STM32CubeIDE\plugins\com.st.stm32cube.common.mx_6.15.0.202507011659\\db\/mcu/
2026-05-08 13:44:33,427 [INFO] ApiDb:274 - Set plugin database path to: C:\Users\mocci\Documents\APC\STM32CubeIDE_1.19.0\STM32CubeIDE\plugins\com.st.stm32cube.common.mx_6.15.0.202507011659\\db\/plugins/boardmanager/
2026-05-08 13:44:33,427 [WARN] ApiDb:259 - Overriding images path with different value:  => C:\Users\mocci\Documents\APC\STM32CubeIDE_1.19.0\STM32CubeIDE\plugins\com.st.stm32cube.common.mx_6.15.0.202507011659\\db\/plugins/mcufinder/images/
2026-05-08 13:44:33,441 [INFO] ApiDb:250 - Set database path to: C:\Users\mocci\.stmcufinder\plugins\mcufinder//mcu/
2026-05-08 13:44:33,443 [INFO] DbMcusAds:125 - Set database path to: C:\Users\mocci\.stmcufinder\plugins\mcufinder//mcu/
2026-05-08 13:44:33,450 [INFO] CrossReferenceDbSqlite:203 - Set database path to: C:\Users\mocci\.stmcufinder\plugins\mcufinder//mcu/cs/
2026-05-08 13:44:33,681 [INFO] RulesReader:64 - Compatibility file has been processed (317 Rules)
2026-05-08 13:44:33,856 [INFO] DbMcusXml:78 - Set database path to: C:\Users\mocci\Documents\APC\STM32CubeIDE_1.19.0\STM32CubeIDE\plugins\com.st.stm32cube.common.mx_6.15.0.202507011659\\db\/mcu/
2026-05-08 13:44:33,858 [INFO] ApiDb:274 - Set plugin database path to: C:\Users\mocci\Documents\APC\STM32CubeIDE_1.19.0\STM32CubeIDE\plugins\com.st.stm32cube.common.mx_6.15.0.202507011659\\db\/plugins/boardmanager/
2026-05-08 13:44:33,858 [INFO] ApiDb:261 - Set plugin images path to: C:\Users\mocci\Documents\APC\STM32CubeIDE_1.19.0\STM32CubeIDE\plugins\com.st.stm32cube.common.mx_6.15.0.202507011659\\db\/plugins/mcufinder/images/
2026-05-08 13:44:33,858 [WARN] DbFile:41 - Overriding database path with different value: C:\Users\mocci\.stmcufinder\plugins\mcufinder/ => C:\Users\mocci\.stmcufinder\plugins\mcufinder
2026-05-08 13:44:33,858 [INFO] ApiDb:250 - Set database path to: C:\Users\mocci\.stmcufinder\plugins\mcufinder//mcu/
2026-05-08 13:44:33,858 [WARN] DbFile:41 - Overriding database path with different value: C:\Users\mocci\.stmcufinder\plugins\mcufinder/ => C:\Users\mocci\.stmcufinder\plugins\mcufinder
2026-05-08 13:44:33,858 [INFO] DbMcusAds:125 - Set database path to: C:\Users\mocci\.stmcufinder\plugins\mcufinder//mcu/
2026-05-08 13:44:33,859 [WARN] DbFile:41 - Overriding database path with different value: C:\Users\mocci\.stmcufinder\plugins\mcufinder/ => C:\Users\mocci\.stmcufinder\plugins\mcufinder
2026-05-08 13:44:33,859 [WARN] DbFile:41 - Overriding database path with different value: C:\Users\mocci\.stmcufinder\plugins\mcufinder/ => C:\Users\mocci\.stmcufinder\plugins\mcufinder
2026-05-08 13:44:33,859 [INFO] CrossReferenceDbSqlite:203 - Set database path to: C:\Users\mocci\.stmcufinder\plugins\mcufinder//mcu/cs/
2026-05-08 13:44:34,020 [INFO] MainPanel:274 - HeapMemory: 268435456
2026-05-08 13:44:34,174 [INFO] DbMcusXml:78 - Set database path to: C:\Users\mocci\Documents\APC\STM32CubeIDE_1.19.0\STM32CubeIDE\plugins\com.st.stm32cube.common.mx_6.15.0.202507011659\\db\/mcu/
2026-05-08 13:44:34,174 [INFO] ApiDb:274 - Set plugin database path to: C:\Users\mocci\Documents\APC\STM32CubeIDE_1.19.0\STM32CubeIDE\plugins\com.st.stm32cube.common.mx_6.15.0.202507011659\\db\/plugins/boardmanager/
2026-05-08 13:44:34,174 [INFO] ApiDb:261 - Set plugin images path to: C:\Users\mocci\Documents\APC\STM32CubeIDE_1.19.0\STM32CubeIDE\plugins\com.st.stm32cube.common.mx_6.15.0.202507011659\\db\/plugins/mcufinder/images/
2026-05-08 13:44:34,176 [WARN] DbFile:41 - Overriding database path with different value: C:\Users\mocci\.stmcufinder\plugins\mcufinder/ => C:\Users\mocci\.stmcufinder\plugins\mcufinder
2026-05-08 13:44:34,177 [INFO] ApiDb:250 - Set database path to: C:\Users\mocci\.stmcufinder\plugins\mcufinder//mcu/
2026-05-08 13:44:34,177 [WARN] DbFile:41 - Overriding database path with different value: C:\Users\mocci\.stmcufinder\plugins\mcufinder/ => C:\Users\mocci\.stmcufinder\plugins\mcufinder
2026-05-08 13:44:34,177 [INFO] DbMcusAds:125 - Set database path to: C:\Users\mocci\.stmcufinder\plugins\mcufinder//mcu/
2026-05-08 13:44:34,178 [WARN] DbFile:41 - Overriding database path with different value: C:\Users\mocci\.stmcufinder\plugins\mcufinder/ => C:\Users\mocci\.stmcufinder\plugins\mcufinder
2026-05-08 13:44:34,178 [WARN] DbFile:41 - Overriding database path with different value: C:\Users\mocci\.stmcufinder\plugins\mcufinder/ => C:\Users\mocci\.stmcufinder\plugins\mcufinder
2026-05-08 13:44:34,178 [INFO] CrossReferenceDbSqlite:203 - Set database path to: C:\Users\mocci\.stmcufinder\plugins\mcufinder//mcu/cs/
2026-05-08 13:44:34,216 [INFO] ApplicationProperties:184 - Using Application install path: C:\Users\mocci\Documents\APC\STM32CubeIDE_1.19.0\STM32CubeIDE\plugins\com.st.stm32cube.common.mx_6.15.0.202507011659
2026-05-08 13:44:34,220 [INFO] PluginManage:196 - Search for loadable plugins [exclusion list=, ]
2026-05-08 13:44:34,222 [INFO] PluginManage:310 - Check plugin analytics
2026-05-08 13:44:34,653 [INFO] AnalyticsPlugin:253 - Accepted Software Licenses: 
2026-05-08 13:44:34,653 [INFO] AnalyticsPlugin:255 - Accepted CMSIS Pack Licenses: 
2026-05-08 13:44:34,654 [INFO] AnalyticsPlugin:257 - Accepted Firmware Licenses: FW.F4.1.28.0
2026-05-08 13:44:34,663 [INFO] PluginManage:359 - Loaded plugin analytics (category:tool,tabindex:-1)
2026-05-08 13:44:34,663 [INFO] PluginManage:310 - Check plugin cadmodel
2026-05-08 13:44:34,670 [INFO] CADModel:105 - Init CAD model plugin
2026-05-08 13:44:34,671 [INFO] PluginManage:359 - Loaded plugin cadmodel (category:power,tabindex:5)
2026-05-08 13:44:34,671 [INFO] PluginManage:310 - Check plugin clock
2026-05-08 13:44:34,692 [INFO] PluginManage:359 - Loaded plugin clock (category:base,tabindex:2)
2026-05-08 13:44:34,692 [INFO] PluginManage:310 - Check plugin ddr
2026-05-08 13:44:34,696 [INFO] PluginManage:359 - Loaded plugin ddr (category:tool,tabindex:6)
2026-05-08 13:44:34,696 [INFO] PluginManage:310 - Check plugin filemanager
2026-05-08 13:44:35,066 [INFO] PluginManage:359 - Loaded plugin filemanager (category:base,tabindex:10)
2026-05-08 13:44:35,066 [INFO] PluginManage:310 - Check plugin ipmanager
2026-05-08 13:44:35,080 [INFO] PluginManage:359 - Loaded plugin ipmanager (category:base,tabindex:5)
2026-05-08 13:44:35,080 [INFO] PluginManage:310 - Check plugin lpbam
2026-05-08 13:44:35,096 [INFO] PluginManage:359 - Loaded plugin lpbam (category:base,tabindex:0)
2026-05-08 13:44:35,096 [INFO] PluginManage:310 - Check plugin memorymap
2026-05-08 13:44:35,115 [INFO] PluginManage:359 - Loaded plugin memorymap (category:base,tabindex:4)
2026-05-08 13:44:35,115 [INFO] PluginManage:310 - Check plugin pinoutandconfiguration
2026-05-08 13:44:35,130 [INFO] PluginManage:359 - Loaded plugin pinoutandconfiguration (category:base,tabindex:1)
2026-05-08 13:44:35,131 [INFO] PluginManage:310 - Check plugin pinoutconfig
2026-05-08 13:44:35,283 [WARN] SupportedApi:132 - Cannot load RTOS API schema: s4s-elt-must-match.1: The content of 'definitions' must match (annotation?, (simpleType | complexType)?, (unique | key | keyref)*)). A problem was found starting at: attribute.
2026-05-08 13:44:35,513 [INFO] PluginManage:359 - Loaded plugin pinoutconfig (category:base,tabindex:0)
2026-05-08 13:44:35,513 [INFO] PluginManage:310 - Check plugin power
2026-05-08 13:44:35,527 [INFO] PluginManage:359 - Loaded plugin power (category:power,tabindex:4)
2026-05-08 13:44:35,528 [INFO] PluginManage:310 - Check plugin projectmanager
2026-05-08 13:44:35,556 [INFO] PluginManage:359 - Loaded plugin projectmanager (category:projectmanager,tabindex:4)
2026-05-08 13:44:35,556 [INFO] PluginManage:310 - Check plugin rif
2026-05-08 13:44:35,569 [INFO] PluginManage:359 - Loaded plugin rif (category:base,tabindex:3)
2026-05-08 13:44:35,569 [INFO] PluginManage:310 - Check plugin thirdparty
2026-05-08 13:44:35,811 [WARN] IntegrityCheckThread:84 - waiting for thirdparty lock release [integrity check]
2026-05-08 13:44:35,812 [INFO] IntegrityCheckThread:86 - entering critical section [integrity check]
2026-05-08 13:44:35,812 [INFO] ThirdPartyUpdaterWithRetryManager:70 - Updater plugin not ready yet. [1/15]
2026-05-08 13:44:35,813 [INFO] PluginManage:359 - Loaded plugin thirdparty (category:base,tabindex:-1)
2026-05-08 13:44:35,813 [INFO] PluginManage:310 - Check plugin tools
2026-05-08 13:44:35,823 [INFO] PluginManage:359 - Loaded plugin tools (category:base,tabindex:7)
2026-05-08 13:44:35,823 [INFO] PluginManage:310 - Check plugin tutovideos
2026-05-08 13:44:36,172 [INFO] PluginManage:359 - Loaded plugin tutovideos (category:base,tabindex:-1)
2026-05-08 13:44:36,173 [INFO] PluginManage:310 - Check plugin updater
2026-05-08 13:44:36,212 [INFO] PluginManage:359 - Loaded plugin updater (category:base,tabindex:12)
2026-05-08 13:44:36,212 [INFO] PluginManage:310 - Check plugin userauth
2026-05-08 13:44:36,218 [INFO] UserAuth:118 - Init User Auth plugin
2026-05-08 13:44:36,221 [INFO] PluginManage:359 - Loaded plugin userauth (category:base,tabindex:14)
2026-05-08 13:44:36,222 [INFO] PluginManage:283 - PluginManage : Loaded plugins [18]
2026-05-08 13:44:36,587 [INFO] PinOutPanel:1589 - setPackage(No Configuration,No Configuration)
2026-05-08 13:44:36,725 [INFO] CADModel:165 - CPN selected for project level
2026-05-08 13:44:36,725 [INFO] CADModel:114 - Register for checkConnection events
2026-05-08 13:44:36,758 [INFO] IPUIPlugin:80 - create IPUIPlugin
2026-05-08 13:44:36,759 [INFO] PluginManager:220 - loadIPPluginJar : add adc
2026-05-08 13:44:36,762 [INFO] IPUIPlugin:80 - create IPUIPlugin
2026-05-08 13:44:36,763 [INFO] PluginManager:220 - loadIPPluginJar : add aes
2026-05-08 13:44:36,767 [INFO] IPUIPlugin:80 - create IPUIPlugin
2026-05-08 13:44:36,767 [INFO] PluginManager:220 - loadIPPluginJar : add can
2026-05-08 13:44:36,769 [INFO] IPUIPlugin:80 - create IPUIPlugin
2026-05-08 13:44:36,770 [INFO] PluginManager:220 - loadIPPluginJar : add comp
2026-05-08 13:44:36,773 [INFO] IPUIPlugin:80 - create IPUIPlugin
2026-05-08 13:44:36,773 [INFO] PluginManager:220 - loadIPPluginJar : add cryp
2026-05-08 13:44:36,776 [INFO] IPUIPlugin:80 - create IPUIPlugin
2026-05-08 13:44:36,778 [INFO] PluginManager:220 - loadIPPluginJar : add ddr_ctrl_phy
2026-05-08 13:44:36,781 [INFO] IPUIPlugin:80 - create IPUIPlugin
2026-05-08 13:44:36,782 [INFO] PluginManager:220 - loadIPPluginJar : add dfsdm
2026-05-08 13:44:36,789 [INFO] IPUIPlugin:80 - create IPUIPlugin
2026-05-08 13:44:36,790 [INFO] PluginManager:220 - loadIPPluginJar : add dma
2026-05-08 13:44:36,795 [INFO] IPUIPlugin:80 - create IPUIPlugin
2026-05-08 13:44:36,795 [INFO] PluginManager:220 - loadIPPluginJar : add dma3
2026-05-08 13:44:36,800 [INFO] IPUIPlugin:80 - create IPUIPlugin
2026-05-08 13:44:36,800 [INFO] PluginManager:220 - loadIPPluginJar : add extmemmanager
2026-05-08 13:44:36,802 [INFO] IPUIPlugin:80 - create IPUIPlugin
2026-05-08 13:44:36,803 [INFO] PluginManager:220 - loadIPPluginJar : add fatfs
2026-05-08 13:44:36,810 [INFO] IPUIPlugin:80 - create IPUIPlugin
2026-05-08 13:44:36,810 [INFO] PluginManager:220 - loadIPPluginJar : add fmc
2026-05-08 13:44:36,818 [INFO] IPUIPlugin:80 - create IPUIPlugin
2026-05-08 13:44:36,818 [INFO] PluginManager:220 - loadIPPluginJar : add freertos
2026-05-08 13:44:36,821 [INFO] IPUIPlugin:80 - create IPUIPlugin
2026-05-08 13:44:36,821 [INFO] PluginManager:220 - loadIPPluginJar : add genericplugin
2026-05-08 13:44:36,826 [INFO] IPUIPlugin:80 - create IPUIPlugin
2026-05-08 13:44:36,826 [INFO] PluginManager:220 - loadIPPluginJar : add gfxmmu
2026-05-08 13:44:36,839 [INFO] IPUIPlugin:80 - create IPUIPlugin
2026-05-08 13:44:36,840 [INFO] PluginManager:220 - loadIPPluginJar : add gic
2026-05-08 13:44:36,846 [INFO] IPUIPlugin:80 - create IPUIPlugin
2026-05-08 13:44:36,846 [INFO] PluginManager:220 - loadIPPluginJar : add gpio
2026-05-08 13:44:36,852 [INFO] IPUIPlugin:80 - create IPUIPlugin
2026-05-08 13:44:36,852 [INFO] PluginManager:220 - loadIPPluginJar : add gtzc
2026-05-08 13:44:36,856 [INFO] IPUIPlugin:80 - create IPUIPlugin
2026-05-08 13:44:36,857 [INFO] PluginManager:220 - loadIPPluginJar : add hash
2026-05-08 13:44:36,861 [INFO] IPUIPlugin:80 - create IPUIPlugin
2026-05-08 13:44:36,861 [INFO] PluginManager:220 - loadIPPluginJar : add i2c
2026-05-08 13:44:36,864 [INFO] IPUIPlugin:80 - create IPUIPlugin
2026-05-08 13:44:36,865 [INFO] PluginManager:220 - loadIPPluginJar : add i2s
2026-05-08 13:44:36,869 [INFO] IPUIPlugin:80 - create IPUIPlugin
2026-05-08 13:44:36,869 [INFO] PluginManager:220 - loadIPPluginJar : add i3c
2026-05-08 13:44:36,874 [INFO] IPUIPlugin:80 - create IPUIPlugin
2026-05-08 13:44:36,875 [INFO] PluginManager:220 - loadIPPluginJar : add ipddr
2026-05-08 13:44:36,886 [INFO] IPUIPlugin:80 - create IPUIPlugin
2026-05-08 13:44:36,886 [INFO] PluginManager:220 - loadIPPluginJar : add linkedlist
2026-05-08 13:44:36,891 [INFO] IPUIPlugin:80 - create IPUIPlugin
2026-05-08 13:44:36,892 [INFO] PluginManager:220 - loadIPPluginJar : add lorawan
2026-05-08 13:44:36,894 [INFO] IPUIPlugin:80 - create IPUIPlugin
2026-05-08 13:44:36,894 [INFO] PluginManager:220 - loadIPPluginJar : add ltdc
2026-05-08 13:44:36,902 [INFO] IPUIPlugin:80 - create IPUIPlugin
2026-05-08 13:44:36,903 [INFO] PluginManager:220 - loadIPPluginJar : add mdma
2026-05-08 13:44:36,908 [INFO] IPUIPlugin:80 - create IPUIPlugin
2026-05-08 13:44:36,909 [INFO] PluginManager:220 - loadIPPluginJar : add nvic
2026-05-08 13:44:36,913 [INFO] IPUIPlugin:80 - create IPUIPlugin
2026-05-08 13:44:36,913 [INFO] PluginManager:220 - loadIPPluginJar : add opamp
2026-05-08 13:44:36,918 [INFO] IPUIPlugin:80 - create IPUIPlugin
2026-05-08 13:44:36,918 [INFO] PluginManager:220 - loadIPPluginJar : add openamp
2026-05-08 13:44:36,924 [INFO] IPUIPlugin:80 - create IPUIPlugin
2026-05-08 13:44:36,924 [INFO] PluginManager:220 - loadIPPluginJar : add pdm2pcm
2026-05-08 13:44:36,933 [INFO] IPUIPlugin:80 - create IPUIPlugin
2026-05-08 13:44:36,937 [INFO] PluginManager:220 - loadIPPluginJar : add plateformsettings
2026-05-08 13:44:36,940 [INFO] IPUIPlugin:80 - create IPUIPlugin
2026-05-08 13:44:36,940 [INFO] PluginManager:220 - loadIPPluginJar : add quadspi
2026-05-08 13:44:36,943 [INFO] IPUIPlugin:80 - create IPUIPlugin
2026-05-08 13:44:36,944 [INFO] PluginManager:220 - loadIPPluginJar : add radio
2026-05-08 13:44:36,948 [INFO] IPUIPlugin:80 - create IPUIPlugin
2026-05-08 13:44:36,949 [INFO] PluginManager:220 - loadIPPluginJar : add resmgrutility
2026-05-08 13:44:36,953 [INFO] IPUIPlugin:80 - create IPUIPlugin
2026-05-08 13:44:36,953 [INFO] PluginManager:220 - loadIPPluginJar : add sai
2026-05-08 13:44:36,960 [INFO] IPUIPlugin:80 - create IPUIPlugin
2026-05-08 13:44:36,960 [INFO] PluginManager:220 - loadIPPluginJar : add spi
2026-05-08 13:44:36,969 [INFO] IPUIPlugin:80 - create IPUIPlugin
2026-05-08 13:44:36,969 [INFO] PluginManager:220 - loadIPPluginJar : add stm32_wpan
2026-05-08 13:44:36,972 [INFO] IPUIPlugin:80 - create IPUIPlugin
2026-05-08 13:44:36,972 [INFO] PluginManager:220 - loadIPPluginJar : add tim
2026-05-08 13:44:36,976 [INFO] IPUIPlugin:80 - create IPUIPlugin
2026-05-08 13:44:36,978 [INFO] PluginManager:220 - loadIPPluginJar : add touchsensing
2026-05-08 13:44:36,982 [INFO] IPUIPlugin:80 - create IPUIPlugin
2026-05-08 13:44:36,982 [INFO] PluginManager:220 - loadIPPluginJar : add tracer_emb
2026-05-08 13:44:36,984 [INFO] IPUIPlugin:80 - create IPUIPlugin
2026-05-08 13:44:36,984 [INFO] PluginManager:220 - loadIPPluginJar : add ts
2026-05-08 13:44:36,987 [INFO] IPUIPlugin:80 - create IPUIPlugin
2026-05-08 13:44:36,987 [INFO] PluginManager:220 - loadIPPluginJar : add tsc
2026-05-08 13:44:36,990 [INFO] IPUIPlugin:80 - create IPUIPlugin
2026-05-08 13:44:36,990 [INFO] PluginManager:220 - loadIPPluginJar : add ucpd
2026-05-08 13:44:36,994 [INFO] IPUIPlugin:80 - create IPUIPlugin
2026-05-08 13:44:36,994 [INFO] PluginManager:220 - loadIPPluginJar : add usart
2026-05-08 13:44:36,999 [INFO] IPUIPlugin:80 - create IPUIPlugin
2026-05-08 13:44:37,000 [INFO] PluginManager:220 - loadIPPluginJar : add usbx
2026-05-08 13:44:37,168 [FATAL] Updater:351 - Updater called before beeing initialized
2026-05-08 13:44:37,232 [INFO] RulesReader:64 - Compatibility file has been processed (317 Rules)
2026-05-08 13:44:37,246 [INFO] RulesReader:64 - Compatibility file has been processed (317 Rules)
2026-05-08 13:44:37,262 [INFO] CADModel:165 - CPN selected for project level
2026-05-08 13:44:37,262 [INFO] CADModel:114 - Register for checkConnection events
2026-05-08 13:44:37,262 [FATAL] Updater:351 - Updater called before beeing initialized
2026-05-08 13:44:37,262 [ERROR] CADModel:125 - Updater not yet initialized, retry later 
2026-05-08 13:44:37,500 [FATAL] Updater:351 - Updater called before beeing initialized
2026-05-08 13:44:37,502 [INFO] CADModel:165 - CPN selected for project level
2026-05-08 13:44:37,503 [INFO] CADModel:114 - Register for checkConnection events
2026-05-08 13:44:37,503 [FATAL] Updater:351 - Updater called before beeing initialized
2026-05-08 13:44:37,503 [ERROR] CADModel:125 - Updater not yet initialized, retry later 
2026-05-08 13:44:37,508 [FATAL] Updater:351 - Updater called before beeing initialized
2026-05-08 13:44:37,704 [FATAL] Updater:351 - Updater called before beeing initialized
2026-05-08 13:44:37,713 [INFO] DbMcusAds:53 - JSON generation date=Mon Apr 27 10:14:29 CEST 2026 (1777277669577)
2026-05-08 13:44:37,713 [FATAL] Updater:351 - Updater called before beeing initialized
2026-05-08 13:44:37,763 [WARN] DetailPanel:346 - Failed to get advertising image, set to default
2026-05-08 13:44:37,924 [FATAL] Updater:351 - Updater called before beeing initialized
2026-05-08 13:44:37,928 [FATAL] Updater:351 - Updater called before beeing initialized
2026-05-08 13:44:37,928 [FATAL] Updater:351 - Updater called before beeing initialized
2026-05-08 13:44:37,928 [WARN] DetailPanel:346 - Failed to get advertising image, set to default
2026-05-08 13:44:37,931 [FATAL] Updater:351 - Updater called before beeing initialized
2026-05-08 13:44:38,001 [ERROR] Updater:1198 - MainUpdater not yet initialized. External WinMGr cannot be set.
2026-05-08 13:44:38,003 [INFO] Updater:1134 - Updater Version found : 6.15.0
2026-05-08 13:44:38,028 [INFO] ApplicationProperties:184 - Using Application install path: C:\Users\mocci\Documents\APC\STM32CubeIDE_1.19.0\STM32CubeIDE\plugins\com.st.stm32cube.common.mx_6.15.0.202507011659
2026-05-08 13:44:38,512 [INFO] MainUpdater:2872 - connection check result : 10
2026-05-08 13:44:38,513 [INFO] MainUpdater:289 - Updater Check For Update Now.
2026-05-08 13:44:38,514 [INFO] MicroXplorer:498 - Change Database Version : DB.6.0.150
2026-05-08 13:44:38,531 [INFO] McuFinderGlobals:63 - Set McuFinder mode to 2 (CubeIDE integrated)
2026-05-08 13:44:38,532 [INFO] UserAuth:487 - Internet connection configuration mode: 1
2026-05-08 13:44:38,566 [INFO] JxBrowserEngine:152 - Initiate JxBrowser Engine with user profile folder
2026-05-08 13:44:38,738 [INFO] MainUpdater:2872 - connection check result : 10
2026-05-08 13:44:38,738 [INFO] CheckServerUpdateThread:120 - End of CheckServer Thread
2026-05-08 13:44:38,748 [INFO] McuFinderGlobals:76 - Set McuFinderConnectedMode to true
2026-05-08 13:44:38,814 [WARN] MainUpdater:1193 - Updater busy. Cannot search thirdparties
2026-05-08 13:44:38,814 [INFO] ThirdPartyUpdaterWithRetryManager:96 - Updater plugin is busy. [1/15]
2026-05-08 13:44:39,121 [INFO] ServerAccessManage:452 - Complete download http(s) 200
2026-05-08 13:44:39,124 [INFO] ServerAccessManage:509 - Download File mcusAds.json._tmp_
2026-05-08 13:44:39,248 [INFO] LoadUrlFilesThread:156 - End of LoadUrlFiles Thread
2026-05-08 13:44:39,396 [INFO] ServerAccessManage:452 - Complete download http(s) 200
2026-05-08 13:44:39,397 [INFO] ServerAccessManage:509 - Download File cube-finder-db.zip
2026-05-08 13:44:40,213 [INFO] WebApp:169 - Instantiating new browser for Auth
2026-05-08 13:44:41,815 [WARN] MainUpdater:1193 - Updater busy. Cannot search thirdparties
2026-05-08 13:44:41,816 [INFO] ThirdPartyUpdaterWithRetryManager:96 - Updater plugin is busy. [2/15]
2026-05-08 13:44:42,044 [INFO] WebApp:463 - Apply proxy settings
2026-05-08 13:44:42,044 [INFO] WebApp:548 - Chromium requires no authentication
2026-05-08 13:44:42,066 [INFO] WebApp:491 - Direct internet connection detected
2026-05-08 13:44:42,130 [INFO] WebApp:900 - Register for checkConnection events
2026-05-08 13:44:42,131 [INFO] WebApp:463 - Apply proxy settings
2026-05-08 13:44:42,131 [INFO] WebApp:548 - Chromium requires no authentication
2026-05-08 13:44:42,132 [INFO] WebApp:491 - Direct internet connection detected
2026-05-08 13:44:42,457 [INFO] WebApp:191 - Connection restablished
2026-05-08 13:44:42,633 [INFO] WebApp:225 - Starting web application
2026-05-08 13:44:42,633 [INFO] WebApp:593 - Web application path used C:\Users\mocci\Documents\APC\STM32CubeIDE_1.19.0\STM32CubeIDE\plugins\com.st.stm32cube.common.mx_6.15.0.202507011659\db\plugins\mcufinder\reactClient1\index.html
2026-05-08 13:44:42,858 [INFO] UserAuth:487 - Internet connection configuration mode: 1
2026-05-08 13:44:43,629 [INFO] FileExtend:248 - Unzip File : cube-finder-db.zip
2026-05-08 13:44:43,631 [INFO] FileExtend:263 - Standard Zip Deflate
2026-05-08 13:44:44,818 [WARN] MainUpdater:1193 - Updater busy. Cannot search thirdparties
2026-05-08 13:44:44,819 [INFO] ThirdPartyUpdaterWithRetryManager:96 - Updater plugin is busy. [3/15]
2026-05-08 13:44:45,536 [INFO] LoadUrlFilesThread:156 - End of LoadUrlFiles Thread
2026-05-08 13:44:45,853 [INFO] ServerAccessManage:452 - Complete download http(s) 200
2026-05-08 13:44:45,854 [INFO] ServerAccessManage:509 - Download File crdb.zip
2026-05-08 13:44:46,114 [INFO] FileExtend:248 - Unzip File : crdb.zip
2026-05-08 13:44:46,116 [INFO] FileExtend:263 - Standard Zip Deflate
2026-05-08 13:44:46,271 [INFO] LoadUrlFilesThread:156 - End of LoadUrlFiles Thread
2026-05-08 13:44:46,415 [INFO] ServerAccessManage:452 - Complete download http(s) 200
2026-05-08 13:44:46,416 [INFO] ServerAccessManage:509 - Download File tutoVideoDB.zip
2026-05-08 13:44:46,430 [INFO] FileExtend:248 - Unzip File : tutoVideoDB.zip
2026-05-08 13:44:46,432 [INFO] FileExtend:263 - Standard Zip Deflate
2026-05-08 13:44:46,563 [INFO] LoadUrlFilesThread:156 - End of LoadUrlFiles Thread
2026-05-08 13:44:46,573 [WARN] DbFile:41 - Overriding database path with different value: C:\Users\mocci\.stmcufinder\plugins\mcufinder/ => C:\Users\mocci\.stmcufinder\plugins\mcufinder
2026-05-08 13:44:46,838 [ERROR] ServerAccessManage:1212 - Problem, file not found on Server
2026-05-08 13:44:46,841 [ERROR] ServerAccessManage:740 - Problem, file not found on Server : api_config.json.
2026-05-08 13:44:47,819 [WARN] MainUpdater:1193 - Updater busy. Cannot search thirdparties
2026-05-08 13:44:47,819 [INFO] ThirdPartyUpdaterWithRetryManager:96 - Updater plugin is busy. [4/15]
2026-05-08 13:44:50,822 [WARN] MainUpdater:1193 - Updater busy. Cannot search thirdparties
2026-05-08 13:44:50,822 [INFO] ThirdPartyUpdaterWithRetryManager:96 - Updater plugin is busy. [5/15]
2026-05-08 13:44:53,187 [INFO] LoadUrlFilesThread:156 - End of LoadUrlFiles Thread
2026-05-08 13:44:54,111 [WARN] PackLoader:240 - Cannot read IP mode file for STMicroelectronics.X-CUBE-AZRTOS-H7.3.5.0
2026-05-08 13:44:54,124 [WARN] PackLoader:240 - Cannot read IP mode file for STMicroelectronics.FP-ATR-ASTRA1.2.0.2
2026-05-08 13:44:54,138 [WARN] PackLoader:240 - Cannot read IP mode file for STMicroelectronics.X-CUBE-SMBUS.2.1.0
2026-05-08 13:44:54,158 [WARN] PackLoader:240 - Cannot read IP mode file for STMicroelectronics.X-CUBE-AZRTOS-F7.1.1.0
2026-05-08 13:44:54,170 [WARN] PackLoader:240 - Cannot read IP mode file for STMicroelectronics.FP-SNS-MOTENV1.5.1.0
2026-05-08 13:44:54,185 [WARN] PackLoader:240 - Cannot read IP mode file for WES.I-CUBE-Cesium.1.4.0
2026-05-08 13:44:54,197 [WARN] PackLoader:240 - Cannot read IP mode file for STMicroelectronics.X-CUBE-DISPLAY.3.0.0
2026-05-08 13:44:54,216 [WARN] PackLoader:240 - Cannot read IP mode file for STMicroelectronics.X-CUBE-GNSS1.7.1.1
2026-05-08 13:44:54,222 [WARN] PackLoader:240 - Cannot read IP mode file for STMicroelectronics.FP-SNS-MOTENVWB1.1.5.0
2026-05-08 13:44:54,231 [WARN] PackLoader:240 - Cannot read IP mode file for STMicroelectronics.X-CUBE-NFC10.1.0.0
2026-05-08 13:44:54,239 [WARN] PackLoader:240 - Cannot read IP mode file for STMicroelectronics.X-CUBE-ST60.1.1.0
2026-05-08 13:44:54,248 [WARN] PackLoader:240 - Cannot read IP mode file for emotas.I-CUBE-CANOPEN.1.3.0
2026-05-08 13:44:54,254 [WARN] PackLoader:240 - Cannot read IP mode file for STMicroelectronics.X-CUBE-GNSS1.7.1.0
2026-05-08 13:44:54,264 [WARN] PackLoader:240 - Cannot read IP mode file for STMicroelectronics.FP-SNS-STBOX1.2.1.0
2026-05-08 13:44:54,273 [WARN] PackLoader:240 - Cannot read IP mode file for STMicroelectronics.FP-SNS-SMARTAG2.1.2.0
2026-05-08 13:44:54,278 [WARN] PackLoader:240 - Cannot read IP mode file for STMicroelectronics.FP-SNS-FLIGHT1.5.1.0
2026-05-08 13:44:54,290 [INFO] LogOutputStream:77 - [STDOUT_REDIRECT] 1 : Invalid condition id : UX_CORESTACK_Condition cause : null
2026-05-08 13:44:54,290 [INFO] LogOutputStream:77 - [STDOUT_REDIRECT] 1 : Invalid condition id : UX_CORESTACK_Condition cause : null
2026-05-08 13:44:54,292 [INFO] LogOutputStream:77 - [STDOUT_REDIRECT] 1 : Invalid condition id : UX_CORESTACK_Condition cause : null
2026-05-08 13:44:54,293 [INFO] LogOutputStream:77 - [STDOUT_REDIRECT] 1 : Invalid condition id : UX_CORESTACK_Condition cause : null
2026-05-08 13:44:54,296 [INFO] LogOutputStream:77 - [STDOUT_REDIRECT] 1 : Invalid condition id : UX_CORESTACK_Condition cause : null
2026-05-08 13:44:54,300 [WARN] PackLoader:240 - Cannot read IP mode file for STMicroelectronics.X-CUBE-AZRTOS-WL.2.0.0
2026-05-08 13:44:54,320 [WARN] PackLoader:240 - Cannot read IP mode file for STMicroelectronics.X-CUBE-AZRTOS-H7RS.1.2.0
2026-05-08 13:44:54,330 [WARN] PackLoader:240 - Cannot read IP mode file for STMicroelectronics.X-CUBE-BLE2.3.3.0
2026-05-08 13:44:54,367 [WARN] PackLoader:240 - Cannot read IP mode file for Infineon.AIROC-Wi-Fi-Bluetooth-STM32.1.8.0
2026-05-08 13:44:54,379 [WARN] PackLoader:240 - Cannot read IP mode file for STMicroelectronics.X-CUBE-NFC9.1.0.0
2026-05-08 13:44:54,386 [WARN] PackLoader:240 - Cannot read IP mode file for STMicroelectronics.X-CUBE-BLE1.7.1.0
2026-05-08 13:44:54,390 [WARN] PackLoader:240 - Cannot read IP mode file for wolfSSL.I-CUBE-wolfMQTT.1.19.2
2026-05-08 13:44:54,398 [WARN] PackLoader:240 - Cannot read IP mode file for STMicroelectronics.X-CUBE-EEPRMA1.5.2.0
2026-05-08 13:44:54,403 [WARN] PackLoader:240 - Cannot read IP mode file for wolfSSL.I-CUBE-wolfSSL.5.8.4
2026-05-08 13:44:54,409 [WARN] PackLoader:240 - Cannot read IP mode file for STMicroelectronics.FP-SNS-STAIOTCFT.1.1.0
2026-05-08 13:44:54,446 [WARN] PackLoader:240 - Cannot read IP mode file for STMicroelectronics.X-CUBE-MEMS1.12.0.0
2026-05-08 13:44:54,536 [WARN] PackLoader:240 - Cannot read IP mode file for STMicroelectronics.X-CUBE-AZRTOS-G0.1.1.0
2026-05-08 13:44:54,543 [WARN] PackLoader:240 - Cannot read IP mode file for STMicroelectronics.X-CUBE-NFC4.3.0.0
2026-05-08 13:44:54,555 [WARN] PackLoader:240 - Cannot read IP mode file for EmbeddedOffice.I-CUBE-FS-RTOS.1.0.1
2026-05-08 13:44:54,559 [WARN] PackLoader:240 - Cannot read IP mode file for wolfSSL.I-CUBE-wolfTPM.3.8.0
2026-05-08 13:44:54,565 [WARN] PackLoader:240 - Cannot read IP mode file for STMicroelectronics.X-CUBE-TCPP.4.2.0
2026-05-08 13:44:54,572 [WARN] PackLoader:240 - Cannot read IP mode file for RealThread.X-CUBE-RT-Thread_Nano.4.1.1
2026-05-08 13:44:54,575 [WARN] PackLoader:240 - Cannot read IP mode file for STMicroelectronics.FP-ATR-SIGFOX1.3.2.0
2026-05-08 13:44:54,580 [WARN] PackLoader:240 - Cannot read IP mode file for STMicroelectronics.X-CUBE-FREERTOS.1.5.0
2026-05-08 13:44:54,586 [WARN] PackLoader:240 - Cannot read IP mode file for ITTIA_DB.I-CUBE-ITTIADB.8.9.0
2026-05-08 13:44:54,590 [WARN] PackLoader:240 - Cannot read IP mode file for Cesanta.I-CUBE-Mongoose.7.21.0
2026-05-08 13:44:54,598 [WARN] PackLoader:240 - Cannot read IP mode file for STMicroelectronics.X-CUBE-NFC6.3.2.0
2026-05-08 13:44:54,604 [WARN] PackLoader:240 - Cannot read IP mode file for STMicroelectronics.X-CUBE-AI.10.2.0
2026-05-08 13:44:54,635 [WARN] PackLoader:240 - Cannot read IP mode file for STMicroelectronics.X-CUBE-MEMS1.12.1.0
2026-05-08 13:44:54,728 [WARN] PackLoader:240 - Cannot read IP mode file for SEGGER.I-CUBE-embOS.1.3.1
2026-05-08 13:44:54,764 [WARN] PackLoader:240 - Cannot read IP mode file for STMicroelectronics.X-CUBE-ALGOBUILD.1.4.0
2026-05-08 13:44:54,770 [WARN] PackLoader:240 - Cannot read IP mode file for STMicroelectronics.X-CUBE-PM33A1.1.0.0
2026-05-08 13:44:54,783 [WARN] PackLoader:240 - Cannot read IP mode file for STMicroelectronics.X-CUBE-AZRTOS-F4.1.1.0
2026-05-08 13:44:54,788 [WARN] PackLoader:240 - Cannot read IP mode file for STMicroelectronics.X-CUBE-ISPU.2.1.0
2026-05-08 13:44:54,799 [WARN] PackLoader:240 - Cannot read IP mode file for STMicroelectronics.X-CUBE-IPS.3.2.0
2026-05-08 13:44:54,805 [WARN] PackLoader:240 - Cannot read IP mode file for STMicroelectronics.eDS-WB_DPC_TT-BIDIR.2.1.1
2026-05-08 13:44:54,814 [WARN] PackLoader:240 - Cannot read IP mode file for STMicroelectronics.X-CUBE-NFC12.1.0.0
2026-05-08 13:44:54,825 [WARN] PackLoader:240 - Cannot read IP mode file for STMicroelectronics.X-CUBE-AZRTOS-L5.2.0.0
2026-05-08 13:44:54,832 [WARN] PackLoader:240 - Cannot read IP mode file for STMicroelectronics.eDS-WB_DPC_VIENNA.1.2.0
2026-05-08 13:44:54,835 [WARN] PackLoader:240 - Cannot read IP mode file for STMicroelectronics.eDS-WB_DPC_3PH2L-BIDIR.1.1.1
2026-05-08 13:44:54,839 [ERROR] Engine:466 - C:\Users\mocci\.stm32cubemx\thirdparties\pdsc\STMicroelectronics.X-CUBE-ST67W61.1.3.0.pdsc: PDSC version is not supported
2026-05-08 13:44:54,845 [WARN] PackLoader:240 - Cannot read IP mode file for STMicroelectronics.X-CUBE-TOUCHGFX.4.26.1
2026-05-08 13:44:54,851 [WARN] PackLoader:240 - Cannot read IP mode file for STMicroelectronics.FP-SNS-STAIOTCFT.1.0.0
2026-05-08 13:44:54,855 [WARN] PackLoader:240 - Cannot read IP mode file for STMicroelectronics.X-CUBE-DPower.1.3.0
2026-05-08 13:44:54,868 [WARN] ConditionMgr:438 - getConditionDescription Invalid condition id : LAN8742 Phy interface Condition cause : null
2026-05-08 13:44:54,868 [WARN] PackLoader:240 - Cannot read IP mode file for STMicroelectronics.X-CUBE-AZRTOS-L4.2.0.0
2026-05-08 13:44:54,869 [WARN] ConditionMgr:1044 - genDependencies : Invalid condition id : LAN8742 Phy interface Condition cause : null
2026-05-08 13:44:54,869 [WARN] ConditionMgr:1044 - genDependencies : Invalid condition id : LAN8742 Phy interface Condition cause : null
2026-05-08 13:44:54,869 [WARN] ConditionMgr:1044 - genDependencies : Invalid condition id : LAN8742 Phy interface Condition cause : null
2026-05-08 13:44:54,876 [WARN] PackLoader:240 - Cannot read IP mode file for STMicroelectronics.X-CUBE-SFXS2LP1.4.0.0
2026-05-08 13:44:54,883 [WARN] PackLoader:240 - Cannot read IP mode file for STMicroelectronics.X-CUBE-WB05N.2.1.0
2026-05-08 13:44:54,888 [WARN] PackLoader:240 - Cannot read IP mode file for STMicroelectronics.X-CUBE-ST67W61.1.2.0
2026-05-08 13:44:54,898 [WARN] PackLoader:240 - Cannot read IP mode file for STMicroelectronics.X-CUBE-BLEMGR.4.1.0
2026-05-08 13:44:54,908 [WARN] ConditionMgr:438 - getConditionDescription Invalid condition id : UX DEVICE CLASS RTOS Condition cause : null
2026-05-08 13:44:54,909 [WARN] ConditionMgr:438 - getConditionDescription Invalid condition id : UX DEVICE CLASS RTOS Condition cause : null
2026-05-08 13:44:54,910 [WARN] PackLoader:240 - Cannot read IP mode file for STMicroelectronics.X-CUBE-AZRTOS-WB.2.0.0
2026-05-08 13:44:54,910 [WARN] ConditionMgr:1044 - genDependencies : Invalid condition id : UX DEVICE CLASS RTOS Condition cause : null
2026-05-08 13:44:54,911 [WARN] ConditionMgr:1044 - genDependencies : Invalid condition id : UX DEVICE CLASS RTOS Condition cause : null
2026-05-08 13:44:54,911 [WARN] ConditionMgr:1044 - genDependencies : Invalid condition id : UX DEVICE CLASS RTOS Condition cause : null
2026-05-08 13:44:54,912 [WARN] ConditionMgr:1044 - genDependencies : Invalid condition id : UX DEVICE CLASS RTOS Condition cause : null
2026-05-08 13:44:54,912 [WARN] ConditionMgr:1044 - genDependencies : Invalid condition id : UX DEVICE CLASS RTOS Condition cause : null
2026-05-08 13:44:54,917 [WARN] ConditionMgr:438 - getConditionDescription Invalid condition id : Cortex-A Device cause : null
2026-05-08 13:44:54,932 [WARN] ConditionMgr:1044 - genDependencies : Invalid condition id : Cortex-A Device cause : null
2026-05-08 13:44:54,933 [WARN] ConditionMgr:1044 - genDependencies : Invalid condition id : Cortex-A Device cause : null
2026-05-08 13:44:54,933 [WARN] ConditionMgr:1044 - genDependencies : Invalid condition id : Cortex-A Device cause : null
2026-05-08 13:44:54,938 [WARN] PackLoader:240 - Cannot read IP mode file for STMicroelectronics.X-CUBE-STSE01.2.0.0
2026-05-08 13:44:54,948 [WARN] PackLoader:240 - Cannot read IP mode file for STMicroelectronics.X-CUBE-SUBG2.5.0.0
2026-05-08 13:44:54,961 [WARN] PackLoader:240 - Cannot read IP mode file for STMicroelectronics.X-CUBE-AZRTOS-G4.2.0.0
2026-05-08 13:44:54,967 [WARN] PackLoader:240 - Cannot read IP mode file for wolfSSL.I-CUBE-wolfSSH.1.4.20
2026-05-08 13:44:54,973 [WARN] PackLoader:240 - Cannot read IP mode file for STMicroelectronics.X-CUBE-NFC7.2.0.0
2026-05-08 13:44:54,979 [WARN] PackLoader:240 - Cannot read IP mode file for STMicroelectronics.X-CUBE-ALS.1.0.2
2026-05-08 13:44:54,991 [WARN] PackLoader:240 - Cannot read IP mode file for STMicroelectronics.X-CUBE-TOF1.3.4.3
2026-05-08 13:44:55,000 [INFO] ThirdParty:978 - Integrity check success = true
2026-05-08 13:44:55,000 [INFO] IntegrityCheckThread:100 - exiting critical section [integrity check]
2026-05-08 13:44:55,001 [INFO] IntegrityCheckThread:103 - End integrity checks thread
2026-05-08 13:44:55,716 [INFO] DbMcusAds:53 - JSON generation date=Mon Apr 27 10:14:29 CEST 2026 (1777277669577)
2026-05-08 13:44:55,767 [ERROR] TargetSelectorAdapter:267 - Unable to refresh data
2026-05-08 13:44:59,239 [INFO] ApiDb:581 - Connected to CubeFinder SQLite database (C:\Users\mocci\.stmcufinder\plugins\mcufinder\mcu\cube-finder-db.db)
2026-05-08 13:44:59,334 [INFO] ApiDb:668 - CubeFinder database Data Model version=2.1
2026-05-08 13:44:59,335 [INFO] ApiDb:669 - CubeFinder database Configuration version=3.0.42
2026-05-08 13:44:59,335 [INFO] ApiDb:670 - CubeFinder database generation date=2026-03-11 (1773229989)
2026-05-08 13:44:59,335 [INFO] ApiDb:671 - CubeFinder database FW Pack versions=[FP-ATR-ASTRA1_V2.0.0, FP-SNS-FLIGHT1_V5.1.0, FP-SNS-MOTENV1_V5.1.0, FP-SNS-MOTENVWB1_V1.5.0, FP-SNS-SMARTAG2_V1.2.0, FP-SNS-STBOX1_V2.1.0, STM32Cube_FW_C0_V1.4.0, STM32Cube_FW_F4_V1.28.3, STM32Cube_FW_F7_V1.17.4, STM32Cube_FW_G0_V1.6.3, STM32Cube_FW_G4_V1.6.2, STM32Cube_FW_H5_V1.6.0, STM32Cube_FW_H7RS_V1.3.0, STM32Cube_FW_H7_V1.13.0, STM32Cube_FW_L0_V1.12.2, STM32Cube_FW_L4_V1.18.2, STM32Cube_FW_L5_V1.6.0, STM32Cube_FW_N6_V1.3.0, STM32Cube_FW_U0_V1.3.0, STM32Cube_FW_U3_V1.3.0, STM32Cube_FW_U5_V1.8.0, STM32Cube_FW_WB0_V1.4.0, STM32Cube_FW_WBA_V1.9.0, STM32Cube_FW_WB_V1.24.0, STM32Cube_FW_WL3_V1.4.0, STM32Cube_FW_WL_V1.5.0, X-CUBE-ALGOBUILD_V1.4.0, X-CUBE-ALS_V1.0.2, X-CUBE-AZRTOS-F4_V1.1.0, X-CUBE-AZRTOS-F7_V1.1.0, X-CUBE-AZRTOS-G0_V1.1.0, X-CUBE-AZRTOS-G4_V2.0.0, X-CUBE-AZRTOS-H7RS_V1.1.0, X-CUBE-AZRTOS-H7_V3.4.0, X-CUBE-AZRTOS-L4_V2.0.0, X-CUBE-AZRTOS-L5_V2.0.0, X-CUBE-AZRTOS-WB_V2.0.0, X-CUBE-AZRTOS-WL_V2.0.0, X-CUBE-BLE1_V7.1.0, X-CUBE-BLE2_V3.3.0, X-CUBE-BLEMGR_V4.1.0, X-CUBE-EEPRMA1_V5.2.0, X-CUBE-FREERTOS_V1.5.0, X-CUBE-GNSS1_V6.0.0, X-CUBE-MEMS1_V12.0.0, X-CUBE-NFC4_V3.0.0, X-CUBE-NFC7_V2.0.0, X-CUBE-SFXS2LP1_V4.0.0, X-CUBE-ST67W61_V1.2.0, X-CUBE-SUBG2_V5.0.0, X-CUBE-TOF1_V3.4.3]
2026-05-08 13:45:02,220 [INFO] ApiDb:240 - Found 880 in-development CPN: [B-G473E-ZEST1S, B-WB1M-WPAN1, B-WBA5M-WPAN, B-WL5M-SUBG1, NUCLEO-C031C6, NUCLEO-C051C8, NUCLEO-C071RB, NUCLEO-C092RC, NUCLEO-H503RB, NUCLEO-H533RE, NUCLEO-H563ZI, NUCLEO-H7S3L8, NUCLEO-N657X0-Q, NUCLEO-U031R8, NUCLEO-U083RC, NUCLEO-U385RG-Q, NUCLEO-U545RE-Q, NUCLEO-U5A5ZJ-Q, NUCLEO-WB05KZ, NUCLEO-WB07CC, NUCLEO-WB09KE, NUCLEO-WBA52CG, NUCLEO-WBA55CG, NUCLEO-WL33CC1, NUCLEO-WL33CC2, STEVAL-PROTEUS1, STEVAL-SMARTAG2, STEVAL-STWINBX1, STM320518-EVAL, STM32C0116-DK, STM32C011D6Y3TR, STM32C011D6Y6TR, STM32C011F4P3, STM32C011F4P6, STM32C011F4U3, STM32C011F4U6TR, STM32C011F6P3, STM32C011F6P6, STM32C011F6U3, STM32C011F6U6TR, STM32C011J4M3, STM32C011J4M6, STM32C011J6M3, STM32C011J6M6, STM32C0316-DK, STM32C031C4T3, STM32C031C4T6, STM32C031C4U3, STM32C031C4U6, STM32C031C6T3, STM32C031C6T6, STM32C031C6U3, STM32C031C6U6, STM32C031F4P3, STM32C031F4P6, STM32C031F6P3, STM32C031F6P6, STM32C031G4U3, STM32C031G4U6, STM32C031G6U3, STM32C031G6U6, STM32C031K4T3, STM32C031K4T6, STM32C031K4U3, STM32C031K4U6, STM32C031K6T3, STM32C031K6T6, STM32C031K6U3, STM32C031K6U6, STM32C051C6T6, STM32C051C6U6, STM32C051C8T6, STM32C051C8U6, STM32C051D8Y6TR, STM32C051F6P6, STM32C051F8P6, STM32C051G6U6, STM32C051G8U6, STM32C051K6T6, STM32C051K6U6, STM32C051K8T6, STM32C071C8T6, STM32C071C8T6N, STM32C071C8U6, STM32C071C8U6N, STM32C071CBT6, STM32C071CBT6N, STM32C071CBU6, STM32C071CBU6N, STM32C071F8P6, STM32C071F8P6N, STM32C071FBP6, STM32C071FBP6N, STM32C071FBY6TR, STM32C071G8U6, STM32C071G8U6N, STM32C071GBU6, STM32C071GBU6N, STM32C071K8T6, STM32C071K8T6N, STM32C071K8U6, STM32C071K8U6N, STM32C071KBT6, STM32C071KBT6N, STM32C071KBU6, STM32C071KBU6N, STM32C071R8T6, STM32C071R8T6N, STM32C071RBI6N, STM32C071RBT6, STM32C071RBT6N, STM32C091CBT6, STM32C091CBU6, STM32C091CCT6, STM32C091CCU6, STM32C091ECY6TR, STM32C091FBP6, STM32C091FCP6, STM32C091GBU6, STM32C091GCU6, STM32C091KBT6, STM32C091KBU6, STM32C091KCT6, STM32C091KCU6, STM32C091RBT6, STM32C091RCI6, STM32C091RCT6, STM32C092CBT6, STM32C092CBU6, STM32C092CCT6, STM32C092CCU6, STM32C092ECY6TR, STM32C092FBP6, STM32C092FCP6, STM32C092GBU6, STM32C092GCU6, STM32C092KBT6, STM32C092KBU6, STM32C092KCT6, STM32C092KCU6, STM32C092RBT6, STM32C092RCI6, STM32C092RCT6, STM32G071K8TXN, STM32G071K8UXN, STM32G081GBU6N, STM32G081KBT6N, STM32G081KBUXN, STM32G0B1CCT6N, STM32G0B1KCT6, STM32G0B1NEY6TR, STM32G0B1RCT6N, STM32G0C1CCT6, STM32G0C1CCT6N, STM32G0C1CCU6N, STM32G0C1CET6N, STM32G0C1CEU6N, STM32G0C1KCT6, STM32G0C1NEY6TR, STM32G0C1RCI6N, STM32G0C1RCT6N, STM32G0C1REI6N, STM32G0C1RET6N, STM32G0C1VCI6, STM32G0C1VEI6, STM32G411C6T3, STM32G411C6T6, STM32G411C6U3, STM32G411C6U6, STM32G411C8T3, STM32G411C8T6, STM32G411C8U3, STM32G411C8U6, STM32G411CBT3, STM32G411CBT6, STM32G411CBU3, STM32G411CBU6, STM32G411K6T3, STM32G411K6T6, STM32G411K6U3, STM32G411K6U6, STM32G411K8T3, STM32G411K8T6, STM32G411K8U3, STM32G411K8U6, STM32G411KBT3, STM32G411KBT6, STM32G411KBU3, STM32G411KBU6, STM32G411M6T3, STM32G411M6T6, STM32G411M8T3, STM32G411M8T6, STM32G411MBT3, STM32G411MBT6, STM32G411R6T3, STM32G411R6T6, STM32G411R8T3, STM32G411R8T6, STM32G411RBT3, STM32G411RBT6, STM32G414CBT3, STM32G414CBT6, STM32G414CBU3, STM32G414CBU6, STM32G414CCT3, STM32G414CCT6, STM32G414CCU3, STM32G414CCU6, STM32G414MBT3, STM32G414MBT6, STM32G414MCT3, STM32G414MCT6, STM32G414RBT3, STM32G414RBT6, STM32G414RCT3, STM32G414RCT6, STM32G414VBT3, STM32G414VBT6, STM32G414VCT3, STM32G414VCT6, STM32G431CBT3Z, STM32G431RBT3Z, STM32G471CCT6, STM32G471CCU6, STM32G471CET3, STM32G471CET6, STM32G471CEU3, STM32G471CEU6, STM32G471MCT6, STM32G471MET3, STM32G471MET6, STM32G471MEY6TR, STM32G471QCT6, STM32G471QET3, STM32G471RCT6, STM32G471RET3, STM32G471RET6, STM32G471VCH6, STM32G471VCI6, STM32G471VCT6, STM32G471VEH3, STM32G471VEH6, STM32G471VEI3, STM32G471VEI6, STM32G471VET3, STM32G471VET6, STM32G473QET3Z, STM32G473RET3Z, STM32G474CCT6, STM32G491RET3Z, STM32H503CBT6, STM32H503CBU6, STM32H503EBY6TR, STM32H503KBU6, STM32H503RBT6, STM32H523CCT6, STM32H523CCU6, STM32H523CET6, STM32H523CEU6, STM32H523HEY6TR, STM32H523RCT6, STM32H523RET6, STM32H523VCI6, STM32H523VCT6, STM32H523VEI6, STM32H523VET6, STM32H523ZCJ6, STM32H523ZCT6, STM32H523ZEJ6, STM32H523ZET6, STM32H533CET6, STM32H533CEU6, STM32H533HEY6TR, STM32H533RET6, STM32H533VEI6, STM32H533VET6, STM32H533ZEJ6, STM32H533ZET6, STM32H562AGI6, STM32H562AII6, STM32H562IGK6, STM32H562IGT6, STM32H562IIK6, STM32H562IIT6, STM32H562RGT6, STM32H562RGV6, STM32H562RIT6, STM32H562RIV6, STM32H562VGT6, STM32H562VIT6, STM32H562ZGT6, STM32H562ZIT6, STM32H563AGI6, STM32H563AII3Q, STM32H563AII6, STM32H563IGK6, STM32H563IGT6, STM32H563IIK3Q, STM32H563IIK6, STM32H563IIT3Q, STM32H563IIT6, STM32H563MIY3QTR, STM32H563RGT6, STM32H563RGV6, STM32H563RIT6, STM32H563RIV6, STM32H563VGT6, STM32H563VIT3Q, STM32H563VIT6, STM32H563ZGT6, STM32H563ZIT3Q, STM32H563ZIT6, STM32H573AII3Q, STM32H573AII6, STM32H573I-DK, STM32H573IIK3Q, STM32H573IIK6, STM32H573IIT3Q, STM32H573IIT6, STM32H573MIY3QTR, STM32H573RIT6, STM32H573RIV6, STM32H573VIT3Q, STM32H573VIT6, STM32H573ZIT3Q, STM32H573ZIT6, STM32H7R3A8I6, STM32H7R3I8K6, STM32H7R3I8T6, STM32H7R3L8H6, STM32H7R3L8H6H, STM32H7R3R8V6, STM32H7R3V8H6, STM32H7R3V8T6, STM32H7R3V8Y6TR, STM32H7R3Z8J6, STM32H7R3Z8T6, STM32H7R7A8I6, STM32H7R7I8K6, STM32H7R7I8T6, STM32H7R7L8H6, STM32H7R7L8H6H, STM32H7R7Z8J6, STM32H7S3A8I6, STM32H7S3I8K6, STM32H7S3I8T6, STM32H7S3L8H6, STM32H7S3L8H6H, STM32H7S3R8V6, STM32H7S3V8H6, STM32H7S3V8T6, STM32H7S3V8Y6TR, STM32H7S3Z8J6, STM32H7S3Z8T6, STM32H7S78-DK, STM32H7S7A8I6, STM32H7S7I8K6, STM32H7S7I8T6, STM32H7S7L8H6, STM32H7S7L8H6H, STM32H7S7Z8J6, STM32L4R5QGI6STR, STM32MP131AAE3, STM32MP131AAF3, STM32MP131AAG3, STM32MP131CAE3, STM32MP131CAF3, STM32MP131CAG3, STM32MP131DAE7, STM32MP131DAF7, STM32MP131DAG7, STM32MP131FAE7, STM32MP131FAF7, STM32MP131FAG7, STM32MP133AAE3, STM32MP133AAF3, STM32MP133AAG3, STM32MP133CAE3, STM32MP133CAF3, STM32MP133CAG3, STM32MP133DAE7, STM32MP133DAF7, STM32MP133DAG7, STM32MP133FAE7, STM32MP133FAF7, STM32MP133FAG7, STM32MP135AAE3, STM32MP135AAF3, STM32MP135AAG3, STM32MP135CAE3, STM32MP135CAF3, STM32MP135CAG3, STM32MP135DAE7, STM32MP135DAF7, STM32MP135DAG7, STM32MP135F-DK, STM32MP135FAE7, STM32MP135FAF7, STM32MP135FAF7T, STM32MP135FAF7U, STM32MP135FAG7, STM32MP211AAL3, STM32MP211AAM3, STM32MP211AAN3, STM32MP211AAO3, STM32MP211CAL3, STM32MP211CAM3, STM32MP211CAN3, STM32MP211CAO3, STM32MP211DAL3, STM32MP211DAM3, STM32MP211DAN3, STM32MP211DAO3, STM32MP211FAL3, STM32MP211FAM3, STM32MP211FAN3, STM32MP211FAO3, STM32MP213AAL3, STM32MP213AAM3, STM32MP213AAN3, STM32MP213AAO3, STM32MP213CAL3, STM32MP213CAM3, STM32MP213CAN3, STM32MP213CAO3, STM32MP213DAL3, STM32MP213DAM3, STM32MP213DAN3, STM32MP213DAO3, STM32MP213FAL3, STM32MP213FAM3, STM32MP213FAN3, STM32MP213FAO3, STM32MP215AAL3, STM32MP215AAM3, STM32MP215AAN3, STM32MP215AAO3, STM32MP215CAL3, STM32MP215CAM3, STM32MP215CAN3, STM32MP215CAO3, STM32MP215DAL3, STM32MP215DAM3, STM32MP215DAN3, STM32MP215DAO3, STM32MP215F-DK, STM32MP215FAL3, STM32MP215FAM3, STM32MP215FAN3, STM32MP215FAO3, STM32MP231AAJ3, STM32MP231AAK3, STM32MP231AAL3, STM32MP231CAJ3, STM32MP231CAK3, STM32MP231CAL3, STM32MP231DAJ3, STM32MP231DAK3, STM32MP231DAL3, STM32MP231FAJ3, STM32MP231FAK3, STM32MP231FAL3, STM32MP233AAJ3, STM32MP233AAK3, STM32MP233AAL3, STM32MP233CAJ3, STM32MP233CAK3, STM32MP233CAL3, STM32MP233DAJ3, STM32MP233DAK3, STM32MP233DAL3, STM32MP233FAJ3, STM32MP233FAK3, STM32MP233FAL3, STM32MP235AAJ3, STM32MP235AAK3, STM32MP235AAL3, STM32MP235CAJ3, STM32MP235CAK3, STM32MP235CAL3, STM32MP235DAJ3, STM32MP235DAK3, STM32MP235DAL3, STM32MP235FAJ3, STM32MP235FAK3, STM32MP235FAL3, STM32MP251AAI3, STM32MP251AAK3, STM32MP251AAL3, STM32MP251CAI3, STM32MP251CAK3, STM32MP251CAL3, STM32MP251DAI3, STM32MP251DAK3, STM32MP251DAL3, STM32MP251FAI3, STM32MP251FAK3, STM32MP251FAL3, STM32MP253AAI3, STM32MP253AAK3, STM32MP253AAL3, STM32MP253CAI3, STM32MP253CAK3, STM32MP253CAL3, STM32MP253DAI3, STM32MP253DAK3, STM32MP253DAL3, STM32MP253FAI3, STM32MP253FAK3, STM32MP253FAL3, STM32MP255AAI3, STM32MP255AAK3, STM32MP255AAL3, STM32MP255CAI3, STM32MP255CAK3, STM32MP255CAL3, STM32MP255DAI3, STM32MP255DAK3, STM32MP255DAL3, STM32MP255FAI3, STM32MP255FAK3, STM32MP255FAL3, STM32MP257AAI3, STM32MP257AAK3, STM32MP257AAL3, STM32MP257CAI3, STM32MP257CAK3, STM32MP257CAL3, STM32MP257DAI3, STM32MP257DAK3, STM32MP257DAL3, STM32MP257F-DK, STM32MP257F-EV1, STM32MP257FAI3, STM32MP257FAK3, STM32MP257FAL3, STM32N645A0H3Q, STM32N645B0H3Q, STM32N645I0H3Q, STM32N645L0H3Q, STM32N645X0H3Q, STM32N645Z0H3Q, STM32N647A0H3Q, STM32N647B0H3Q, STM32N647I0H3Q, STM32N647L0H3Q, STM32N647X0H3Q, STM32N647Z0H3Q, STM32N655A0H3Q, STM32N655B0H3Q, STM32N655I0H3Q, STM32N655L0H3Q, STM32N655X0H3Q, STM32N655Z0H3Q, STM32N6570-DK, STM32N657A0H3Q, STM32N657B0H3Q, STM32N657I0H3Q, STM32N657L0H3Q, STM32N657X0H3Q, STM32N657Z0H3Q, STM32U031C6T6, STM32U031C6U6, STM32U031C8T6, STM32U031C8U6, STM32U031F4P6, STM32U031F6P6, STM32U031F8P6, STM32U031G6Y6TR, STM32U031G8Y6TR, STM32U031K4U6, STM32U031K6U6, STM32U031K8U6, STM32U031R6I6, STM32U031R6T6, STM32U031R8I6, STM32U031R8T6, STM32U073C8T6, STM32U073C8U6, STM32U073CBT6, STM32U073CBU6, STM32U073CCT6, STM32U073CCU6, STM32U073H8Y6TR, STM32U073HBY6TR, STM32U073HCY6TR, STM32U073K8U6, STM32U073KBU6, STM32U073KCU6, STM32U073M8I6, STM32U073M8T6, STM32U073MBI6, STM32U073MBT6, STM32U073MCI6, STM32U073MCT6, STM32U073R8I6, STM32U073R8T6, STM32U073RBI6, STM32U073RBT6, STM32U073RCI6, STM32U073RCT6, STM32U083C-DK, STM32U083CCT6, STM32U083CCU6, STM32U083HCY6TR, STM32U083KCU6, STM32U083MCI6, STM32U083MCT6, STM32U083RCI6, STM32U083RCT6, STM32U375CET6, STM32U375CET6Q, STM32U375CEU6, STM32U375CEU6Q, STM32U375CEY6QTR, STM32U375CGT6, STM32U375CGT6Q, STM32U375CGU6, STM32U375CGU6Q, STM32U375CGY6QTR, STM32U375KEU6, STM32U375KGU6, STM32U375REI6, STM32U375REI6Q, STM32U375RET6, STM32U375RET6Q, STM32U375REY6GTR, STM32U375REY6QTR, STM32U375RGI6, STM32U375RGI6Q, STM32U375RGT6, STM32U375RGT6Q, STM32U375RGY6GTR, STM32U375RGY6QTR, STM32U375VEI6, STM32U375VEI6Q, STM32U375VET6, STM32U375VET6Q, STM32U375VGI6, STM32U375VGI6Q, STM32U375VGT6, STM32U375VGT6Q, STM32U385CGT6, STM32U385CGT6Q, STM32U385CGU6, STM32U385CGU6Q, STM32U385CGY6QTR, STM32U385KGU6, STM32U385RGI6, STM32U385RGI6Q, STM32U385RGT6, STM32U385RGT6Q, STM32U385RGY6GTR, STM32U385RGY6QTR, STM32U385VGI6, STM32U385VGI6Q, STM32U385VGT6, STM32U385VGT6Q, STM32U535CBT6, STM32U535CBT6Q, STM32U535CBU6, STM32U535CBU6Q, STM32U535CCT6, STM32U535CCT6Q, STM32U535CCU6, STM32U535CCU6Q, STM32U535CET6, STM32U535CET6Q, STM32U535CEU6, STM32U535CEU6Q, STM32U535JEY6QTR, STM32U535NCY6QTR, STM32U535NEY6QTR, STM32U535RBI6, STM32U535RBI6Q, STM32U535RBT6, STM32U535RBT6Q, STM32U535RCI6, STM32U535RCI6Q, STM32U535RCT6, STM32U535RCT6Q, STM32U535REI6, STM32U535REI6Q, STM32U535RET6, STM32U535RET6Q, STM32U535VCI6, STM32U535VCI6Q, STM32U535VCT6, STM32U535VCT6Q, STM32U535VEI6, STM32U535VEI6Q, STM32U535VET6, STM32U535VET6Q, STM32U545CET6, STM32U545CET6Q, STM32U545CEU6, STM32U545CEU6Q, STM32U545JEY6QTR, STM32U545NEY6QTR, STM32U545REI6, STM32U545REI6Q, STM32U545RET6, STM32U545RET6Q, STM32U545VEI6, STM32U545VEI6Q, STM32U545VET6, STM32U545VET6Q, STM32U595AIH6, STM32U595AIH6Q, STM32U595AJH6, STM32U595AJH6Q, STM32U595QII6, STM32U595QII6Q, STM32U595QJI6, STM32U595QJI6Q, STM32U595RIT6, STM32U595RIT6Q, STM32U595RJT6, STM32U595RJT6Q, STM32U595VIT6, STM32U595VIT6Q, STM32U595VJT6, STM32U595VJT6Q, STM32U595ZIT6, STM32U595ZIT6Q, STM32U595ZIY6QTR, STM32U595ZJT6, STM32U595ZJT6Q, STM32U595ZJY6QTR, STM32U599BJY6QTR, STM32U599NIH6Q, STM32U599NJH6Q, STM32U599VIT6Q, STM32U599VJT6, STM32U599VJT6Q, STM32U599ZIT6Q, STM32U599ZIY6QTR, STM32U599ZJT6Q, STM32U599ZJY6QTR, STM32U5A5AJH6, STM32U5A5AJH6Q, STM32U5A5QII3Q , STM32U5A5QJI6, STM32U5A5QJI6Q, STM32U5A5RJT6, STM32U5A5RJT6Q, STM32U5A5VJT6, STM32U5A5VJT6Q, STM32U5A5ZJT6, STM32U5A5ZJT6Q, STM32U5A5ZJY6QTR, STM32U5A9BJY6QTR, STM32U5A9J-DK, STM32U5A9NJH6Q, STM32U5A9VJT6Q, STM32U5A9ZJT6Q, STM32U5A9ZJY6QTR, STM32U5F7VIT6, STM32U5F7VIT6Q, STM32U5F7VJT6, STM32U5F7VJT6Q, STM32U5F9BJY6QTR, STM32U5F9NJH6Q, STM32U5F9VIT6Q, STM32U5F9VJT6Q, STM32U5F9ZIJ6QTR, STM32U5F9ZIT6Q, STM32U5F9ZJJ6QTR, STM32U5F9ZJT6Q, STM32U5G7VJT6, STM32U5G7VJT6Q, STM32U5G9BJY6QTR, STM32U5G9J-DK1, STM32U5G9J-DK2, STM32U5G9NJH6Q, STM32U5G9VJT6Q, STM32U5G9ZJJ6QTR, STM32U5G9ZJT6Q, STM32WB05KZV6TR, STM32WB05KZV7TR, STM32WB05TZF6TR, STM32WB05TZF7TR, STM32WB06CCF6TR, STM32WB06CCF7TR, STM32WB06CCV6TR, STM32WB06CCV7TR, STM32WB06KCV6TR, STM32WB06KCV7TR, STM32WB07CCF6TR, STM32WB07CCF7TR, STM32WB07CCV6TR, STM32WB07CCV7TR, STM32WB07KCV6TR, STM32WB07KCV7TR, STM32WB09KEV6TR, STM32WB09KEV7TR, STM32WB09TEF6TR, STM32WB09TEF7TR, STM32WB1MMCH6, STM32WBA50KGU6, STM32WBA50KGU6TR, STM32WBA52CEU6, STM32WBA52CEU6TR, STM32WBA52CEU7, STM32WBA52CEU7TR, STM32WBA52CGU6, STM32WBA52CGU6TR, STM32WBA52CGU6U, STM32WBA52CGU7, STM32WBA52CGU7TR, STM32WBA52KEU6, STM32WBA52KEU6TR, STM32WBA52KGU6, STM32WBA52KGU6TR, STM32WBA54CEU6, STM32WBA54CEU6TR, STM32WBA54CEU7, STM32WBA54CEU7TR, STM32WBA54CGU6, STM32WBA54CGU6TR, STM32WBA54CGU7, STM32WBA54CGU7TR, STM32WBA54KEU6, STM32WBA54KEU6TR, STM32WBA54KEU7, STM32WBA54KEU7TR, STM32WBA54KGU6, STM32WBA54KGU6TR, STM32WBA54KGU7, STM32WBA54KGU7TR, STM32WBA55CEU6, STM32WBA55CEU6TR, STM32WBA55CEU7, STM32WBA55CEU7TR, STM32WBA55CGU6, STM32WBA55CGU6TR, STM32WBA55CGU6U, STM32WBA55CGU7, STM32WBA55CGU7TR, STM32WBA55G-DK1, STM32WBA55HEF6, STM32WBA55HEF7, STM32WBA55HGF6, STM32WBA55HGF7, STM32WBA55UEI6, STM32WBA55UEI6TR, STM32WBA55UEI7, STM32WBA55UEI7TR, STM32WBA55UGI6, STM32WBA55UGI6TR, STM32WBA55UGI7, STM32WBA55UGI7TR, STM32WBA5MMGH6TR, STM32WBA62MGF6, STM32WBA62MIF6, STM32WBA65MGF7, STM32WBA65MIF6, STM32WBA65MIF7, STM32WL30K8V6, STM32WL30KBV6, STM32WL31C8V6, STM32WL31CBV6, STM32WL31K8V6, STM32WL31KBV6, STM32WL33C8V6, STM32WL33C8V6X, STM32WL33CBV6, STM32WL33CBV6X, STM32WL33CCV6, STM32WL33CCV6A, STM32WL33CCV6X, STM32WL33K8V7, STM32WL33K8V7X, STM32WL33KBV7 , STM32WL33KBV7X, STM32WL33KCV7, STM32WL33KCV7X, STM32WL5MOCH6, STM32WL5MOCH6TR]
2026-05-08 13:45:02,227 [INFO] DbMcus:218 - Found 5055 MCUs, 4968 are supported
2026-05-08 13:45:02,228 [INFO] ApiDb:423 - Load user favorites file C:\Users\mocci/.stm32cubeide/favorites.mcus.txt: 0 item(s)
2026-05-08 13:45:02,229 [INFO] ApiDb:427 - User favorites MCUs=[]
2026-05-08 13:45:02,229 [INFO] DbMcus:224 - Set 0 / 0 favorites MCUs
2026-05-08 13:45:03,052 [INFO] ApiDb:668 - CubeFinder database Data Model version=2.1
2026-05-08 13:45:03,052 [INFO] ApiDb:669 - CubeFinder database Configuration version=3.0.42
2026-05-08 13:45:03,052 [INFO] ApiDb:670 - CubeFinder database generation date=2026-03-11 (1773229989)
2026-05-08 13:45:03,053 [INFO] ApiDb:671 - CubeFinder database FW Pack versions=[FP-ATR-ASTRA1_V2.0.0, FP-SNS-FLIGHT1_V5.1.0, FP-SNS-MOTENV1_V5.1.0, FP-SNS-MOTENVWB1_V1.5.0, FP-SNS-SMARTAG2_V1.2.0, FP-SNS-STBOX1_V2.1.0, STM32Cube_FW_C0_V1.4.0, STM32Cube_FW_F4_V1.28.3, STM32Cube_FW_F7_V1.17.4, STM32Cube_FW_G0_V1.6.3, STM32Cube_FW_G4_V1.6.2, STM32Cube_FW_H5_V1.6.0, STM32Cube_FW_H7RS_V1.3.0, STM32Cube_FW_H7_V1.13.0, STM32Cube_FW_L0_V1.12.2, STM32Cube_FW_L4_V1.18.2, STM32Cube_FW_L5_V1.6.0, STM32Cube_FW_N6_V1.3.0, STM32Cube_FW_U0_V1.3.0, STM32Cube_FW_U3_V1.3.0, STM32Cube_FW_U5_V1.8.0, STM32Cube_FW_WB0_V1.4.0, STM32Cube_FW_WBA_V1.9.0, STM32Cube_FW_WB_V1.24.0, STM32Cube_FW_WL3_V1.4.0, STM32Cube_FW_WL_V1.5.0, X-CUBE-ALGOBUILD_V1.4.0, X-CUBE-ALS_V1.0.2, X-CUBE-AZRTOS-F4_V1.1.0, X-CUBE-AZRTOS-F7_V1.1.0, X-CUBE-AZRTOS-G0_V1.1.0, X-CUBE-AZRTOS-G4_V2.0.0, X-CUBE-AZRTOS-H7RS_V1.1.0, X-CUBE-AZRTOS-H7_V3.4.0, X-CUBE-AZRTOS-L4_V2.0.0, X-CUBE-AZRTOS-L5_V2.0.0, X-CUBE-AZRTOS-WB_V2.0.0, X-CUBE-AZRTOS-WL_V2.0.0, X-CUBE-BLE1_V7.1.0, X-CUBE-BLE2_V3.3.0, X-CUBE-BLEMGR_V4.1.0, X-CUBE-EEPRMA1_V5.2.0, X-CUBE-FREERTOS_V1.5.0, X-CUBE-GNSS1_V6.0.0, X-CUBE-MEMS1_V12.0.0, X-CUBE-NFC4_V3.0.0, X-CUBE-NFC7_V2.0.0, X-CUBE-SFXS2LP1_V4.0.0, X-CUBE-ST67W61_V1.2.0, X-CUBE-SUBG2_V5.0.0, X-CUBE-TOF1_V3.4.3]
2026-05-08 13:45:03,133 [INFO] DbBoardsSqlite:226 - include board P-NUCLEO-WB55-NUCLEO as a kit item of type 'Nucleo-64'
2026-05-08 13:45:03,134 [INFO] DbBoardsSqlite:226 - include board P-NUCLEO-WB55-USBDONGLE as a kit item of type 'Nucleo USB Dongle'
2026-05-08 13:45:03,134 [INFO] DbBoardsSqlite:226 - include board STEVAL-IDP005V1 as a kit item of type 'Evaluation Board'
2026-05-08 13:45:03,135 [INFO] DbBoardsSqlite:226 - include board STEVAL-IDP005V2 as a kit item of type 'Evaluation Board'
2026-05-08 13:45:03,293 [INFO] ApiDb:240 - Found 880 in-development CPN: [B-G473E-ZEST1S, B-WB1M-WPAN1, B-WBA5M-WPAN, B-WL5M-SUBG1, NUCLEO-C031C6, NUCLEO-C051C8, NUCLEO-C071RB, NUCLEO-C092RC, NUCLEO-H503RB, NUCLEO-H533RE, NUCLEO-H563ZI, NUCLEO-H7S3L8, NUCLEO-N657X0-Q, NUCLEO-U031R8, NUCLEO-U083RC, NUCLEO-U385RG-Q, NUCLEO-U545RE-Q, NUCLEO-U5A5ZJ-Q, NUCLEO-WB05KZ, NUCLEO-WB07CC, NUCLEO-WB09KE, NUCLEO-WBA52CG, NUCLEO-WBA55CG, NUCLEO-WL33CC1, NUCLEO-WL33CC2, STEVAL-PROTEUS1, STEVAL-SMARTAG2, STEVAL-STWINBX1, STM320518-EVAL, STM32C0116-DK, STM32C011D6Y3TR, STM32C011D6Y6TR, STM32C011F4P3, STM32C011F4P6, STM32C011F4U3, STM32C011F4U6TR, STM32C011F6P3, STM32C011F6P6, STM32C011F6U3, STM32C011F6U6TR, STM32C011J4M3, STM32C011J4M6, STM32C011J6M3, STM32C011J6M6, STM32C0316-DK, STM32C031C4T3, STM32C031C4T6, STM32C031C4U3, STM32C031C4U6, STM32C031C6T3, STM32C031C6T6, STM32C031C6U3, STM32C031C6U6, STM32C031F4P3, STM32C031F4P6, STM32C031F6P3, STM32C031F6P6, STM32C031G4U3, STM32C031G4U6, STM32C031G6U3, STM32C031G6U6, STM32C031K4T3, STM32C031K4T6, STM32C031K4U3, STM32C031K4U6, STM32C031K6T3, STM32C031K6T6, STM32C031K6U3, STM32C031K6U6, STM32C051C6T6, STM32C051C6U6, STM32C051C8T6, STM32C051C8U6, STM32C051D8Y6TR, STM32C051F6P6, STM32C051F8P6, STM32C051G6U6, STM32C051G8U6, STM32C051K6T6, STM32C051K6U6, STM32C051K8T6, STM32C071C8T6, STM32C071C8T6N, STM32C071C8U6, STM32C071C8U6N, STM32C071CBT6, STM32C071CBT6N, STM32C071CBU6, STM32C071CBU6N, STM32C071F8P6, STM32C071F8P6N, STM32C071FBP6, STM32C071FBP6N, STM32C071FBY6TR, STM32C071G8U6, STM32C071G8U6N, STM32C071GBU6, STM32C071GBU6N, STM32C071K8T6, STM32C071K8T6N, STM32C071K8U6, STM32C071K8U6N, STM32C071KBT6, STM32C071KBT6N, STM32C071KBU6, STM32C071KBU6N, STM32C071R8T6, STM32C071R8T6N, STM32C071RBI6N, STM32C071RBT6, STM32C071RBT6N, STM32C091CBT6, STM32C091CBU6, STM32C091CCT6, STM32C091CCU6, STM32C091ECY6TR, STM32C091FBP6, STM32C091FCP6, STM32C091GBU6, STM32C091GCU6, STM32C091KBT6, STM32C091KBU6, STM32C091KCT6, STM32C091KCU6, STM32C091RBT6, STM32C091RCI6, STM32C091RCT6, STM32C092CBT6, STM32C092CBU6, STM32C092CCT6, STM32C092CCU6, STM32C092ECY6TR, STM32C092FBP6, STM32C092FCP6, STM32C092GBU6, STM32C092GCU6, STM32C092KBT6, STM32C092KBU6, STM32C092KCT6, STM32C092KCU6, STM32C092RBT6, STM32C092RCI6, STM32C092RCT6, STM32G071K8TXN, STM32G071K8UXN, STM32G081GBU6N, STM32G081KBT6N, STM32G081KBUXN, STM32G0B1CCT6N, STM32G0B1KCT6, STM32G0B1NEY6TR, STM32G0B1RCT6N, STM32G0C1CCT6, STM32G0C1CCT6N, STM32G0C1CCU6N, STM32G0C1CET6N, STM32G0C1CEU6N, STM32G0C1KCT6, STM32G0C1NEY6TR, STM32G0C1RCI6N, STM32G0C1RCT6N, STM32G0C1REI6N, STM32G0C1RET6N, STM32G0C1VCI6, STM32G0C1VEI6, STM32G411C6T3, STM32G411C6T6, STM32G411C6U3, STM32G411C6U6, STM32G411C8T3, STM32G411C8T6, STM32G411C8U3, STM32G411C8U6, STM32G411CBT3, STM32G411CBT6, STM32G411CBU3, STM32G411CBU6, STM32G411K6T3, STM32G411K6T6, STM32G411K6U3, STM32G411K6U6, STM32G411K8T3, STM32G411K8T6, STM32G411K8U3, STM32G411K8U6, STM32G411KBT3, STM32G411KBT6, STM32G411KBU3, STM32G411KBU6, STM32G411M6T3, STM32G411M6T6, STM32G411M8T3, STM32G411M8T6, STM32G411MBT3, STM32G411MBT6, STM32G411R6T3, STM32G411R6T6, STM32G411R8T3, STM32G411R8T6, STM32G411RBT3, STM32G411RBT6, STM32G414CBT3, STM32G414CBT6, STM32G414CBU3, STM32G414CBU6, STM32G414CCT3, STM32G414CCT6, STM32G414CCU3, STM32G414CCU6, STM32G414MBT3, STM32G414MBT6, STM32G414MCT3, STM32G414MCT6, STM32G414RBT3, STM32G414RBT6, STM32G414RCT3, STM32G414RCT6, STM32G414VBT3, STM32G414VBT6, STM32G414VCT3, STM32G414VCT6, STM32G431CBT3Z, STM32G431RBT3Z, STM32G471CCT6, STM32G471CCU6, STM32G471CET3, STM32G471CET6, STM32G471CEU3, STM32G471CEU6, STM32G471MCT6, STM32G471MET3, STM32G471MET6, STM32G471MEY6TR, STM32G471QCT6, STM32G471QET3, STM32G471RCT6, STM32G471RET3, STM32G471RET6, STM32G471VCH6, STM32G471VCI6, STM32G471VCT6, STM32G471VEH3, STM32G471VEH6, STM32G471VEI3, STM32G471VEI6, STM32G471VET3, STM32G471VET6, STM32G473QET3Z, STM32G473RET3Z, STM32G474CCT6, STM32G491RET3Z, STM32H503CBT6, STM32H503CBU6, STM32H503EBY6TR, STM32H503KBU6, STM32H503RBT6, STM32H523CCT6, STM32H523CCU6, STM32H523CET6, STM32H523CEU6, STM32H523HEY6TR, STM32H523RCT6, STM32H523RET6, STM32H523VCI6, STM32H523VCT6, STM32H523VEI6, STM32H523VET6, STM32H523ZCJ6, STM32H523ZCT6, STM32H523ZEJ6, STM32H523ZET6, STM32H533CET6, STM32H533CEU6, STM32H533HEY6TR, STM32H533RET6, STM32H533VEI6, STM32H533VET6, STM32H533ZEJ6, STM32H533ZET6, STM32H562AGI6, STM32H562AII6, STM32H562IGK6, STM32H562IGT6, STM32H562IIK6, STM32H562IIT6, STM32H562RGT6, STM32H562RGV6, STM32H562RIT6, STM32H562RIV6, STM32H562VGT6, STM32H562VIT6, STM32H562ZGT6, STM32H562ZIT6, STM32H563AGI6, STM32H563AII3Q, STM32H563AII6, STM32H563IGK6, STM32H563IGT6, STM32H563IIK3Q, STM32H563IIK6, STM32H563IIT3Q, STM32H563IIT6, STM32H563MIY3QTR, STM32H563RGT6, STM32H563RGV6, STM32H563RIT6, STM32H563RIV6, STM32H563VGT6, STM32H563VIT3Q, STM32H563VIT6, STM32H563ZGT6, STM32H563ZIT3Q, STM32H563ZIT6, STM32H573AII3Q, STM32H573AII6, STM32H573I-DK, STM32H573IIK3Q, STM32H573IIK6, STM32H573IIT3Q, STM32H573IIT6, STM32H573MIY3QTR, STM32H573RIT6, STM32H573RIV6, STM32H573VIT3Q, STM32H573VIT6, STM32H573ZIT3Q, STM32H573ZIT6, STM32H7R3A8I6, STM32H7R3I8K6, STM32H7R3I8T6, STM32H7R3L8H6, STM32H7R3L8H6H, STM32H7R3R8V6, STM32H7R3V8H6, STM32H7R3V8T6, STM32H7R3V8Y6TR, STM32H7R3Z8J6, STM32H7R3Z8T6, STM32H7R7A8I6, STM32H7R7I8K6, STM32H7R7I8T6, STM32H7R7L8H6, STM32H7R7L8H6H, STM32H7R7Z8J6, STM32H7S3A8I6, STM32H7S3I8K6, STM32H7S3I8T6, STM32H7S3L8H6, STM32H7S3L8H6H, STM32H7S3R8V6, STM32H7S3V8H6, STM32H7S3V8T6, STM32H7S3V8Y6TR, STM32H7S3Z8J6, STM32H7S3Z8T6, STM32H7S78-DK, STM32H7S7A8I6, STM32H7S7I8K6, STM32H7S7I8T6, STM32H7S7L8H6, STM32H7S7L8H6H, STM32H7S7Z8J6, STM32L4R5QGI6STR, STM32MP131AAE3, STM32MP131AAF3, STM32MP131AAG3, STM32MP131CAE3, STM32MP131CAF3, STM32MP131CAG3, STM32MP131DAE7, STM32MP131DAF7, STM32MP131DAG7, STM32MP131FAE7, STM32MP131FAF7, STM32MP131FAG7, STM32MP133AAE3, STM32MP133AAF3, STM32MP133AAG3, STM32MP133CAE3, STM32MP133CAF3, STM32MP133CAG3, STM32MP133DAE7, STM32MP133DAF7, STM32MP133DAG7, STM32MP133FAE7, STM32MP133FAF7, STM32MP133FAG7, STM32MP135AAE3, STM32MP135AAF3, STM32MP135AAG3, STM32MP135CAE3, STM32MP135CAF3, STM32MP135CAG3, STM32MP135DAE7, STM32MP135DAF7, STM32MP135DAG7, STM32MP135F-DK, STM32MP135FAE7, STM32MP135FAF7, STM32MP135FAF7T, STM32MP135FAF7U, STM32MP135FAG7, STM32MP211AAL3, STM32MP211AAM3, STM32MP211AAN3, STM32MP211AAO3, STM32MP211CAL3, STM32MP211CAM3, STM32MP211CAN3, STM32MP211CAO3, STM32MP211DAL3, STM32MP211DAM3, STM32MP211DAN3, STM32MP211DAO3, STM32MP211FAL3, STM32MP211FAM3, STM32MP211FAN3, STM32MP211FAO3, STM32MP213AAL3, STM32MP213AAM3, STM32MP213AAN3, STM32MP213AAO3, STM32MP213CAL3, STM32MP213CAM3, STM32MP213CAN3, STM32MP213CAO3, STM32MP213DAL3, STM32MP213DAM3, STM32MP213DAN3, STM32MP213DAO3, STM32MP213FAL3, STM32MP213FAM3, STM32MP213FAN3, STM32MP213FAO3, STM32MP215AAL3, STM32MP215AAM3, STM32MP215AAN3, STM32MP215AAO3, STM32MP215CAL3, STM32MP215CAM3, STM32MP215CAN3, STM32MP215CAO3, STM32MP215DAL3, STM32MP215DAM3, STM32MP215DAN3, STM32MP215DAO3, STM32MP215F-DK, STM32MP215FAL3, STM32MP215FAM3, STM32MP215FAN3, STM32MP215FAO3, STM32MP231AAJ3, STM32MP231AAK3, STM32MP231AAL3, STM32MP231CAJ3, STM32MP231CAK3, STM32MP231CAL3, STM32MP231DAJ3, STM32MP231DAK3, STM32MP231DAL3, STM32MP231FAJ3, STM32MP231FAK3, STM32MP231FAL3, STM32MP233AAJ3, STM32MP233AAK3, STM32MP233AAL3, STM32MP233CAJ3, STM32MP233CAK3, STM32MP233CAL3, STM32MP233DAJ3, STM32MP233DAK3, STM32MP233DAL3, STM32MP233FAJ3, STM32MP233FAK3, STM32MP233FAL3, STM32MP235AAJ3, STM32MP235AAK3, STM32MP235AAL3, STM32MP235CAJ3, STM32MP235CAK3, STM32MP235CAL3, STM32MP235DAJ3, STM32MP235DAK3, STM32MP235DAL3, STM32MP235FAJ3, STM32MP235FAK3, STM32MP235FAL3, STM32MP251AAI3, STM32MP251AAK3, STM32MP251AAL3, STM32MP251CAI3, STM32MP251CAK3, STM32MP251CAL3, STM32MP251DAI3, STM32MP251DAK3, STM32MP251DAL3, STM32MP251FAI3, STM32MP251FAK3, STM32MP251FAL3, STM32MP253AAI3, STM32MP253AAK3, STM32MP253AAL3, STM32MP253CAI3, STM32MP253CAK3, STM32MP253CAL3, STM32MP253DAI3, STM32MP253DAK3, STM32MP253DAL3, STM32MP253FAI3, STM32MP253FAK3, STM32MP253FAL3, STM32MP255AAI3, STM32MP255AAK3, STM32MP255AAL3, STM32MP255CAI3, STM32MP255CAK3, STM32MP255CAL3, STM32MP255DAI3, STM32MP255DAK3, STM32MP255DAL3, STM32MP255FAI3, STM32MP255FAK3, STM32MP255FAL3, STM32MP257AAI3, STM32MP257AAK3, STM32MP257AAL3, STM32MP257CAI3, STM32MP257CAK3, STM32MP257CAL3, STM32MP257DAI3, STM32MP257DAK3, STM32MP257DAL3, STM32MP257F-DK, STM32MP257F-EV1, STM32MP257FAI3, STM32MP257FAK3, STM32MP257FAL3, STM32N645A0H3Q, STM32N645B0H3Q, STM32N645I0H3Q, STM32N645L0H3Q, STM32N645X0H3Q, STM32N645Z0H3Q, STM32N647A0H3Q, STM32N647B0H3Q, STM32N647I0H3Q, STM32N647L0H3Q, STM32N647X0H3Q, STM32N647Z0H3Q, STM32N655A0H3Q, STM32N655B0H3Q, STM32N655I0H3Q, STM32N655L0H3Q, STM32N655X0H3Q, STM32N655Z0H3Q, STM32N6570-DK, STM32N657A0H3Q, STM32N657B0H3Q, STM32N657I0H3Q, STM32N657L0H3Q, STM32N657X0H3Q, STM32N657Z0H3Q, STM32U031C6T6, STM32U031C6U6, STM32U031C8T6, STM32U031C8U6, STM32U031F4P6, STM32U031F6P6, STM32U031F8P6, STM32U031G6Y6TR, STM32U031G8Y6TR, STM32U031K4U6, STM32U031K6U6, STM32U031K8U6, STM32U031R6I6, STM32U031R6T6, STM32U031R8I6, STM32U031R8T6, STM32U073C8T6, STM32U073C8U6, STM32U073CBT6, STM32U073CBU6, STM32U073CCT6, STM32U073CCU6, STM32U073H8Y6TR, STM32U073HBY6TR, STM32U073HCY6TR, STM32U073K8U6, STM32U073KBU6, STM32U073KCU6, STM32U073M8I6, STM32U073M8T6, STM32U073MBI6, STM32U073MBT6, STM32U073MCI6, STM32U073MCT6, STM32U073R8I6, STM32U073R8T6, STM32U073RBI6, STM32U073RBT6, STM32U073RCI6, STM32U073RCT6, STM32U083C-DK, STM32U083CCT6, STM32U083CCU6, STM32U083HCY6TR, STM32U083KCU6, STM32U083MCI6, STM32U083MCT6, STM32U083RCI6, STM32U083RCT6, STM32U375CET6, STM32U375CET6Q, STM32U375CEU6, STM32U375CEU6Q, STM32U375CEY6QTR, STM32U375CGT6, STM32U375CGT6Q, STM32U375CGU6, STM32U375CGU6Q, STM32U375CGY6QTR, STM32U375KEU6, STM32U375KGU6, STM32U375REI6, STM32U375REI6Q, STM32U375RET6, STM32U375RET6Q, STM32U375REY6GTR, STM32U375REY6QTR, STM32U375RGI6, STM32U375RGI6Q, STM32U375RGT6, STM32U375RGT6Q, STM32U375RGY6GTR, STM32U375RGY6QTR, STM32U375VEI6, STM32U375VEI6Q, STM32U375VET6, STM32U375VET6Q, STM32U375VGI6, STM32U375VGI6Q, STM32U375VGT6, STM32U375VGT6Q, STM32U385CGT6, STM32U385CGT6Q, STM32U385CGU6, STM32U385CGU6Q, STM32U385CGY6QTR, STM32U385KGU6, STM32U385RGI6, STM32U385RGI6Q, STM32U385RGT6, STM32U385RGT6Q, STM32U385RGY6GTR, STM32U385RGY6QTR, STM32U385VGI6, STM32U385VGI6Q, STM32U385VGT6, STM32U385VGT6Q, STM32U535CBT6, STM32U535CBT6Q, STM32U535CBU6, STM32U535CBU6Q, STM32U535CCT6, STM32U535CCT6Q, STM32U535CCU6, STM32U535CCU6Q, STM32U535CET6, STM32U535CET6Q, STM32U535CEU6, STM32U535CEU6Q, STM32U535JEY6QTR, STM32U535NCY6QTR, STM32U535NEY6QTR, STM32U535RBI6, STM32U535RBI6Q, STM32U535RBT6, STM32U535RBT6Q, STM32U535RCI6, STM32U535RCI6Q, STM32U535RCT6, STM32U535RCT6Q, STM32U535REI6, STM32U535REI6Q, STM32U535RET6, STM32U535RET6Q, STM32U535VCI6, STM32U535VCI6Q, STM32U535VCT6, STM32U535VCT6Q, STM32U535VEI6, STM32U535VEI6Q, STM32U535VET6, STM32U535VET6Q, STM32U545CET6, STM32U545CET6Q, STM32U545CEU6, STM32U545CEU6Q, STM32U545JEY6QTR, STM32U545NEY6QTR, STM32U545REI6, STM32U545REI6Q, STM32U545RET6, STM32U545RET6Q, STM32U545VEI6, STM32U545VEI6Q, STM32U545VET6, STM32U545VET6Q, STM32U595AIH6, STM32U595AIH6Q, STM32U595AJH6, STM32U595AJH6Q, STM32U595QII6, STM32U595QII6Q, STM32U595QJI6, STM32U595QJI6Q, STM32U595RIT6, STM32U595RIT6Q, STM32U595RJT6, STM32U595RJT6Q, STM32U595VIT6, STM32U595VIT6Q, STM32U595VJT6, STM32U595VJT6Q, STM32U595ZIT6, STM32U595ZIT6Q, STM32U595ZIY6QTR, STM32U595ZJT6, STM32U595ZJT6Q, STM32U595ZJY6QTR, STM32U599BJY6QTR, STM32U599NIH6Q, STM32U599NJH6Q, STM32U599VIT6Q, STM32U599VJT6, STM32U599VJT6Q, STM32U599ZIT6Q, STM32U599ZIY6QTR, STM32U599ZJT6Q, STM32U599ZJY6QTR, STM32U5A5AJH6, STM32U5A5AJH6Q, STM32U5A5QII3Q , STM32U5A5QJI6, STM32U5A5QJI6Q, STM32U5A5RJT6, STM32U5A5RJT6Q, STM32U5A5VJT6, STM32U5A5VJT6Q, STM32U5A5ZJT6, STM32U5A5ZJT6Q, STM32U5A5ZJY6QTR, STM32U5A9BJY6QTR, STM32U5A9J-DK, STM32U5A9NJH6Q, STM32U5A9VJT6Q, STM32U5A9ZJT6Q, STM32U5A9ZJY6QTR, STM32U5F7VIT6, STM32U5F7VIT6Q, STM32U5F7VJT6, STM32U5F7VJT6Q, STM32U5F9BJY6QTR, STM32U5F9NJH6Q, STM32U5F9VIT6Q, STM32U5F9VJT6Q, STM32U5F9ZIJ6QTR, STM32U5F9ZIT6Q, STM32U5F9ZJJ6QTR, STM32U5F9ZJT6Q, STM32U5G7VJT6, STM32U5G7VJT6Q, STM32U5G9BJY6QTR, STM32U5G9J-DK1, STM32U5G9J-DK2, STM32U5G9NJH6Q, STM32U5G9VJT6Q, STM32U5G9ZJJ6QTR, STM32U5G9ZJT6Q, STM32WB05KZV6TR, STM32WB05KZV7TR, STM32WB05TZF6TR, STM32WB05TZF7TR, STM32WB06CCF6TR, STM32WB06CCF7TR, STM32WB06CCV6TR, STM32WB06CCV7TR, STM32WB06KCV6TR, STM32WB06KCV7TR, STM32WB07CCF6TR, STM32WB07CCF7TR, STM32WB07CCV6TR, STM32WB07CCV7TR, STM32WB07KCV6TR, STM32WB07KCV7TR, STM32WB09KEV6TR, STM32WB09KEV7TR, STM32WB09TEF6TR, STM32WB09TEF7TR, STM32WB1MMCH6, STM32WBA50KGU6, STM32WBA50KGU6TR, STM32WBA52CEU6, STM32WBA52CEU6TR, STM32WBA52CEU7, STM32WBA52CEU7TR, STM32WBA52CGU6, STM32WBA52CGU6TR, STM32WBA52CGU6U, STM32WBA52CGU7, STM32WBA52CGU7TR, STM32WBA52KEU6, STM32WBA52KEU6TR, STM32WBA52KGU6, STM32WBA52KGU6TR, STM32WBA54CEU6, STM32WBA54CEU6TR, STM32WBA54CEU7, STM32WBA54CEU7TR, STM32WBA54CGU6, STM32WBA54CGU6TR, STM32WBA54CGU7, STM32WBA54CGU7TR, STM32WBA54KEU6, STM32WBA54KEU6TR, STM32WBA54KEU7, STM32WBA54KEU7TR, STM32WBA54KGU6, STM32WBA54KGU6TR, STM32WBA54KGU7, STM32WBA54KGU7TR, STM32WBA55CEU6, STM32WBA55CEU6TR, STM32WBA55CEU7, STM32WBA55CEU7TR, STM32WBA55CGU6, STM32WBA55CGU6TR, STM32WBA55CGU6U, STM32WBA55CGU7, STM32WBA55CGU7TR, STM32WBA55G-DK1, STM32WBA55HEF6, STM32WBA55HEF7, STM32WBA55HGF6, STM32WBA55HGF7, STM32WBA55UEI6, STM32WBA55UEI6TR, STM32WBA55UEI7, STM32WBA55UEI7TR, STM32WBA55UGI6, STM32WBA55UGI6TR, STM32WBA55UGI7, STM32WBA55UGI7TR, STM32WBA5MMGH6TR, STM32WBA62MGF6, STM32WBA62MIF6, STM32WBA65MGF7, STM32WBA65MIF6, STM32WBA65MIF7, STM32WL30K8V6, STM32WL30KBV6, STM32WL31C8V6, STM32WL31CBV6, STM32WL31K8V6, STM32WL31KBV6, STM32WL33C8V6, STM32WL33C8V6X, STM32WL33CBV6, STM32WL33CBV6X, STM32WL33CCV6, STM32WL33CCV6A, STM32WL33CCV6X, STM32WL33K8V7, STM32WL33K8V7X, STM32WL33KBV7 , STM32WL33KBV7X, STM32WL33KCV7, STM32WL33KCV7X, STM32WL5MOCH6, STM32WL5MOCH6TR]
2026-05-08 13:45:03,892 [INFO] BoardInfo:889 - No configuration file found for board NUCLEO-H5E5ZJ
2026-05-08 13:45:03,898 [INFO] DbBoards:161 - Board is not supported: NUCLEO-H5E5ZJ
2026-05-08 13:45:04,160 [INFO] BoardInfo:889 - No configuration file found for board NUCLEO-U3C5ZI-Q
2026-05-08 13:45:04,164 [INFO] DbBoards:161 - Board is not supported: NUCLEO-U3C5ZI-Q
2026-05-08 13:45:04,237 [INFO] BoardInfo:889 - No configuration file found for board NUCLEO-WBA25CE1
2026-05-08 13:45:04,243 [INFO] DbBoards:161 - Board is not supported: NUCLEO-WBA25CE1
2026-05-08 13:45:04,284 [INFO] BoardInfo:889 - No configuration file found for board NUCLEO-WL3RKB1
2026-05-08 13:45:04,287 [INFO] DbBoards:161 - Board is not supported: NUCLEO-WL3RKB1
2026-05-08 13:45:04,291 [INFO] BoardInfo:889 - No configuration file found for board NUCLEO-WL3RKB2
2026-05-08 13:45:04,295 [INFO] DbBoards:161 - Board is not supported: NUCLEO-WL3RKB2
2026-05-08 13:45:04,336 [INFO] BoardInfo:889 - No configuration file found for board P-NUCLEO-WB55
2026-05-08 13:45:04,343 [INFO] DbBoards:161 - Kit is not supported: P-NUCLEO-WB55
2026-05-08 13:45:04,368 [INFO] BoardInfo:889 - No configuration file found for board STEVAL-BFA001V1B
2026-05-08 13:45:04,372 [INFO] DbBoards:161 - Kit is not supported: STEVAL-BFA001V1B
2026-05-08 13:45:04,377 [INFO] BoardInfo:889 - No configuration file found for board STEVAL-BFA001V2B
2026-05-08 13:45:04,383 [INFO] DbBoards:161 - Kit is not supported: STEVAL-BFA001V2B
2026-05-08 13:45:04,947 [INFO] BoardInfo:889 - No configuration file found for board STM32H5F5J-DK
2026-05-08 13:45:04,952 [INFO] DbBoards:161 - Board is not supported: STM32H5F5J-DK
2026-05-08 13:45:05,296 [INFO] DbBoards:168 - Found 218 boards, 209 are supported
2026-05-08 13:45:05,298 [INFO] DbBoards:169 - Found 218 boards, 43 of them is supported for  Bsp
2026-05-08 13:45:05,308 [INFO] ApiDb:423 - Load user favorites file C:\Users\mocci/.stm32cubeide/favorites.boards.txt: 0 item(s)
2026-05-08 13:45:05,310 [INFO] ApiDb:427 - User favorites Boards=[]
2026-05-08 13:45:05,310 [INFO] DbBoards:198 - Set 0 / 0 favorites Boards
2026-05-08 13:45:05,311 [INFO] McuFinderGlobals:76 - Set McuFinderConnectedMode to true
2026-05-08 13:45:05,332 [INFO] MultiScanPanel:200 - Auto-refresh data requested => check proxy status ongoing
2026-05-08 13:45:05,346 [INFO] FinderPluginLoader:96 - Searching for filters in installed packs
2026-05-08 13:45:09,961 [INFO] LoadUrlFilesThread:185 - End of LoadServerUrlFiles without Thread
2026-05-08 13:45:09,986 [INFO] DetailPanel:341 - Set advertising image to C:/Users/mocci/STM32Cube/Repository/\en.prom-stm32wba2-stm32-nucleo-board-0426.png
2026-05-08 13:45:17,686 [INFO] MultiScanPanel:200 - Auto-refresh data requested => check proxy status ongoing
2026-05-08 13:45:18,076 [INFO] LoadUrlFilesThread:185 - End of LoadServerUrlFiles without Thread
2026-05-08 13:45:18,077 [INFO] DetailPanel:341 - Set advertising image to C:/Users/mocci/STM32Cube/Repository/\en.prom-stm32wba2-stm32-nucleo-board-0426.png
2026-05-08 13:45:18,096 [INFO] DbBoards:642 - Loading board mini-images...
2026-05-08 13:45:22,338 [INFO] DbBoards:665 - Loaded 218 board mini-images
2026-05-08 13:45:54,758 [INFO] MainUpdater:2872 - connection check result : 10
2026-05-08 13:45:54,759 [INFO] MainUpdater:2872 - connection check result : 10
2026-05-08 13:45:54,784 [INFO] MicroXplorer:468 - Change Database Path : 
2026-05-08 13:45:54,784 [INFO] MicroXplorer:498 - Change Database Version : DB.6.0.150
2026-05-08 13:45:54,790 [WARN] ThirdParty:871 - waiting for thirdparty lock release [close project]
2026-05-08 13:45:54,790 [INFO] ThirdParty:873 - entering critical section [close project]
2026-05-08 13:45:54,791 [INFO] ThirdParty:883 - exiting critical section [close project]
2026-05-08 13:45:54,793 [INFO] PinOutPanel:1589 - setPackage(No Configuration,No Configuration)
2026-05-08 13:45:54,795 [INFO] UtilMem:75 - Begin LoadConfig() Used Memory: 899052640 Bytes (1073741824)
2026-05-08 13:45:54,801 [INFO] OpenFileManager:355 - Change cursor
2026-05-08 13:45:54,867 [INFO] ProjectFactory:514 - No CPN specified for board STM32F3DISCOVERY => set CPN to STM32F303VCT6
2026-05-08 13:45:54,868 [INFO] Mcu:2029 - Initializing MCU STM32F303V(B-C)Tx STM32F303VCTx STM32F303VCT6
2026-05-08 13:45:59,866 [INFO] Context:786 - Trying to add GPIOservice into a context  which must be forbidden
2026-05-08 13:46:01,437 [INFO] Rule:233 - rule 117617 - U5Cobra4M][GTZC] default value MPCBB3 and MPCBB5 - Not Secured memory - MPCBB1 is applicable
2026-05-08 13:46:01,438 [INFO] Rule:233 - rule 117617 - U5Cobra4M][GTZC] default value MPCBB3 and MPCBB5 - Not Secured memory - MPCBB1 is applicable
2026-05-08 13:46:01,439 [INFO] Rule:233 - rule 117617 - U5Cobra4M][GTZC] default value MPCBB3 and MPCBB5 - Not Secured memory - MPCBB2 is applicable
2026-05-08 13:46:01,439 [INFO] Rule:233 - rule 117617 - U5Cobra4M][GTZC] default value MPCBB3 and MPCBB5 - Not Secured memory - MPCBB2 is applicable
2026-05-08 13:46:01,439 [INFO] Rule:233 - rule 117617 - U5Cobra4M][GTZC] default value MPCBB3 and MPCBB5 - Not Secured memory - MPCBB3 is applicable
2026-05-08 13:46:01,439 [INFO] Rule:233 - rule 117617 - U5Cobra4M][GTZC] default value MPCBB3 and MPCBB5 - Not Secured memory - MPCBB3 is applicable
2026-05-08 13:46:01,439 [INFO] Rule:233 - rule 117617 - U5Cobra4M][GTZC] default value MPCBB3 and MPCBB5 - Not Secured memory - MPCBB4 is applicable
2026-05-08 13:46:01,439 [INFO] Rule:233 - rule 117617 - U5Cobra4M][GTZC] default value MPCBB3 and MPCBB5 - Not Secured memory - MPCBB4 is applicable
2026-05-08 13:46:01,439 [INFO] Rule:233 - rule 117617 - U5Cobra4M][GTZC] default value MPCBB3 and MPCBB5 - Secured memory - MPCBB1 is applicable
2026-05-08 13:46:01,439 [INFO] Rule:233 - rule 117617 - U5Cobra4M][GTZC] default value MPCBB3 and MPCBB5 - Secured memory - MPCBB2 is applicable
2026-05-08 13:46:01,440 [INFO] Rule:233 - rule 117617 - U5Cobra4M][GTZC] default value MPCBB3 and MPCBB5 - Secured memory - MPCBB3 is applicable
2026-05-08 13:46:01,440 [INFO] Rule:233 - rule 117617 - U5Cobra4M][GTZC] default value MPCBB3 and MPCBB5 - Secured memory - MPCBB4 is applicable
2026-05-08 13:46:01,440 [INFO] Rule:233 - rule 117617 - U5Cobra4M][GTZC] default value MPCBB3 and MPCBB5 - Privileged memory - MPCBB1 is applicable
2026-05-08 13:46:01,440 [INFO] Rule:233 - rule 117617 - U5Cobra4M][GTZC] default value MPCBB3 and MPCBB5 - Privileged memory - MPCBB2 is applicable
2026-05-08 13:46:01,440 [INFO] Rule:233 - rule 117617 - U5Cobra4M][GTZC] default value MPCBB3 and MPCBB5 - Privileged memory - MPCBB3 is applicable
2026-05-08 13:46:01,440 [INFO] Rule:233 - rule 117617 - U5Cobra4M][GTZC] default value MPCBB3 and MPCBB5 - Privileged memory - MPCBB4 is applicable
2026-05-08 13:46:01,440 [INFO] Rule:233 - rule 117617 - U5Cobra4M][GTZC] default value MPCBB3 and MPCBB5 - Not Privileged memory - MPCBB1 is applicable
2026-05-08 13:46:01,440 [INFO] Rule:233 - rule 117617 - U5Cobra4M][GTZC] default value MPCBB3 and MPCBB5 - Not Privileged memory - MPCBB2 is applicable
2026-05-08 13:46:01,440 [INFO] Rule:233 - rule 117617 - U5Cobra4M][GTZC] default value MPCBB3 and MPCBB5 - Not Privileged memory - MPCBB3 is applicable
2026-05-08 13:46:01,440 [INFO] Rule:233 - rule 117617 - U5Cobra4M][GTZC] default value MPCBB3 and MPCBB5 - Not Privileged memory - MPCBB4 is applicable
2026-05-08 13:46:01,440 [INFO] Rule:233 - rule 117617 - U5Cobra4M][GTZC] default value MPCBB3 and MPCBB5 - Privileged memory - MPCBB1 is applicable
2026-05-08 13:46:01,440 [INFO] Rule:233 - rule 117617 - U5Cobra4M][GTZC] default value MPCBB3 and MPCBB5 - Privileged memory - MPCBB2 is applicable
2026-05-08 13:46:01,441 [INFO] Rule:233 - rule 117617 - U5Cobra4M][GTZC] default value MPCBB3 and MPCBB5 - Privileged memory - MPCBB3 is applicable
2026-05-08 13:46:01,441 [INFO] Rule:233 - rule 117617 - U5Cobra4M][GTZC] default value MPCBB3 and MPCBB5 - Privileged memory - MPCBB4 is applicable
2026-05-08 13:46:01,441 [INFO] Rule:233 - rule 117617 - U5Cobra4M][GTZC] default value MPCBB3 and MPCBB5 - Privileged memory - MPCBB1 is applicable
2026-05-08 13:46:01,441 [INFO] Rule:233 - rule 117617 - U5Cobra4M][GTZC] default value MPCBB3 and MPCBB5 - Privileged memory - MPCBB2 is applicable
2026-05-08 13:46:01,441 [INFO] Rule:233 - rule 117617 - U5Cobra4M][GTZC] default value MPCBB3 and MPCBB5 - Privileged memory - MPCBB3 is applicable
2026-05-08 13:46:01,441 [INFO] Rule:233 - rule 117617 - U5Cobra4M][GTZC] default value MPCBB3 and MPCBB5 - Privileged memory - MPCBB4 is applicable
2026-05-08 13:46:01,441 [INFO] Rule:233 - rule 117617 - U5Cobra4M][GTZC] default value MPCBB3 and MPCBB5 - Not Privileged memory - MPCBB1 is applicable
2026-05-08 13:46:01,441 [INFO] Rule:233 - rule 117617 - U5Cobra4M][GTZC] default value MPCBB3 and MPCBB5 - Not Privileged memory - MPCBB2 is applicable
2026-05-08 13:46:01,441 [INFO] Rule:233 - rule 117617 - U5Cobra4M][GTZC] default value MPCBB3 and MPCBB5 - Not Privileged memory - MPCBB3 is applicable
2026-05-08 13:46:01,441 [INFO] Rule:233 - rule 117617 - U5Cobra4M][GTZC] default value MPCBB3 and MPCBB5 - Not Privileged memory - MPCBB4 is applicable
2026-05-08 13:46:01,441 [INFO] Rule:233 - rule 117617 - U5Cobra4M][GTZC] default value MPCBB3 and MPCBB5 - Privileged memory - MPCBB1 is applicable
2026-05-08 13:46:01,441 [INFO] Rule:233 - rule 117617 - U5Cobra4M][GTZC] default value MPCBB3 and MPCBB5 - Privileged memory - MPCBB2 is applicable
2026-05-08 13:46:01,441 [INFO] Rule:233 - rule 117617 - U5Cobra4M][GTZC] default value MPCBB3 and MPCBB5 - Privileged memory - MPCBB3 is applicable
2026-05-08 13:46:01,441 [INFO] Rule:233 - rule 117617 - U5Cobra4M][GTZC] default value MPCBB3 and MPCBB5 - Privileged memory - MPCBB4 is applicable
2026-05-08 13:46:01,441 [INFO] Rule:233 - rule Rename SubGHz_Phy SUBGHZ_APPLICATION SUBGHZ_PINGPONG to SUBGHZ_ADV_APPLICATION is applicable
2026-05-08 13:46:01,441 [INFO] Rule:233 - rule Rename Enabled to IBEACON is applicable
2026-05-08 13:46:01,441 [INFO] Rule:233 - rule GTZC_S instance for project manager is applicable
2026-05-08 13:46:01,441 [INFO] Rule:233 - rule GTZC_S instance for context M33S is applicable
2026-05-08 13:46:01,441 [INFO] Rule:233 - rule GTZC_S instance value for IP GTZC is applicable
2026-05-08 13:46:01,441 [INFO] Rule:233 - rule GTZC_S instance for mcu.IP is applicable
2026-05-08 13:46:01,441 [INFO] Rule:233 - rule GTZC_S instance for VP is applicable
2026-05-08 13:46:01,441 [INFO] Rule:233 - rule GTZC_S instance for signal is applicable
2026-05-08 13:46:01,441 [INFO] Rule:233 - rule GTZC_S instance for mcu.Pin is applicable
2026-05-08 13:46:01,442 [INFO] Rule:233 - rule GTZC_S instance for VP is applicable
2026-05-08 13:46:01,442 [INFO] Rule:233 - rule GTZC_S instance for signal is applicable
2026-05-08 13:46:01,442 [INFO] Rule:233 - rule GTZC_S instance for mcu is applicable
2026-05-08 13:46:01,442 [INFO] Rule:233 - rule GTZC_S instance for mcu.Pin is applicable
2026-05-08 13:46:01,442 [INFO] Rule:233 - rule GTZC_S instance value for IP GTZC is applicable
2026-05-08 13:46:01,442 [INFO] Rule:233 - rule GTZC_S instance for project manager is applicable
2026-05-08 13:46:01,442 [INFO] Rule:233 - rule GTZC_S instance for context M33S is applicable
2026-05-08 13:46:01,442 [INFO] Rule:233 - rule GTZC_S instance for VP is applicable
2026-05-08 13:46:01,442 [INFO] Rule:233 - rule GTZC_S instance for signal is applicable
2026-05-08 13:46:01,442 [INFO] Rule:233 - rule SPDIFRX instance for mcu is applicable
2026-05-08 13:46:01,442 [INFO] Rule:233 - rule Rename Tracer Mode is applicable
2026-05-08 13:46:01,442 [INFO] Rule:233 - rule SPDIFRX instance value for IP SPDIFRX is applicable
2026-05-08 13:46:01,442 [INFO] Rule:233 - rule SPDIFRX instance for signal is applicable
2026-05-08 13:46:01,442 [INFO] Rule:233 - rule SPDIFRX instance for project manager is applicable
2026-05-08 13:46:01,442 [INFO] Rule:233 - rule SPDIFRX instance for project manager is applicable
2026-05-08 13:46:01,443 [INFO] Rule:233 - rule ADC Scan  fix with FW F7 is applicable
2026-05-08 13:46:01,443 [INFO] Rule:233 - rule ADC Scan  fix with FW F7 is applicable
2026-05-08 13:46:01,443 [INFO] Rule:233 - rule WakeUp0 Mode is applicable
2026-05-08 13:46:01,443 [INFO] Rule:233 - rule WakeUp0 SIGNAL is applicable
2026-05-08 13:46:01,443 [INFO] Rule:233 - rule WakeUp1 Mode is applicable
2026-05-08 13:46:01,443 [INFO] Rule:233 - rule WakeUp1 SIGNAL is applicable
2026-05-08 13:46:01,443 [INFO] Rule:233 - rule WakeUp2 Mode is applicable
2026-05-08 13:46:01,443 [INFO] Rule:233 - rule WakeUp2 SIGNAL is applicable
2026-05-08 13:46:01,443 [INFO] Rule:233 - rule WakeUp4 Mode is applicable
2026-05-08 13:46:01,444 [INFO] Rule:233 - rule WakeUp4 SIGNAL is applicable
2026-05-08 13:46:01,444 [INFO] Rule:233 - rule WakeUp5 Mode is applicable
2026-05-08 13:46:01,444 [INFO] Rule:233 - rule WakeUp5 SIGNAL is applicable
2026-05-08 13:46:01,444 [INFO] Rule:233 - rule Add RTC Activate Clock Source is applicable
2026-05-08 13:46:01,444 [INFO] Rule:233 - rule Add RTC Activate Calendar 1 is applicable
2026-05-08 13:46:01,444 [INFO] Rule:233 - rule Add RTC Activate Calendar 2 is applicable
2026-05-08 13:46:01,444 [INFO] Rule:233 - rule Add RTC Activate Calendar 3 is applicable
2026-05-08 13:46:01,445 [INFO] Rule:233 - rule UART/USART TX Mode is applicable
2026-05-08 13:46:01,445 [INFO] Rule:233 - rule UART/USART RX Mode is applicable
2026-05-08 13:46:01,445 [INFO] Rule:233 - rule UART/USART RX TX Mode is applicable
2026-05-08 13:46:01,445 [INFO] Rule:233 - rule UART/USART PARITY NONE is applicable
2026-05-08 13:46:01,445 [INFO] Rule:233 - rule UART/USART PARITY EVEN is applicable
2026-05-08 13:46:01,445 [INFO] Rule:233 - rule UART/USART PARITY ODD is applicable
2026-05-08 13:46:01,445 [INFO] Rule:233 - rule USART StopBits 1 is applicable
2026-05-08 13:46:01,445 [INFO] Rule:233 - rule USART StopBits 2 is applicable
2026-05-08 13:46:01,445 [INFO] Rule:233 - rule USART StopBits 1.5 is applicable
2026-05-08 13:46:01,445 [INFO] Rule:233 - rule USART StopBits 0.5 is applicable
2026-05-08 13:46:01,445 [INFO] Rule:233 - rule UART/USART WORD LENGTH 7 is applicable
2026-05-08 13:46:01,445 [INFO] Rule:233 - rule UART/USART WORD LENGTH 8 is applicable
2026-05-08 13:46:01,445 [INFO] Rule:233 - rule UART/USART WORD LENGTH 9 is applicable
2026-05-08 13:46:01,445 [INFO] Rule:233 - rule Rename FMC NAND NCE signal is applicable
2026-05-08 13:46:01,445 [INFO] Rule:233 - rule Rename FMC NAND INT signal is applicable
2026-05-08 13:46:01,445 [INFO] Rule:233 - rule Change Default Value for LSE Drive Capability for WB family is applicable
2026-05-08 13:46:01,447 [INFO] Rule:233 - rule Change Default Value for ADC Clock Prescaler G0 family is applicable
2026-05-08 13:46:01,447 [INFO] Rule:233 - rule Change Default Value for ADC ExternalTrigConv L4 family is applicable
2026-05-08 13:46:01,447 [INFO] Rule:233 - rule Change Default Value for ADC ExternalTrigInjecConv L4 family is applicable
2026-05-08 13:46:01,447 [INFO] Rule:233 - rule Change Default Value for ADC ExternalTrigConv F3 family is applicable
2026-05-08 13:46:01,447 [INFO] Rule:233 - rule Change Default Value for ADC ExternalTrigInjecConv F3 family is applicable
2026-05-08 13:46:01,447 [INFO] Rule:233 - rule Change Default Value for ADC ExternalTrigConv Goldfish serie is applicable
2026-05-08 13:46:01,447 [INFO] Rule:233 - rule Change Default Value for ADC ExternalTrigInjecConv Goldfish serie is applicable
2026-05-08 13:46:01,447 [INFO] Rule:233 - rule Change Default Value for ADC ExternalTrigConv L0 family is applicable
2026-05-08 13:46:01,447 [INFO] Rule:233 - rule Change Default Value for ADC ExternalTrigConv F0 family is applicable
2026-05-08 13:46:01,447 [INFO] Rule:233 - rule Change Default Value for ADC ExternalTrigConvn L1 family is applicable
2026-05-08 13:46:01,447 [INFO] Rule:233 - rule Change Default Value for ADC ExternalTrigInjecConv L1 family is applicable
2026-05-08 13:46:01,447 [INFO] Rule:233 - rule Change Default Value for ADC ExternalTrigConv F1 family is applicable
2026-05-08 13:46:01,447 [INFO] Rule:233 - rule Change Default Value for ADC ExternalTrigInjecConv F1 family is applicable
2026-05-08 13:46:01,447 [INFO] Rule:233 - rule Change Default Value for ADC ExternalTrigConv F7 family is applicable
2026-05-08 13:46:01,448 [INFO] Rule:233 - rule Change Default Value for ADC ExternalTrigInjecConv F7 family is applicable
2026-05-08 13:46:01,448 [INFO] Rule:233 - rule Change Default Value for ADC ExternalTrigConv F4 and F2 family is applicable
2026-05-08 13:46:01,448 [INFO] Rule:233 - rule Change Default Value for ADC ExternalTrigInjecConv F4 and F2 family is applicable
2026-05-08 13:46:01,448 [INFO] Rule:233 - rule ADC SamplingTime fix with FW L0  is applicable
2026-05-08 13:46:01,448 [INFO] Rule:233 - rule ADC SamplingTime fix with FW L0  is applicable
2026-05-08 13:46:01,448 [INFO] Rule:233 - rule ADC SamplingTime fix with FW L0 is applicable
2026-05-08 13:46:01,448 [INFO] Rule:233 - rule ADC SamplingTime fix with FW L0 is applicable
2026-05-08 13:46:01,448 [INFO] Rule:233 - rule ADC SamplingTime fix with FW L0  is applicable
2026-05-08 13:46:01,448 [INFO] Rule:233 - rule ADC SamplingTime fix with FW L0 is applicable
2026-05-08 13:46:01,448 [INFO] Rule:233 - rule Rename USB_OE Signal is applicable
2026-05-08 13:46:01,449 [INFO] Rule:233 - rule Rename Activate_OE Mode is applicable
2026-05-08 13:46:01,449 [INFO] Rule:233 - rule Rename DIE462/DIE415 pin PC14/OSC32_IN -> PC14-OSC32_IN (PC14) is applicable
2026-05-08 13:46:01,449 [INFO] Rule:233 - rule Rename DIE462/DIE415 pin PC15/OSC32_OUT -> PC15-OSC32_OUT (PC15) is applicable
2026-05-08 13:46:01,449 [INFO] Rule:233 - rule Rename DIE462/DIE415 pin PH0/OSC_IN -> PH0-OSC_IN (PH0) is applicable
2026-05-08 13:46:01,449 [INFO] Rule:233 - rule Rename DIE462/DIE415 pin PH1/OSC_OUT -> PH1-OSC_OUT (PH1) is applicable
2026-05-08 13:46:01,449 [INFO] Rule:233 - rule Rename DIE462 pin PA13 -> PA13 (JTMS/SWDIO) is applicable
2026-05-08 13:46:01,449 [INFO] Rule:233 - rule Rename DIE415 pin PA13 -> PA13 (JTMS/SWDIO) is applicable
2026-05-08 13:46:01,449 [INFO] Rule:233 - rule Rename DIE462 pin PA14 -> PA14 (JTCK/SWCLK) is applicable
2026-05-08 13:46:01,450 [INFO] Rule:233 - rule Rename DIE415 pin PA14 -> PA14 (JTCK/SWCLK) is applicable
2026-05-08 13:46:01,450 [INFO] Rule:233 - rule Rename DIE462/DIE415 pin PA15 -> PA15 (JTDI) is applicable
2026-05-08 13:46:01,450 [INFO] Rule:233 - rule Rename DIE462 pin PB3 -> PB3 (JTD0/TRACESWO) is applicable
2026-05-08 13:46:01,450 [INFO] Rule:233 - rule Rename DIE415 pin PB3 -> PB3 (JTD0-TRACESWO) is applicable
2026-05-08 13:46:01,450 [INFO] Rule:233 - rule Rename DIE462/DIE415 pin PB4 -> PB4 (NJTRST) is applicable
2026-05-08 13:46:01,451 [INFO] Rule:233 - rule Rename DIE462 pin PH3/BOOT0 -> PH3-BOOT0 (BOOT0) is applicable
2026-05-08 13:46:01,451 [INFO] Rule:233 - rule Rename CRYP DataEncryptionTypesList to Algorithm is applicable
2026-05-08 13:46:01,451 [INFO] Rule:233 - rule Rename AES DataEncryptionTypesList to Algorithm is applicable
2026-05-08 13:46:01,451 [INFO] Rule:233 - rule Rename TDESECB to CRYP_TDES_ECB is applicable
2026-05-08 13:46:01,451 [INFO] Rule:233 - rule Rename TDESCBC to CRYP_TDES_CBC is applicable
2026-05-08 13:46:01,451 [INFO] Rule:233 - rule Rename DESECB to CRYP_DES_ECB is applicable
2026-05-08 13:46:01,451 [INFO] Rule:233 - rule Rename DESCBC to CRYP_DES_CBC is applicable
2026-05-08 13:46:01,451 [INFO] Rule:233 - rule Rename AESECB to CRYP_AES_ECB is applicable
2026-05-08 13:46:01,452 [INFO] Rule:233 - rule Rename AESCBC to CRYP_AES_CBC is applicable
2026-05-08 13:46:01,452 [INFO] Rule:233 - rule Rename AESCTR to CRYP_AES_CTR is applicable
2026-05-08 13:46:01,452 [INFO] Rule:233 - rule Rename AESGCM to CRYP_AES_GCM is applicable
2026-05-08 13:46:01,452 [INFO] Rule:233 - rule Rename AESCCM to CRYP_AES_CCM is applicable
2026-05-08 13:46:01,452 [INFO] Rule:233 - rule Rename CAN TimeSeg1 to BS1 is applicable
2026-05-08 13:46:01,452 [INFO] Rule:233 - rule Rename CAN TimeSeg2 to BS2 is applicable
2026-05-08 13:46:01,452 [INFO] Rule:233 - rule Rename CAN SyncJumpWidth to SJW is applicable
2026-05-08 13:46:01,453 [INFO] Rule:233 - rule TimeTriggeredMode to TTCM is applicable
2026-05-08 13:46:01,453 [INFO] Rule:233 - rule Rename CAN AutoBusOff to ABOM is applicable
2026-05-08 13:46:01,453 [INFO] Rule:233 - rule Rename CAN AutoWakeUp to AWUM is applicable
2026-05-08 13:46:01,453 [INFO] Rule:233 - rule Rename CAN AutoRetransmission to NART is applicable
2026-05-08 13:46:01,453 [INFO] Rule:233 - rule Rename CAN ReceiveFifoLocked to RFLM is applicable
2026-05-08 13:46:01,453 [INFO] Rule:233 - rule Rename CAN TransmitFifoPriority to TXFP is applicable
2026-05-08 13:46:01,453 [INFO] Rule:233 - rule Rename HRTIMER HRTIM_OUTPUTFAULTLEVEL_HIGH in HRTIMER HRTIM_OUTPUTFAULTLEVEL_HIGHZ is applicable
2026-05-08 13:46:01,453 [INFO] Rule:233 - rule Rename TIMER TIM_CLEARINPUTSOURCE_OCREFCLR in  TIMER TIM_CLEARINPUTSOURCE_NONE for F7 family is applicable
2026-05-08 13:46:01,454 [INFO] Rule:233 - rule FDCAN_R1 - Rename FDCAN mode Master into Classic is applicable
2026-05-08 13:46:01,454 [INFO] Rule:233 - rule FDCAN_R2 - Rename FDCAN mode Slave into Classic is applicable
2026-05-08 13:46:01,454 [INFO] Rule:233 - rule FDCAN1_R3 - if PA10.Mode=FullDuplex, add Pin PA12 is applicable
2026-05-08 13:46:01,454 [INFO] Rule:233 - rule FDCAN1_R3 - if PA9.Mode=FullDuplex, add Pin PA11 is applicable
2026-05-08 13:46:01,454 [INFO] Rule:233 - rule FDCAN1_R3 - Alternatepin_1 - if PE1.Mode=FullDuplex, add Pin PB9 is applicable
2026-05-08 13:46:01,454 [INFO] Rule:233 - rule FDCAN1_R3 - Alternatepin_1 - if PE0.Mode=FullDuplex, add Pin PB8 is applicable
2026-05-08 13:46:01,454 [INFO] Rule:233 - rule FDCAN1_R3 - Alternatepin_2 - if PD5.Mode=FullDuplex, add Pin PD1 is applicable
2026-05-08 13:46:01,454 [INFO] Rule:233 - rule FDCAN1_R3 - Alternatepin_2 - if PD4.Mode=FullDuplex, add Pin PD0 is applicable
2026-05-08 13:46:01,455 [INFO] Rule:233 - rule FDCAN1_R4 - Rename Mode FullDuplex into Enable FDCAN_TXFD for pin PA10 is applicable
2026-05-08 13:46:01,455 [INFO] Rule:233 - rule FDCAN1_R4 - Rename Mode FullDuplex into Enable FDCAN_TXFD for pin PA9 is applicable
2026-05-08 13:46:01,455 [INFO] Rule:233 - rule FDCAN1_R4 - Alternatepin_1 - Rename Mode FullDuplex into Enable FDCAN_TXFD for pin PE1 is applicable
2026-05-08 13:46:01,455 [INFO] Rule:233 - rule FDCAN1_R4 - Alternatepin_1 - Rename Mode FullDuplex into Enable FDCAN_TXFD for pin PE0 is applicable
2026-05-08 13:46:01,455 [INFO] Rule:233 - rule FDCAN1_R4 - Alternatepin_2 - Rename Mode FullDuplex into Enable FDCAN_TXFD for pin PD5 is applicable
2026-05-08 13:46:01,455 [INFO] Rule:233 - rule FDCAN1_R4 - Alternatepin_2 - Rename Mode FullDuplex into Enable FDCAN_TXFD for pin PD4 is applicable
2026-05-08 13:46:01,455 [INFO] Rule:233 - rule FDCAN2_R3 - if PD10.Mode=FullDuplex, add Pin PB13 is applicable
2026-05-08 13:46:01,455 [INFO] Rule:233 - rule FDCAN2_R3 - if PD9.Mode=FullDuplex, add Pin PB12 is applicable
2026-05-08 13:46:01,455 [INFO] Rule:233 - rule FDCAN2_R3 - Alternatepin_1 - if PB7.Mode=FullDuplex, add Pin PB6 is applicable
2026-05-08 13:46:01,456 [INFO] Rule:233 - rule FDCAN2_R3 - Alternatepin_1 - if PD9.Mode=FullDuplex, add Pin PB12 is applicable
2026-05-08 13:46:01,456 [INFO] Rule:233 - rule FDCAN2_R4 - Rename Mode FullDuplex into Enable FDCAN_TXFD for pin PD10 is applicable
2026-05-08 13:46:01,456 [INFO] Rule:233 - rule FDCAN2_R4 - Rename Mode FullDuplex into Enable FDCAN_TXFD for pin PD9 is applicable
2026-05-08 13:46:01,456 [INFO] Rule:233 - rule FDCAN2_R4 - Alternatepin_1 - Rename Mode FullDuplex into Enable FDCAN_TXFD for pin PB7 is applicable
2026-05-08 13:46:01,456 [INFO] Rule:233 - rule FDCAN2_R4 - Alternatepin_1 - Rename Mode FullDuplex into Enable FDCAN_TXFD for pin PD6 is applicable
2026-05-08 13:46:01,456 [INFO] Rule:233 - rule USART TxPinLevelInvertParam Mode is applicable
2026-05-08 13:46:01,456 [INFO] Rule:233 - rule USART RxPinLevelInvertParam Mode is applicable
2026-05-08 13:46:01,456 [INFO] Rule:233 - rule USART DataInvertParam Mode is applicable
2026-05-08 13:46:01,456 [INFO] Rule:233 - rule USART SwapParam Mode is applicable
2026-05-08 13:46:01,456 [INFO] Rule:233 - rule USART OverrunDisableParam Mode is applicable
2026-05-08 13:46:01,456 [INFO] Rule:233 - rule USART DMADisableonRxErrorParam Mode is applicable
2026-05-08 13:46:01,456 [INFO] Rule:233 - rule USART MSBFirstParam Mode is applicable
2026-05-08 13:46:01,456 [INFO] Rule:233 - rule Update MwName for USB_DEVICE is applicable
2026-05-08 13:46:01,456 [INFO] Rule:233 - rule Change PWR_Regulator_Voltage_Scale Default Value for RCC  H7 family is applicable
2026-05-08 13:46:01,456 [INFO] Rule:233 - rule UART/USART IPParameter rename Prescaler parameter to ClockPrescaler is applicable
2026-05-08 13:46:01,458 [INFO] Rule:233 - rule UART/USART Prescaler rename Prescaler parameter to ClockPrescaler is applicable
2026-05-08 13:46:01,458 [INFO] Rule:233 - rule TIM1CLockSelection is applicable
2026-05-08 13:46:01,458 [INFO] Rule:233 - rule TIM15CLockSelection is applicable
2026-05-08 13:46:01,458 [INFO] Rule:233 - rule align RCC SDMMC3CLockSelection default value on MP1 is applicable
2026-05-08 13:46:01,458 [INFO] Rule:233 - rule align RCC SDMMC12CLockSelection default value on MP1 is applicable
2026-05-08 13:46:01,458 [INFO] Rule:233 - rule align RCC QSPICLockSelection default value on MP1 is applicable
2026-05-08 13:46:01,458 [INFO] Rule:233 - rule align RCC QSPICLockSelection default value on MP1 is applicable
2026-05-08 13:46:01,458 [INFO] Rule:233 - rule align RCC SPI6CLockSelection default value on MP1 is applicable
2026-05-08 13:46:01,458 [INFO] Rule:233 - rule align RCC LPTIM23CLockSelection default value on MP1 is applicable
2026-05-08 13:46:01,458 [INFO] Rule:233 - rule align RCC LPTIM1CLockSelection default value on MP1 is applicable
2026-05-08 13:46:01,458 [INFO] Rule:233 - rule align RCC USART1CLockSelection default value on MP1 is applicable
2026-05-08 13:46:01,458 [INFO] Rule:233 - rule align RCC USART24CLockSelection default value on MP1 is applicable
2026-05-08 13:46:01,458 [INFO] Rule:233 - rule align RCC USART6CLockSelection default value on MP1 is applicable
2026-05-08 13:46:01,458 [INFO] Rule:233 - rule align RCC UART78CLockSelection default value on MP1 is applicable
2026-05-08 13:46:01,458 [INFO] Rule:233 - rule align RCC USART35CLockSelection default value on MP1 is applicable
2026-05-08 13:46:01,458 [INFO] Rule:233 - rule align RCC SPI45CLockSelection default value on MP1 is applicable
2026-05-08 13:46:01,460 [INFO] Rule:233 - rule align RCC I2C46CLockSelection BCLK value on MP1 is applicable
2026-05-08 13:46:01,460 [INFO] Rule:233 - rule align RCC SPI45CLockSelection default value on MP1 is applicable
2026-05-08 13:46:01,460 [INFO] Rule:233 - rule align RCC I2C12CLockSelection default value on MP1 is applicable
2026-05-08 13:46:01,460 [INFO] Rule:233 - rule align RCC I2C35CLockSelection default value on MP1 is applicable
2026-05-08 13:46:01,460 [INFO] Rule:233 - rule align RCC LPTIM45CLockSelection default value on MP1 is applicable
2026-05-08 13:46:01,460 [INFO] Rule:233 - rule Rename DCMI PIXCK signal is applicable
2026-05-08 13:46:01,460 [INFO] Rule:233 - rule Change Default Value for I2C46CLockSelection MP1 family is applicable
2026-05-08 13:46:01,460 [INFO] Rule:233 - rule Change Default Value for UART for G4, G0 and WB families is applicable
2026-05-08 13:46:01,460 [INFO] Rule:233 - rule Change Default Value for USART for G4, G0 and WB families is applicable
2026-05-08 13:46:01,460 [INFO] Rule:233 - rule Change Default Value for USART for G4 family is applicable
2026-05-08 13:46:01,460 [INFO] Rule:233 - rule Change USART1CLockSelection refparam name for MP1 is applicable
2026-05-08 13:46:01,461 [INFO] Rule:233 - rule Change USART2CLockSelection refparam name for MP1 is applicable
2026-05-08 13:46:01,461 [INFO] Rule:233 - rule Change USART3CLockSelection refparam name for MP1 is applicable
2026-05-08 13:46:01,461 [INFO] Rule:233 - rule Change UART4CLockSelection refparam name for MP1 is applicable
2026-05-08 13:46:01,461 [INFO] Rule:233 - rule Change UART5CLockSelection refparam name for MP1 is applicable
2026-05-08 13:46:01,461 [INFO] Rule:233 - rule Change LPUART1CLockSelection refparam name for MP1 is applicable
2026-05-08 13:46:01,462 [INFO] Rule:233 - rule Change LPTIM1CLockSelection refparam name for MP1 is applicable
2026-05-08 13:46:01,462 [INFO] Rule:233 - rule Change LPTIM2CLockSelection refparam name for MP1 is applicable
2026-05-08 13:46:01,462 [INFO] Rule:233 - rule Change RCC_MCO1Source refparam name for MP1 is applicable
2026-05-08 13:46:01,462 [INFO] Rule:233 - rule Change LSCOSource1 refparam name for MP1 is applicable
2026-05-08 13:46:01,462 [INFO] Rule:233 - rule Change SMPSCLockSelection refparam name for MP1 is applicable
2026-05-08 13:46:01,462 [INFO] Rule:233 - rule Change LPTIM3CLockSelection refparam name for MP1 is applicable
2026-05-08 13:46:01,462 [INFO] Rule:233 - rule Change MPCBB* Default Template Mode to Parameters is applicable
2026-05-08 13:46:01,462 [INFO] Rule:233 - rule Change MPCWM* or MPCBB* Secure Mode to Parameters is applicable
2026-05-08 13:46:01,462 [INFO] Rule:233 - rule Change MPCWM* or MPCBB* No Secure Mode to Parameters is applicable
2026-05-08 13:46:01,462 [INFO] Rule:233 - rule Change TZSC IP Secure Mode to Parameters is applicable
2026-05-08 13:46:01,462 [INFO] Rule:233 - rule Change TZSC IP No Secure Mode to Parameters is applicable
2026-05-08 13:46:01,462 [INFO] Rule:233 - rule Change TZSC IP Privilege Mode to Parameters is applicable
2026-05-08 13:46:01,462 [INFO] Rule:233 - rule Change TZSC IP No Privilege Mode to Parameters is applicable
2026-05-08 13:46:01,463 [INFO] Rule:233 - rule Change TZIC IT Secure Mode to Parameters is applicable
2026-05-08 13:46:01,463 [INFO] Rule:233 - rule Change TZIC IT No Secure Mode to Parameters is applicable
2026-05-08 13:46:01,463 [INFO] Rule:233 - rule Add MPCBB1_NonSecureArea_Start_Address value with referenced to MPCBB1_NonSecureArea_Start value is applicable
2026-05-08 13:46:01,463 [INFO] Rule:233 - rule Add MPCBB2_NonSecureArea_Start_Address value with referenced to MPCBB2_NonSecureArea_Start value is applicable
2026-05-08 13:46:01,463 [INFO] Rule:233 - rule Add MPCWM1_NonSecureArea*_Start_Address value with referenced to MPCWM1_NonSecureArea*_Start value is applicable
2026-05-08 13:46:01,463 [INFO] Rule:233 - rule Add MPCWM2_NonSecureArea*_Start_Address value with referenced to MPCWM2_NonSecureArea*_Start value is applicable
2026-05-08 13:46:01,463 [INFO] Rule:233 - rule Add MPCWM3_NonSecureArea_Start_Address value with referenced to MPCWM3_NonSecureArea_Start value is applicable
2026-05-08 13:46:01,463 [INFO] Rule:233 - rule Change Default Value for PLL1UserDefinedConfig is applicable
2026-05-08 13:46:01,464 [INFO] Rule:233 - rule Change GPIO_PuPd Default Value for USART in async mode is applicable
2026-05-08 13:46:01,464 [INFO] Rule:233 - rule Change SMPSDivider Default Value is applicable
2026-05-08 13:46:01,464 [INFO] Rule:233 - rule OPAMP is applicable
2026-05-08 13:46:01,464 [INFO] Rule:233 - rule LPUART IPParameter rename Prescaler parameter to ClockPrescaler for STM32H7 is applicable
2026-05-08 13:46:01,464 [INFO] Rule:233 - rule LPUART IPParameter rename Prescaler parameter to ClockPrescaler for STM32H7 is applicable
2026-05-08 13:46:01,464 [INFO] Rule:233 - rule LPUART IPParameter rename Prescaler parameter to ClockPrescaler for STM32WB is applicable
2026-05-08 13:46:01,464 [INFO] Rule:233 - rule LPUART IPParameter rename Prescaler parameter to ClockPrescaler for STM32WB is applicable
2026-05-08 13:46:01,464 [INFO] Rule:233 - rule LPUART IPParameter rename Prescaler parameter to ClockPrescaler for STM32G4 is applicable
2026-05-08 13:46:01,465 [INFO] Rule:233 - rule LPUART IPParameter rename Prescaler parameter to ClockPrescaler for STM32G4 is applicable
2026-05-08 13:46:01,465 [INFO] Rule:233 - rule LPUART IPParameter rename Prescaler parameter to ClockPrescaler for STM32L5 is applicable
2026-05-08 13:46:01,465 [INFO] Rule:233 - rule LPUART IPParameter rename Prescaler parameter to ClockPrescaler for STM32L5 is applicable
2026-05-08 13:46:01,465 [INFO] Rule:233 - rule LPUART IPParameter rename Prescaler parameter to ClockPrescaler for STM32G4 is applicable
2026-05-08 13:46:01,466 [INFO] Rule:233 - rule LPUART IPParameter rename Prescaler parameter to ClockPrescaler for STM32G4 is applicable
2026-05-08 13:46:01,466 [INFO] Rule:233 - rule USB device lib V2.5.3 for L0 rename USBD_SUPPORT_USER_STRING parameter to USBD_SUPPORT_USER_STRING_DESC4 is applicable
2026-05-08 13:46:01,466 [INFO] Rule:233 - rule I2SCLockSelection clock entry align is applicable
2026-05-08 13:46:01,466 [INFO] Rule:233 - rule Assign TIMx context if used as SYS timebase is applicable
2026-05-08 13:46:01,466 [INFO] Rule:233 - rule Change GPIO_Pu Default Value for I2C is applicable
2026-05-08 13:46:01,466 [INFO] Rule:233 - rule Change GPIO_Pu Default Value for SMBus is applicable
2026-05-08 13:46:01,466 [INFO] Rule:233 - rule change FDCAN default value is applicable
2026-05-08 13:46:01,466 [INFO] Rule:233 - rule Change mode sai is applicable
2026-05-08 13:46:01,466 [INFO] Rule:233 - rule **Change sai mode is applicable
2026-05-08 13:46:01,466 [INFO] Rule:233 - rule Rename STM32WPAN CFG_BLE_IRK to CFG_BLE_IR is applicable
2026-05-08 13:46:01,466 [INFO] Rule:233 - rule Rename STM32WPAN CFG_BLE_ERK to CFG_BLE_ER is applicable
2026-05-08 13:46:01,467 [INFO] Rule:233 - rule Rename STM32WPAN CFG_BLE_IRK_HEX to CFG_BLE_IR_HEX is applicable
2026-05-08 13:46:01,467 [INFO] Rule:233 - rule Rename STM32WPAN CFG_BLE_ERK_HEX to CFG_BLE_ER_HEX is applicable
2026-05-08 13:46:01,467 [INFO] Rule:233 - rule Adapt Old IOC before rework replace old CORTEX_M33/CORTEX_M55 attributes by the new one. is applicable
2026-05-08 13:46:01,467 [INFO] Rule:233 - rule Rename parametre of RCC RCC_APBDBG_DIV2 to RCC_TIMPRES_DIV2 is applicable
2026-05-08 13:46:01,467 [INFO] Rule:233 - rule Rename DIE493 pin PA10 [PA12] -> PA10 is applicable
2026-05-08 13:46:01,467 [INFO] Rule:233 - rule Rename DIE493 pin PA9 [PA11] -> PA9 is applicable
2026-05-08 13:46:01,468 [INFO] Rule:233 - rule Rename DIE492 PartNumber CPN STM32WBA5MJGHx -> STM32WBA5MMGHx is applicable
2026-05-08 13:46:01,468 [INFO] Rule:233 - rule Rename DIE492 PartNumber  Name STM32WBA5MJGHx -> STM32WBA5MMGHx is applicable
2026-05-08 13:46:01,468 [INFO] Rule:233 - rule Rename DIE492 PartNumber UserName STM32WBA5MJGHx -> STM32WBA5MMGHx is applicable
2026-05-08 13:46:01,468 [INFO] Rule:233 - rule Rename DIE492 PartNumber DeviceId STM32WBA5MJGHx -> STM32WBA5MMGHx is applicable
2026-05-08 13:46:01,469 [INFO] Rule:233 - rule Adapt Old IOC CSI. is applicable
2026-05-08 13:46:01,469 [INFO] Rule:233 - rule Adapt Old IOC DCMIPP. is applicable
2026-05-08 13:46:01,469 [INFO] Rule:233 - rule Adapt Old IOC DCMIPP Mode Parallel. is applicable
2026-05-08 13:46:01,469 [INFO] Rule:233 - rule Adapt Old IOC LTDC. is applicable
2026-05-08 13:46:01,469 [INFO] Rule:233 - rule Rename STM32MP2 RIF Peripheral LTDC RIF.RISUP.LTDC_L0L1.Privilege -> RIF.RISUP.LTDC_L1L2.Privilege is applicable
2026-05-08 13:46:01,469 [INFO] Rule:233 - rule Rename STM32MP2 RIF Peripheral LTDC RIF.RISUP.LTDC_L0L1.Privilege -> RIF.RISUP.LTDC_L1L2.Privilege is applicable
2026-05-08 13:46:01,469 [INFO] Rule:233 - rule Rename STM32MP2 RIF Peripheral LTDC RIF.RISUP.LTDC_L0L1.Lock -> RIF.RISUP.LTDC_L1L2.Lock is applicable
2026-05-08 13:46:01,469 [INFO] Rule:233 - rule Rename STM32MP2 RIF Peripheral LTDC RIF.RISUP.LTDC_L2.Lock -> RIF.RISUP.LTDC_L3.Lock is applicable
2026-05-08 13:46:01,469 [INFO] Rule:233 - rule Adapt the old IOC example for updating the SYS when it is misconfigured. is applicable
2026-05-08 13:46:01,469 [INFO] Rule:233 - rule Rename STM32C09 Mcu.Package LQFP64 -> LQFP48 is applicable
2026-05-08 13:46:01,469 [INFO] Rule:233 - rule Adapt the old IOC example for updating the SYS when it is misconfigured. is applicable
2026-05-08 13:46:01,469 [INFO] Rule:233 - rule Adapt the old IOC example for updating the SYS when it is misconfigured. is applicable
2026-05-08 13:46:01,523 [INFO] DbConfProperties:307 - Apply Compatibility (45/282 Rules)
2026-05-08 13:46:01,577 [INFO] ImportTextPane:234 - (OptionalMessage_ERROR) Unable to find key (Mcu.ThirdPartyNb) in loaded IOC file
2026-05-08 13:46:01,588 [INFO] ImportTextPane:234 - (OptionalMessage_ERROR) Pin30 (VP_RIF_VS_RIF1) cannot be retrieved for this MCU
2026-05-08 13:46:02,152 [INFO] RtosManager:558 - Registered RTOS mode: class=CMSIS, group=RTOS, mode=CMSIS_V1, owner=FREERTOS
2026-05-08 13:46:02,153 [INFO] RtosManager:558 - Registered RTOS mode: class=CMSIS, group=RTOS2, mode=CMSIS_V2, owner=FREERTOS
2026-05-08 13:46:02,153 [INFO] RtosManager:558 - Registered RTOS mode: class=RTOS, group=Core, mode=CMSIS_V1, owner=FREERTOS
2026-05-08 13:46:02,154 [INFO] RtosManager:558 - Registered RTOS mode: class=RTOS, group=Core, mode=CMSIS_V2, owner=FREERTOS
2026-05-08 13:46:02,154 [WARN] ModelIntegratedComponent:184 - Missing modes for component STMicroelectronics:FreeRTOS:0.0.1:STMicroelectronics:RTOS:FreeRTOS:Core:::10.2.0:
2026-05-08 13:46:02,214 [WARN] ModelIntegratedComponent:63 - No mode defined for component null
2026-05-08 13:46:02,214 [WARN] ModelIntegratedComponent:63 - No mode defined for component null
2026-05-08 13:46:02,214 [WARN] ModelIntegratedComponent:63 - No mode defined for component null
2026-05-08 13:46:02,214 [WARN] ModelIntegratedComponent:63 - No mode defined for component null
2026-05-08 13:46:02,215 [WARN] ModelIntegratedComponent:63 - No mode defined for component null
2026-05-08 13:46:02,215 [WARN] ModelIntegratedComponent:63 - No mode defined for component null
2026-05-08 13:46:02,215 [WARN] ModelIntegratedComponent:63 - No mode defined for component null
2026-05-08 13:46:02,216 [WARN] ModelIntegratedComponent:63 - No mode defined for component null
2026-05-08 13:46:02,216 [WARN] ModelIntegratedComponent:63 - No mode defined for component null
2026-05-08 13:46:02,216 [WARN] ModelIntegratedComponent:63 - No mode defined for component null
2026-05-08 13:46:02,216 [WARN] ModelIntegratedComponent:63 - No mode defined for component null
2026-05-08 13:46:02,216 [WARN] ModelIntegratedComponent:63 - No mode defined for component null
2026-05-08 13:46:02,216 [WARN] ModelIntegratedComponent:63 - No mode defined for component null
2026-05-08 13:46:02,216 [WARN] ModelIntegratedComponent:63 - No mode defined for component null
2026-05-08 13:46:02,216 [WARN] ModelIntegratedComponent:63 - No mode defined for component null
2026-05-08 13:46:02,216 [WARN] ModelIntegratedComponent:63 - No mode defined for component null
2026-05-08 13:46:02,216 [WARN] ModelIntegratedComponent:63 - No mode defined for component null
2026-05-08 13:46:02,218 [WARN] ModelIntegratedComponent:63 - No mode defined for component null
2026-05-08 13:46:02,218 [WARN] ModelIntegratedComponent:63 - No mode defined for component null
2026-05-08 13:46:02,218 [WARN] ModelIntegratedComponent:63 - No mode defined for component null
2026-05-08 13:46:02,218 [WARN] ModelIntegratedComponent:63 - No mode defined for component null
2026-05-08 13:46:02,218 [WARN] ModelIntegratedComponent:63 - No mode defined for component null
2026-05-08 13:46:02,218 [WARN] ModelIntegratedComponent:63 - No mode defined for component null
2026-05-08 13:46:02,218 [WARN] ModelIntegratedComponent:63 - No mode defined for component null
2026-05-08 13:46:02,218 [WARN] ModelIntegratedComponent:63 - No mode defined for component null
2026-05-08 13:46:02,218 [WARN] ModelIntegratedComponent:63 - No mode defined for component null
2026-05-08 13:46:02,218 [WARN] ModelIntegratedComponent:63 - No mode defined for component null
2026-05-08 13:46:02,218 [WARN] ModelIntegratedComponent:63 - No mode defined for component null
2026-05-08 13:46:02,219 [WARN] ModelIntegratedComponent:63 - No mode defined for component null
2026-05-08 13:46:02,219 [WARN] ModelIntegratedComponent:63 - No mode defined for component null
2026-05-08 13:46:02,219 [WARN] ModelIntegratedComponent:63 - No mode defined for component null
2026-05-08 13:46:02,219 [WARN] ModelIntegratedComponent:63 - No mode defined for component null
2026-05-08 13:46:02,219 [WARN] ModelIntegratedComponent:63 - No mode defined for component null
2026-05-08 13:46:02,219 [WARN] ModelIntegratedComponent:63 - No mode defined for component null
2026-05-08 13:46:02,219 [WARN] ModelIntegratedComponent:63 - No mode defined for component null
2026-05-08 13:46:02,220 [WARN] ModelPack:524 - Component already loaded: STMicroelectronics:HAL Drivers:0.0.0:STMicroelectronics:Device:STMicro_Driver:XSPI:HAL::0.0.1:HAL_XSPI
2026-05-08 13:46:02,582 [INFO] ThirdPartyModel:298 - Start build external matchings
2026-05-08 13:46:04,796 [INFO] ThirdPartyModel:316 - End build external matchings
2026-05-08 13:46:04,855 [INFO] ImportTextPane:234 - (OptionalMessage_ERROR) IP (RCC) : Invalid parameter (FamilyName)
2026-05-08 13:46:04,862 [INFO] ImportTextPane:234 - (OptionalMessage_ERROR) IP (RCC) : Invalid parameter (TIM2Freq_Value)
2026-05-08 13:46:06,362 [INFO] UtilMem:75 - End LoadConfig() Used Memory: 933200680 Bytes (1073741824)
2026-05-08 13:46:06,730 [WARN] ThirdParty:833 - waiting for thirdparty lock release [change project]
2026-05-08 13:46:06,731 [INFO] ThirdParty:835 - entering critical section [change project]
2026-05-08 13:46:06,731 [INFO] ThirdParty:1030 - CMSIS Pack Vendor :STMicroelectronics X-CUBE-AZRTOS-H7 3.5.0
2026-05-08 13:46:06,731 [INFO] ThirdParty:1030 - CMSIS Pack Vendor :STMicroelectronics X-CUBE-PM33A1 1.0.0
2026-05-08 13:46:06,731 [INFO] ThirdParty:1030 - CMSIS Pack Vendor :STMicroelectronics USBPD 4.1
2026-05-08 13:46:06,731 [INFO] ThirdParty:1030 - CMSIS Pack Vendor :STMicroelectronics X-CUBE-NFC9 1.0.0
2026-05-08 13:46:06,731 [INFO] ThirdParty:1030 - CMSIS Pack Vendor :STMicroelectronics USB_HOST 2.0.0
2026-05-08 13:46:06,731 [INFO] ThirdParty:1030 - CMSIS Pack Vendor :STMicroelectronics X-CUBE-AZRTOS-F4 1.1.0
2026-05-08 13:46:06,732 [INFO] ThirdParty:1030 - CMSIS Pack Vendor :STMicroelectronics LIBJPEG 8.0.0
2026-05-08 13:46:06,732 [INFO] ThirdParty:1030 - CMSIS Pack Vendor :STMicroelectronics FP-ATR-ASTRA1 2.0.2
2026-05-08 13:46:06,732 [INFO] ThirdParty:1030 - CMSIS Pack Vendor :STMicroelectronics X-CUBE-BLE1 7.1.0
2026-05-08 13:46:06,732 [INFO] ThirdParty:1030 - CMSIS Pack Vendor :STMicroelectronics X-CUBE-SMBUS 2.1.0
2026-05-08 13:46:06,732 [INFO] ThirdParty:1030 - CMSIS Pack Vendor :wolfSSL I-CUBE-wolfMQTT 1.19.2
2026-05-08 13:46:06,732 [INFO] ThirdParty:1030 - CMSIS Pack Vendor :STMicroelectronics USB_DEVICE 3.0.0
2026-05-08 13:46:06,732 [INFO] ThirdParty:1030 - CMSIS Pack Vendor :STMicroelectronics X-CUBE-ISPU 2.1.0
2026-05-08 13:46:06,732 [INFO] ThirdParty:1030 - CMSIS Pack Vendor :STMicroelectronics X-CUBE-EEPRMA1 5.2.0
2026-05-08 13:46:06,732 [INFO] ThirdParty:1030 - CMSIS Pack Vendor :STMicroelectronics X-CUBE-IPS 3.2.0
2026-05-08 13:46:06,732 [INFO] ThirdParty:1030 - CMSIS Pack Vendor :STMicroelectronics X-CUBE-BLEMGR 4.1.0
2026-05-08 13:46:06,732 [INFO] ThirdParty:1030 - CMSIS Pack Vendor :STMicroelectronics eDS-WB_DPC_TT-BIDIR 2.1.1
2026-05-08 13:46:06,732 [INFO] ThirdParty:1030 - CMSIS Pack Vendor :STMicroelectronics X-CUBE-AZRTOS-WB 2.0.0
2026-05-08 13:46:06,732 [INFO] ThirdParty:1030 - CMSIS Pack Vendor :wolfSSL I-CUBE-wolfSSL 5.8.4
2026-05-08 13:46:06,732 [INFO] ThirdParty:1030 - CMSIS Pack Vendor :STMicroelectronics X-CUBE-NFC12 1.0.0
2026-05-08 13:46:06,733 [INFO] ThirdParty:1030 - CMSIS Pack Vendor :STMicroelectronics X-CUBE-AZRTOS-F7 1.1.0
2026-05-08 13:46:06,733 [INFO] ThirdParty:1030 - CMSIS Pack Vendor :STMicroelectronics X-CUBE-AZRTOS-L5 2.0.0
2026-05-08 13:46:06,733 [INFO] ThirdParty:1030 - CMSIS Pack Vendor :STMicroelectronics USB_DEVICE 2.0.0
2026-05-08 13:46:06,733 [INFO] ThirdParty:1030 - CMSIS Pack Vendor :STMicroelectronics FP-SNS-STAIOTCFT 1.1.0
2026-05-08 13:46:06,733 [INFO] ThirdParty:1030 - CMSIS Pack Vendor :quantropi X-CUBE-qispace-sdk-base 2.1.0
2026-05-08 13:46:06,733 [INFO] ThirdParty:1030 - CMSIS Pack Vendor :STMicroelectronics X-CUBE-MEMS1 12.0.0
2026-05-08 13:46:06,733 [INFO] ThirdParty:1030 - CMSIS Pack Vendor :STMicroelectronics X-CUBE-STSE01 2.0.0
2026-05-08 13:46:06,733 [INFO] ThirdParty:1030 - CMSIS Pack Vendor :STMicroelectronics FP-SNS-MOTENV1 5.1.0
2026-05-08 13:46:06,733 [INFO] ThirdParty:1030 - CMSIS Pack Vendor :STMicroelectronics FreeRTOS 0.0.1
2026-05-08 13:46:06,733 [INFO] ThirdParty:1030 - CMSIS Pack Vendor :STMicroelectronics X-CUBE-AZRTOS-G0 1.1.0
2026-05-08 13:46:06,733 [INFO] ThirdParty:1030 - CMSIS Pack Vendor :STMicroelectronics X-CUBE-NFC4 3.0.0
2026-05-08 13:46:06,733 [INFO] ThirdParty:1030 - CMSIS Pack Vendor :STMicroelectronics X-CUBE-SUBG2 5.0.0
2026-05-08 13:46:06,733 [INFO] ThirdParty:1030 - CMSIS Pack Vendor :STMicroelectronics STM32_WPAN 1.0.0
2026-05-08 13:46:06,733 [INFO] ThirdParty:1030 - CMSIS Pack Vendor :STMicroelectronics eDS-WB_DPC_VIENNA 1.2.0
2026-05-08 13:46:06,733 [INFO] ThirdParty:1030 - CMSIS Pack Vendor :EmbeddedOffice I-CUBE-FS-RTOS 1.0.1
2026-05-08 13:46:06,733 [INFO] ThirdParty:1030 - CMSIS Pack Vendor :STMicroelectronics lwIP 2.0.3
2026-05-08 13:46:06,733 [INFO] ThirdParty:1030 - CMSIS Pack Vendor :WES I-CUBE-Cesium 1.4.0
2026-05-08 13:46:06,733 [INFO] ThirdParty:1030 - CMSIS Pack Vendor :STMicroelectronics eDS-WB_DPC_3PH2L-BIDIR 1.1.1
2026-05-08 13:46:06,734 [INFO] ThirdParty:1030 - CMSIS Pack Vendor :STMicroelectronics USB_HOST 1.0.0
2026-05-08 13:46:06,734 [INFO] ThirdParty:1030 - CMSIS Pack Vendor :STMicroelectronics X-CUBE-AZRTOS-G4 2.0.0
2026-05-08 13:46:06,734 [INFO] ThirdParty:1030 - CMSIS Pack Vendor :STMicroelectronics PDM2PCM 3.1.0
2026-05-08 13:46:06,734 [INFO] ThirdParty:1030 - CMSIS Pack Vendor :STMicroelectronics PDM2PCM 3.3.0
2026-05-08 13:46:06,734 [INFO] ThirdParty:1030 - CMSIS Pack Vendor :wolfSSL I-CUBE-wolfTPM 3.8.0
2026-05-08 13:46:06,734 [INFO] ThirdParty:1030 - CMSIS Pack Vendor :STMicroelectronics X-CUBE-DISPLAY 3.0.0
2026-05-08 13:46:06,734 [INFO] ThirdParty:1030 - CMSIS Pack Vendor :wolfSSL I-CUBE-wolfSSH 1.4.20
2026-05-08 13:46:06,734 [INFO] ThirdParty:1030 - CMSIS Pack Vendor :STMicroelectronics X-CUBE-NFC7 2.0.0
2026-05-08 13:46:06,734 [INFO] ThirdParty:1030 - CMSIS Pack Vendor :STMicroelectronics X-CUBE-GNSS1 7.1.1
2026-05-08 13:46:06,734 [INFO] ThirdParty:1030 - CMSIS Pack Vendor :STMicroelectronics FP-SNS-MOTENVWB1 1.5.0
2026-05-08 13:46:06,734 [INFO] ThirdParty:1030 - CMSIS Pack Vendor :STMicroelectronics X-CUBE-TCPP 4.2.0
2026-05-08 13:46:06,734 [INFO] ThirdParty:1030 - CMSIS Pack Vendor :RealThread X-CUBE-RT-Thread_Nano 4.1.1
2026-05-08 13:46:06,734 [INFO] ThirdParty:1030 - CMSIS Pack Vendor :STMicroelectronics FP-ATR-SIGFOX1 3.2.0
2026-05-08 13:46:06,734 [INFO] ThirdParty:1030 - CMSIS Pack Vendor :STMicroelectronics X-CUBE-NFC10 1.0.0
2026-05-08 13:46:06,734 [INFO] ThirdParty:1030 - CMSIS Pack Vendor :STMicroelectronics HAL Drivers 0.0.0
2026-05-08 13:46:06,734 [INFO] ThirdParty:1030 - CMSIS Pack Vendor :STMicroelectronics X-CUBE-FREERTOS 1.5.0
2026-05-08 13:46:06,734 [INFO] ThirdParty:1030 - CMSIS Pack Vendor :STMicroelectronics MBEDTLS 2.16.2
2026-05-08 13:46:06,734 [INFO] ThirdParty:1030 - CMSIS Pack Vendor :STMicroelectronics X-CUBE-ST60 1.1.0
2026-05-08 13:46:06,734 [INFO] ThirdParty:1030 - CMSIS Pack Vendor :STMicroelectronics X-CUBE-ALS 1.0.2
2026-05-08 13:46:06,734 [INFO] ThirdParty:1030 - CMSIS Pack Vendor :emotas I-CUBE-CANOPEN 1.3.0
2026-05-08 13:46:06,735 [INFO] ThirdParty:1030 - CMSIS Pack Vendor :STMicroelectronics MBEDTLS 2.14.1
2026-05-08 13:46:06,735 [INFO] ThirdParty:1030 - CMSIS Pack Vendor :STMicroelectronics X-CUBE-GNSS1 7.1.0
2026-05-08 13:46:06,735 [INFO] ThirdParty:1030 - CMSIS Pack Vendor :ITTIA_DB I-CUBE-ITTIADB 8.9.0
2026-05-08 13:46:06,735 [INFO] ThirdParty:1030 - CMSIS Pack Vendor :Cesanta I-CUBE-Mongoose 7.21.0
2026-05-08 13:46:06,735 [INFO] ThirdParty:1030 - CMSIS Pack Vendor :STMicroelectronics X-CUBE-TOUCHGFX 4.26.1
2026-05-08 13:46:06,735 [INFO] ThirdParty:1030 - CMSIS Pack Vendor :STMicroelectronics X-CUBE-NFC6 3.2.0
2026-05-08 13:46:06,735 [INFO] ThirdParty:1030 - CMSIS Pack Vendor :STMicroelectronics FP-SNS-STBOX1 2.1.0
2026-05-08 13:46:06,735 [INFO] ThirdParty:1030 - CMSIS Pack Vendor :STMicroelectronics X-CUBE-AI 10.2.0
2026-05-08 13:46:06,735 [INFO] ThirdParty:1030 - CMSIS Pack Vendor :STMicroelectronics FP-SNS-STAIOTCFT 1.0.0
2026-05-08 13:46:06,735 [INFO] ThirdParty:1030 - CMSIS Pack Vendor :STMicroelectronics ThreadX 1.0.0
2026-05-08 13:46:06,735 [INFO] ThirdParty:1030 - CMSIS Pack Vendor :STMicroelectronics FP-SNS-SMARTAG2 1.2.0
2026-05-08 13:46:06,735 [INFO] ThirdParty:1030 - CMSIS Pack Vendor :STMicroelectronics X-CUBE-MEMS1 12.1.0
2026-05-08 13:46:06,735 [INFO] ThirdParty:1030 - CMSIS Pack Vendor :STMicroelectronics FP-SNS-FLIGHT1 5.1.0
2026-05-08 13:46:06,735 [INFO] ThirdParty:1030 - CMSIS Pack Vendor :STMicroelectronics X-CUBE-AZRTOS-WL 2.0.0
2026-05-08 13:46:06,735 [INFO] ThirdParty:1030 - CMSIS Pack Vendor :SEGGER I-CUBE-embOS 1.3.1
2026-05-08 13:46:06,735 [INFO] ThirdParty:1030 - CMSIS Pack Vendor :STMicroelectronics X-CUBE-ALGOBUILD 1.4.0
2026-05-08 13:46:06,735 [INFO] ThirdParty:1030 - CMSIS Pack Vendor :STMicroelectronics X-CUBE-DPower 1.3.0
2026-05-08 13:46:06,735 [INFO] ThirdParty:1030 - CMSIS Pack Vendor :STMicroelectronics USB_DEVICE 1.0.0
2026-05-08 13:46:06,735 [INFO] ThirdParty:1030 - CMSIS Pack Vendor :STMicroelectronics X-CUBE-AZRTOS-H7RS 1.2.0
2026-05-08 13:46:06,735 [INFO] ThirdParty:1030 - CMSIS Pack Vendor :STMicroelectronics X-CUBE-AZRTOS-L4 2.0.0
2026-05-08 13:46:06,735 [INFO] ThirdParty:1030 - CMSIS Pack Vendor :STMicroelectronics ThreadX 0.0.2
2026-05-08 13:46:06,735 [INFO] ThirdParty:1030 - CMSIS Pack Vendor :STMicroelectronics lwIP 2.1.2
2026-05-08 13:46:06,735 [INFO] ThirdParty:1030 - CMSIS Pack Vendor :STMicroelectronics X-CUBE-SFXS2LP1 4.0.0
2026-05-08 13:46:06,735 [INFO] ThirdParty:1030 - CMSIS Pack Vendor :STMicroelectronics X-CUBE-BLE2 3.3.0
2026-05-08 13:46:06,735 [INFO] ThirdParty:1030 - CMSIS Pack Vendor :Avnet-IOTCONNECT X-CUBE-iotc-st67-sdk 1.0.0
2026-05-08 13:46:06,735 [INFO] ThirdParty:1030 - CMSIS Pack Vendor :STMicroelectronics X-CUBE-TOF1 3.4.3
2026-05-08 13:46:06,735 [INFO] ThirdParty:1030 - CMSIS Pack Vendor :Infineon AIROC-Wi-Fi-Bluetooth-STM32 1.8.0
2026-05-08 13:46:06,735 [INFO] ThirdParty:1030 - CMSIS Pack Vendor :STMicroelectronics PDM2PCM 3.2.0
2026-05-08 13:46:06,735 [INFO] ThirdParty:1030 - CMSIS Pack Vendor :STMicroelectronics X-CUBE-WB05N 2.1.0
2026-05-08 13:46:06,735 [INFO] ThirdParty:1030 - CMSIS Pack Vendor :STMicroelectronics X-CUBE-ST67W61 1.2.0
2026-05-08 13:46:06,737 [INFO] ThirdParty:841 - exiting critical section [change project]
2026-05-08 13:46:07,833 [INFO] PinOutPanel:1589 - setPackage(No Configuration,No Configuration)
2026-05-08 13:46:07,836 [INFO] PinOutPanel:1589 - setPackage(STM32F303VCTx,LQFP100)
2026-05-08 13:46:09,525 [INFO] UtilMem:75 - Before build in PCC Used Memory: 941015624 Bytes (1073741824)
2026-05-08 13:46:11,404 [INFO] UtilMem:75 - After build in PCC Used Memory: 980794240 Bytes (1073741824)
2026-05-08 13:46:11,471 [INFO] IPUIPlugin:80 - create IPUIPlugin
2026-05-08 13:46:11,471 [INFO] IPUIPlugin:80 - create IPUIPlugin
2026-05-08 13:46:11,471 [INFO] IPUIPlugin:80 - create IPUIPlugin
2026-05-08 13:46:11,471 [INFO] IPUIPlugin:80 - create IPUIPlugin
2026-05-08 13:46:11,471 [INFO] IPUIPlugin:80 - create IPUIPlugin
2026-05-08 13:46:11,471 [INFO] IPUIPlugin:80 - create IPUIPlugin
2026-05-08 13:46:11,471 [INFO] IPUIPlugin:80 - create IPUIPlugin
2026-05-08 13:46:11,471 [INFO] IPUIPlugin:80 - create IPUIPlugin
2026-05-08 13:46:11,472 [INFO] IPUIPlugin:80 - create IPUIPlugin
2026-05-08 13:46:11,472 [INFO] IPUIPlugin:80 - create IPUIPlugin
2026-05-08 13:46:11,472 [INFO] IPUIPlugin:80 - create IPUIPlugin
2026-05-08 13:46:11,472 [INFO] IPUIPlugin:80 - create IPUIPlugin
2026-05-08 13:46:11,473 [INFO] IPUIPlugin:80 - create IPUIPlugin
2026-05-08 13:46:11,473 [INFO] IPUIPlugin:80 - create IPUIPlugin
2026-05-08 13:46:11,473 [INFO] IPUIPlugin:80 - create IPUIPlugin
2026-05-08 13:46:11,474 [INFO] IPUIPlugin:80 - create IPUIPlugin
2026-05-08 13:46:11,474 [INFO] IPUIPlugin:80 - create IPUIPlugin
2026-05-08 13:46:11,474 [INFO] IPUIPlugin:80 - create IPUIPlugin
2026-05-08 13:46:11,474 [INFO] IPUIPlugin:80 - create IPUIPlugin
2026-05-08 13:46:11,475 [INFO] IPUIPlugin:80 - create IPUIPlugin
2026-05-08 13:46:11,475 [INFO] IPUIPlugin:80 - create IPUIPlugin
2026-05-08 13:46:11,475 [INFO] IPUIPlugin:80 - create IPUIPlugin
2026-05-08 13:46:11,476 [INFO] IPUIPlugin:80 - create IPUIPlugin
2026-05-08 13:46:11,476 [INFO] IPUIPlugin:80 - create IPUIPlugin
2026-05-08 13:46:11,476 [INFO] IPUIPlugin:80 - create IPUIPlugin
2026-05-08 13:46:11,476 [INFO] IPUIPlugin:80 - create IPUIPlugin
2026-05-08 13:46:11,476 [INFO] IPUIPlugin:80 - create IPUIPlugin
2026-05-08 13:46:11,476 [INFO] IPUIPlugin:80 - create IPUIPlugin
2026-05-08 13:46:11,476 [INFO] IPUIPlugin:80 - create IPUIPlugin
2026-05-08 13:46:11,478 [INFO] IPUIPlugin:80 - create IPUIPlugin
2026-05-08 13:46:11,478 [INFO] IPUIPlugin:80 - create IPUIPlugin
2026-05-08 13:46:11,478 [INFO] IPUIPlugin:80 - create IPUIPlugin
2026-05-08 13:46:11,478 [INFO] IPUIPlugin:80 - create IPUIPlugin
2026-05-08 13:46:11,478 [INFO] IPUIPlugin:80 - create IPUIPlugin
2026-05-08 13:46:11,480 [INFO] IPUIPlugin:80 - create IPUIPlugin
2026-05-08 13:46:11,480 [INFO] IPUIPlugin:80 - create IPUIPlugin
2026-05-08 13:46:11,480 [INFO] IPUIPlugin:80 - create IPUIPlugin
2026-05-08 13:46:11,481 [INFO] IPUIPlugin:80 - create IPUIPlugin
2026-05-08 13:46:11,495 [INFO] IPUIPlugin:80 - create IPUIPlugin
2026-05-08 13:46:11,498 [INFO] IPUIPlugin:80 - create IPUIPlugin
2026-05-08 13:46:11,499 [INFO] IPUIPlugin:80 - create IPUIPlugin
2026-05-08 13:46:11,500 [INFO] IPUIPlugin:80 - create IPUIPlugin
2026-05-08 13:46:11,501 [INFO] IPUIPlugin:80 - create IPUIPlugin
2026-05-08 13:46:11,502 [INFO] IPUIPlugin:80 - create IPUIPlugin
2026-05-08 13:46:11,502 [INFO] IPUIPlugin:80 - create IPUIPlugin
2026-05-08 13:46:11,503 [INFO] IPUIPlugin:80 - create IPUIPlugin
2026-05-08 13:46:11,504 [INFO] IPUIPlugin:80 - create IPUIPlugin
2026-05-08 13:46:11,505 [INFO] IPUIPlugin:80 - create IPUIPlugin
2026-05-08 13:46:11,506 [INFO] IPUIPlugin:80 - create IPUIPlugin
2026-05-08 13:46:11,506 [INFO] IPUIPlugin:80 - create IPUIPlugin
2026-05-08 13:46:11,508 [INFO] IPUIPlugin:80 - create IPUIPlugin
2026-05-08 13:46:11,509 [INFO] IPUIPlugin:80 - create IPUIPlugin
2026-05-08 13:46:11,510 [INFO] IPUIPlugin:80 - create IPUIPlugin
2026-05-08 13:46:11,511 [INFO] IPUIPlugin:80 - create IPUIPlugin
2026-05-08 13:46:11,512 [INFO] IPUIPlugin:80 - create IPUIPlugin
2026-05-08 13:46:12,473 [INFO] CADModel:165 - CPN selected for project levelSTM32F303VCT6
2026-05-08 13:46:12,474 [INFO] CADModel:114 - Register for checkConnection events
2026-05-08 13:46:12,564 [INFO] OpenFileManager:386 - Restore cursor
2026-05-08 13:46:13,396 [WARN] IP:2250 - lpm_enable not found: check if there is a RefParameter without a condition.
2026-05-08 13:46:13,397 [WARN] IP:2250 - lpm_enable not found: check if there is a RefParameter without a condition.
2026-05-08 13:46:14,773 [INFO] UtilMem:75 - End SaveConfig() Used Memory: 990184880 Bytes (1073741824)
2026-05-08 13:46:15,476 [INFO] ServerAccessManage:452 - Complete download http(s) 200
2026-05-08 13:46:16,143 [INFO] ServerAccessManage:509 - Download File stm32cube_fw_f3_v1110.zip
2026-05-08 13:46:36,060 [WARN] FileExtend:469 - File entry not found
2026-05-08 13:46:36,062 [INFO] FileExtend:248 - Unzip File : stm32cube_fw_f3_v1110.zip
2026-05-08 13:46:36,062 [INFO] FileExtend:263 - Standard Zip Deflate
2026-05-08 13:47:09,931 [INFO] ServerAccessManage:452 - Complete download http(s) 200
2026-05-08 13:47:09,932 [INFO] ServerAccessManage:509 - Download File stm32cube_fw_f3_v1116.zip
2026-05-08 13:47:17,444 [INFO] FileExtend:248 - Unzip File : stm32cube_fw_f3_v1116.zip
2026-05-08 13:47:17,444 [INFO] FileExtend:263 - Standard Zip Deflate
2026-05-08 13:47:33,355 [INFO] LoadServerPackagesThread:196 - End of LoadServerPackages Thread
2026-05-08 13:47:33,587 [INFO] ThirdPartyModel:298 - Start build external matchings
2026-05-08 13:47:33,606 [INFO] UtilMem:75 - End SaveConfig() Used Memory: 838278608 Bytes (1073741824)
2026-05-08 13:47:35,050 [INFO] BlockDiagram:2775 - set Specific Code input for plugin: SPI
2026-05-08 13:47:35,051 [INFO] BlockDiagram:2775 - set Specific Code input for plugin: SYS
2026-05-08 13:47:35,051 [INFO] BlockDiagram:2775 - set Specific Code input for plugin: RCC
2026-05-08 13:47:35,051 [INFO] BlockDiagram:2775 - set Specific Code input for plugin: I2C
2026-05-08 13:47:35,052 [INFO] BlockDiagram:2775 - set Specific Code input for plugin: NVIC
2026-05-08 13:47:35,052 [INFO] BlockDiagram:2775 - set Specific Code input for plugin: USB
2026-05-08 13:47:35,056 [INFO] BlockDiagram:2775 - set Specific Code input for plugin: GPIO
2026-05-08 13:47:35,062 [INFO] CodeGenerator:892 - code generatio: config db path: C:\Users\mocci\Documents\APC\STM32CubeIDE_1.19.0\STM32CubeIDE\plugins\com.st.stm32cube.common.mx_6.15.0.202507011659\\db\
2026-05-08 13:47:35,225 [WARN] IP:2250 - lpm_enable not found: check if there is a RefParameter without a condition.
2026-05-08 13:47:35,877 [INFO] CodeEngine:265 - oldGeneratedFile, C:\Users\mocci\Desktop\ProgettoAPC\Nodo1_Chiave\MXTmpFiles\license.tmp_save
2026-05-08 13:47:36,116 [INFO] ThirdPartyModel:316 - End build external matchings
2026-05-08 13:47:36,146 [INFO] CheckServerUpdateThread:120 - End of CheckServer Thread
2026-05-08 13:47:36,800 [INFO] CodeEngine:289 - Generated code: C:\Users\mocci\Desktop\ProgettoAPC\Nodo1_Chiave\MXTmpFiles\license.tmp
2026-05-08 13:47:37,200 [INFO] CodeEngine:265 - oldGeneratedFile, C:\Users\mocci\Desktop\ProgettoAPC\Nodo1_Chiave\MXTmpFiles\gpio.tmp_save
2026-05-08 13:47:37,508 [INFO] CodeEngine:289 - Generated code: C:\Users\mocci\Desktop\ProgettoAPC\Nodo1_Chiave\MXTmpFiles\gpio.tmp
2026-05-08 13:47:38,508 [INFO] CodeEngine:265 - oldGeneratedFile, C:\Users\mocci\Desktop\ProgettoAPC\Nodo1_Chiave\Core\Src\stm32f3xx_it.c_save
2026-05-08 13:47:38,789 [INFO] CodeEngine:289 - Generated code: C:\Users\mocci\Desktop\ProgettoAPC\Nodo1_Chiave\Core\Src\stm32f3xx_it.c
2026-05-08 13:47:38,805 [INFO] CodeEngine:265 - oldGeneratedFile, C:\Users\mocci\Desktop\ProgettoAPC\Nodo1_Chiave\Core\Inc\stm32f3xx_it.h_save
2026-05-08 13:47:38,980 [INFO] CodeEngine:289 - Generated code: C:\Users\mocci\Desktop\ProgettoAPC\Nodo1_Chiave\Core\Inc\stm32f3xx_it.h
2026-05-08 13:47:39,013 [INFO] CodeEngine:265 - oldGeneratedFile, C:\Users\mocci\Desktop\ProgettoAPC\Nodo1_Chiave\Core\Src\stm32f3xx_hal_msp.c_save
2026-05-08 13:47:39,297 [INFO] CodeEngine:289 - Generated code: C:\Users\mocci\Desktop\ProgettoAPC\Nodo1_Chiave\Core\Src\stm32f3xx_hal_msp.c
2026-05-08 13:47:39,311 [INFO] CodeEngine:265 - oldGeneratedFile, C:\Users\mocci\Desktop\ProgettoAPC\Nodo1_Chiave\MXTmpFiles\system.tmp_save
2026-05-08 13:47:39,476 [INFO] CodeEngine:289 - Generated code: C:\Users\mocci\Desktop\ProgettoAPC\Nodo1_Chiave\MXTmpFiles\system.tmp
2026-05-08 13:47:39,532 [INFO] CodeEngine:321 - oldGeneratedFile, C:\Users\mocci\Desktop\ProgettoAPC\Nodo1_Chiave\Core\Inc\stm32f3xx_hal_conf.h_save
2026-05-08 13:47:39,710 [INFO] CodeEngine:345 - Generated code: C:\Users\mocci\Desktop\ProgettoAPC\Nodo1_Chiave\Core\Inc\stm32f3xx_hal_conf.h
2026-05-08 13:47:39,796 [INFO] ApiDbMcu:532 - Load IP Config File for I2C1
2026-05-08 13:47:39,804 [INFO] ApiDbMcu:532 - Load IP Config File for SPI1
2026-05-08 13:47:39,810 [INFO] ApiDbMcu:532 - Load IP Config File for USB
2026-05-08 13:47:39,818 [INFO] ApiDbMcu:532 - Load IP Config File for RCC
2026-05-08 13:47:39,848 [INFO] CodeEngine:265 - oldGeneratedFile, C:\Users\mocci\Desktop\ProgettoAPC\Nodo1_Chiave\Core\Inc\main.h_save
2026-05-08 13:47:40,077 [INFO] CodeEngine:289 - Generated code: C:\Users\mocci\Desktop\ProgettoAPC\Nodo1_Chiave\Core\Inc\main.h
2026-05-08 13:47:40,093 [INFO] CodeEngine:265 - oldGeneratedFile, C:\Users\mocci\Desktop\ProgettoAPC\Nodo1_Chiave\Core\Src\main.c_save
2026-05-08 13:47:40,471 [INFO] CodeEngine:289 - Generated code: C:\Users\mocci\Desktop\ProgettoAPC\Nodo1_Chiave\Core\Src\main.c
2026-05-08 13:47:41,124 [INFO] ProjectBuilder:3606 - Time for Copy HAL[1] : 317mS.
2026-05-08 13:47:41,139 [INFO] ProjectBuilder:5216 - Project Generator version: 4.7.0-B52
2026-05-08 13:47:41,274 [INFO] ConfigFileManager:1595 - The Die is : DIE422
2026-05-08 13:47:41,287 [INFO] ApiDbMcu:532 - Load IP Config File for FATFS
2026-05-08 13:47:41,298 [INFO] ApiDbMcu:532 - Load IP Config File for FREERTOS
2026-05-08 13:47:41,321 [INFO] ApiDbMcu:532 - Load IP Config File for TOUCHSENSING
2026-05-08 13:47:41,330 [INFO] ApiDbMcu:532 - Load IP Config File for USB_DEVICE
2026-05-08 13:47:42,265 [INFO] LogOutputStream:77 - [STDOUT_REDIRECT] 
2026-05-08 13:47:48,576 [INFO] ProjectBuilder:5496 - Time for Generating toolchain IDE Files: 7436mS.
2026-05-08 13:47:48,580 [INFO] ProjectBuilder:3463 - Time for Copy CMSIS : 4mS.
2026-05-08 13:47:48,586 [INFO] ProjectBuilder:3463 - Time for Copy CMSIS : 0mS.
2026-05-08 13:47:50,013 [INFO] McuFinderGlobals:76 - Set McuFinderConnectedMode to true
2026-05-08 13:47:50,024 [INFO] ApiDb:448 - Save user favorites file C:\Users\mocci/.stm32cubeide/favorites.mcus.txt: 0 item(s)
2026-05-08 13:47:50,025 [INFO] ApiDb:452 - User favorites MCUs=[]
2026-05-08 13:47:50,031 [INFO] ApiDb:448 - Save user favorites file C:\Users\mocci/.stm32cubeide/favorites.boards.txt: 0 item(s)
2026-05-08 13:47:50,031 [INFO] ApiDb:452 - User favorites Boards=[]
2026-05-08 13:48:02,490 [INFO] MainUpdater:2872 - connection check result : 10
2026-05-08 13:48:02,490 [INFO] McuFinderGlobals:76 - Set McuFinderConnectedMode to true
2026-05-08 13:48:02,797 [INFO] ServerAccessManage:452 - Complete download http(s) 200
2026-05-08 13:48:02,798 [INFO] ServerAccessManage:509 - Download File mcusAds.json._tmp_
2026-05-08 13:48:02,946 [INFO] LoadUrlFilesThread:156 - End of LoadUrlFiles Thread
2026-05-08 13:48:03,128 [INFO] ServerAccessManage:452 - Complete download http(s) 200
2026-05-08 13:48:03,129 [INFO] ServerAccessManage:509 - Download File cube-finder-db.zip
2026-05-08 13:48:07,396 [INFO] FileExtend:248 - Unzip File : cube-finder-db.zip
2026-05-08 13:48:07,396 [INFO] FileExtend:263 - Standard Zip Deflate
2026-05-08 13:48:08,385 [INFO] LoadUrlFilesThread:156 - End of LoadUrlFiles Thread
2026-05-08 13:48:08,638 [INFO] ServerAccessManage:452 - Complete download http(s) 200
2026-05-08 13:48:08,638 [INFO] ServerAccessManage:509 - Download File crdb.zip
2026-05-08 13:48:08,871 [INFO] FileExtend:248 - Unzip File : crdb.zip
2026-05-08 13:48:08,871 [INFO] FileExtend:263 - Standard Zip Deflate
2026-05-08 13:48:09,044 [INFO] LoadUrlFilesThread:156 - End of LoadUrlFiles Thread
2026-05-08 13:48:09,097 [INFO] ServerAccessManage:452 - Complete download http(s) 200
2026-05-08 13:48:09,098 [INFO] ServerAccessManage:509 - Download File tutoVideoDB.zip
2026-05-08 13:48:09,108 [INFO] FileExtend:248 - Unzip File : tutoVideoDB.zip
2026-05-08 13:48:09,108 [INFO] FileExtend:263 - Standard Zip Deflate
2026-05-08 13:48:09,233 [INFO] LoadUrlFilesThread:156 - End of LoadUrlFiles Thread
2026-05-08 13:48:09,233 [WARN] DbFile:41 - Overriding database path with different value: C:\Users\mocci\.stmcufinder\plugins\mcufinder/ => C:\Users\mocci\.stmcufinder\plugins\mcufinder
2026-05-08 13:48:09,473 [ERROR] ServerAccessManage:1212 - Problem, file not found on Server
2026-05-08 13:48:09,474 [ERROR] ServerAccessManage:740 - Problem, file not found on Server : api_config.json.
2026-05-08 13:48:11,211 [INFO] LoadUrlFilesThread:156 - End of LoadUrlFiles Thread
2026-05-08 13:48:12,368 [INFO] DbMcusAds:53 - JSON generation date=Mon Apr 27 10:14:29 CEST 2026 (1777277669577)
2026-05-08 13:48:12,372 [INFO] ApiDb:448 - Save user favorites file C:\Users\mocci/.stm32cubeide/favorites.mcus.txt: 0 item(s)
2026-05-08 13:48:12,373 [INFO] ApiDb:452 - User favorites MCUs=[]
2026-05-08 13:48:12,377 [INFO] ApiDb:581 - Connected to CubeFinder SQLite database (C:\Users\mocci\.stmcufinder\plugins\mcufinder\mcu\cube-finder-db.db)
2026-05-08 13:48:12,453 [INFO] ApiDb:668 - CubeFinder database Data Model version=2.1
2026-05-08 13:48:12,453 [INFO] ApiDb:669 - CubeFinder database Configuration version=3.0.42
2026-05-08 13:48:12,453 [INFO] ApiDb:670 - CubeFinder database generation date=2026-03-11 (1773229989)
2026-05-08 13:48:12,453 [INFO] ApiDb:671 - CubeFinder database FW Pack versions=[FP-ATR-ASTRA1_V2.0.0, FP-SNS-FLIGHT1_V5.1.0, FP-SNS-MOTENV1_V5.1.0, FP-SNS-MOTENVWB1_V1.5.0, FP-SNS-SMARTAG2_V1.2.0, FP-SNS-STBOX1_V2.1.0, STM32Cube_FW_C0_V1.4.0, STM32Cube_FW_F4_V1.28.3, STM32Cube_FW_F7_V1.17.4, STM32Cube_FW_G0_V1.6.3, STM32Cube_FW_G4_V1.6.2, STM32Cube_FW_H5_V1.6.0, STM32Cube_FW_H7RS_V1.3.0, STM32Cube_FW_H7_V1.13.0, STM32Cube_FW_L0_V1.12.2, STM32Cube_FW_L4_V1.18.2, STM32Cube_FW_L5_V1.6.0, STM32Cube_FW_N6_V1.3.0, STM32Cube_FW_U0_V1.3.0, STM32Cube_FW_U3_V1.3.0, STM32Cube_FW_U5_V1.8.0, STM32Cube_FW_WB0_V1.4.0, STM32Cube_FW_WBA_V1.9.0, STM32Cube_FW_WB_V1.24.0, STM32Cube_FW_WL3_V1.4.0, STM32Cube_FW_WL_V1.5.0, X-CUBE-ALGOBUILD_V1.4.0, X-CUBE-ALS_V1.0.2, X-CUBE-AZRTOS-F4_V1.1.0, X-CUBE-AZRTOS-F7_V1.1.0, X-CUBE-AZRTOS-G0_V1.1.0, X-CUBE-AZRTOS-G4_V2.0.0, X-CUBE-AZRTOS-H7RS_V1.1.0, X-CUBE-AZRTOS-H7_V3.4.0, X-CUBE-AZRTOS-L4_V2.0.0, X-CUBE-AZRTOS-L5_V2.0.0, X-CUBE-AZRTOS-WB_V2.0.0, X-CUBE-AZRTOS-WL_V2.0.0, X-CUBE-BLE1_V7.1.0, X-CUBE-BLE2_V3.3.0, X-CUBE-BLEMGR_V4.1.0, X-CUBE-EEPRMA1_V5.2.0, X-CUBE-FREERTOS_V1.5.0, X-CUBE-GNSS1_V6.0.0, X-CUBE-MEMS1_V12.0.0, X-CUBE-NFC4_V3.0.0, X-CUBE-NFC7_V2.0.0, X-CUBE-SFXS2LP1_V4.0.0, X-CUBE-ST67W61_V1.2.0, X-CUBE-SUBG2_V5.0.0, X-CUBE-TOF1_V3.4.3]
2026-05-08 13:48:15,471 [INFO] ApiDb:240 - Found 880 in-development CPN: [B-G473E-ZEST1S, B-WB1M-WPAN1, B-WBA5M-WPAN, B-WL5M-SUBG1, NUCLEO-C031C6, NUCLEO-C051C8, NUCLEO-C071RB, NUCLEO-C092RC, NUCLEO-H503RB, NUCLEO-H533RE, NUCLEO-H563ZI, NUCLEO-H7S3L8, NUCLEO-N657X0-Q, NUCLEO-U031R8, NUCLEO-U083RC, NUCLEO-U385RG-Q, NUCLEO-U545RE-Q, NUCLEO-U5A5ZJ-Q, NUCLEO-WB05KZ, NUCLEO-WB07CC, NUCLEO-WB09KE, NUCLEO-WBA52CG, NUCLEO-WBA55CG, NUCLEO-WL33CC1, NUCLEO-WL33CC2, STEVAL-PROTEUS1, STEVAL-SMARTAG2, STEVAL-STWINBX1, STM320518-EVAL, STM32C0116-DK, STM32C011D6Y3TR, STM32C011D6Y6TR, STM32C011F4P3, STM32C011F4P6, STM32C011F4U3, STM32C011F4U6TR, STM32C011F6P3, STM32C011F6P6, STM32C011F6U3, STM32C011F6U6TR, STM32C011J4M3, STM32C011J4M6, STM32C011J6M3, STM32C011J6M6, STM32C0316-DK, STM32C031C4T3, STM32C031C4T6, STM32C031C4U3, STM32C031C4U6, STM32C031C6T3, STM32C031C6T6, STM32C031C6U3, STM32C031C6U6, STM32C031F4P3, STM32C031F4P6, STM32C031F6P3, STM32C031F6P6, STM32C031G4U3, STM32C031G4U6, STM32C031G6U3, STM32C031G6U6, STM32C031K4T3, STM32C031K4T6, STM32C031K4U3, STM32C031K4U6, STM32C031K6T3, STM32C031K6T6, STM32C031K6U3, STM32C031K6U6, STM32C051C6T6, STM32C051C6U6, STM32C051C8T6, STM32C051C8U6, STM32C051D8Y6TR, STM32C051F6P6, STM32C051F8P6, STM32C051G6U6, STM32C051G8U6, STM32C051K6T6, STM32C051K6U6, STM32C051K8T6, STM32C071C8T6, STM32C071C8T6N, STM32C071C8U6, STM32C071C8U6N, STM32C071CBT6, STM32C071CBT6N, STM32C071CBU6, STM32C071CBU6N, STM32C071F8P6, STM32C071F8P6N, STM32C071FBP6, STM32C071FBP6N, STM32C071FBY6TR, STM32C071G8U6, STM32C071G8U6N, STM32C071GBU6, STM32C071GBU6N, STM32C071K8T6, STM32C071K8T6N, STM32C071K8U6, STM32C071K8U6N, STM32C071KBT6, STM32C071KBT6N, STM32C071KBU6, STM32C071KBU6N, STM32C071R8T6, STM32C071R8T6N, STM32C071RBI6N, STM32C071RBT6, STM32C071RBT6N, STM32C091CBT6, STM32C091CBU6, STM32C091CCT6, STM32C091CCU6, STM32C091ECY6TR, STM32C091FBP6, STM32C091FCP6, STM32C091GBU6, STM32C091GCU6, STM32C091KBT6, STM32C091KBU6, STM32C091KCT6, STM32C091KCU6, STM32C091RBT6, STM32C091RCI6, STM32C091RCT6, STM32C092CBT6, STM32C092CBU6, STM32C092CCT6, STM32C092CCU6, STM32C092ECY6TR, STM32C092FBP6, STM32C092FCP6, STM32C092GBU6, STM32C092GCU6, STM32C092KBT6, STM32C092KBU6, STM32C092KCT6, STM32C092KCU6, STM32C092RBT6, STM32C092RCI6, STM32C092RCT6, STM32G071K8TXN, STM32G071K8UXN, STM32G081GBU6N, STM32G081KBT6N, STM32G081KBUXN, STM32G0B1CCT6N, STM32G0B1KCT6, STM32G0B1NEY6TR, STM32G0B1RCT6N, STM32G0C1CCT6, STM32G0C1CCT6N, STM32G0C1CCU6N, STM32G0C1CET6N, STM32G0C1CEU6N, STM32G0C1KCT6, STM32G0C1NEY6TR, STM32G0C1RCI6N, STM32G0C1RCT6N, STM32G0C1REI6N, STM32G0C1RET6N, STM32G0C1VCI6, STM32G0C1VEI6, STM32G411C6T3, STM32G411C6T6, STM32G411C6U3, STM32G411C6U6, STM32G411C8T3, STM32G411C8T6, STM32G411C8U3, STM32G411C8U6, STM32G411CBT3, STM32G411CBT6, STM32G411CBU3, STM32G411CBU6, STM32G411K6T3, STM32G411K6T6, STM32G411K6U3, STM32G411K6U6, STM32G411K8T3, STM32G411K8T6, STM32G411K8U3, STM32G411K8U6, STM32G411KBT3, STM32G411KBT6, STM32G411KBU3, STM32G411KBU6, STM32G411M6T3, STM32G411M6T6, STM32G411M8T3, STM32G411M8T6, STM32G411MBT3, STM32G411MBT6, STM32G411R6T3, STM32G411R6T6, STM32G411R8T3, STM32G411R8T6, STM32G411RBT3, STM32G411RBT6, STM32G414CBT3, STM32G414CBT6, STM32G414CBU3, STM32G414CBU6, STM32G414CCT3, STM32G414CCT6, STM32G414CCU3, STM32G414CCU6, STM32G414MBT3, STM32G414MBT6, STM32G414MCT3, STM32G414MCT6, STM32G414RBT3, STM32G414RBT6, STM32G414RCT3, STM32G414RCT6, STM32G414VBT3, STM32G414VBT6, STM32G414VCT3, STM32G414VCT6, STM32G431CBT3Z, STM32G431RBT3Z, STM32G471CCT6, STM32G471CCU6, STM32G471CET3, STM32G471CET6, STM32G471CEU3, STM32G471CEU6, STM32G471MCT6, STM32G471MET3, STM32G471MET6, STM32G471MEY6TR, STM32G471QCT6, STM32G471QET3, STM32G471RCT6, STM32G471RET3, STM32G471RET6, STM32G471VCH6, STM32G471VCI6, STM32G471VCT6, STM32G471VEH3, STM32G471VEH6, STM32G471VEI3, STM32G471VEI6, STM32G471VET3, STM32G471VET6, STM32G473QET3Z, STM32G473RET3Z, STM32G474CCT6, STM32G491RET3Z, STM32H503CBT6, STM32H503CBU6, STM32H503EBY6TR, STM32H503KBU6, STM32H503RBT6, STM32H523CCT6, STM32H523CCU6, STM32H523CET6, STM32H523CEU6, STM32H523HEY6TR, STM32H523RCT6, STM32H523RET6, STM32H523VCI6, STM32H523VCT6, STM32H523VEI6, STM32H523VET6, STM32H523ZCJ6, STM32H523ZCT6, STM32H523ZEJ6, STM32H523ZET6, STM32H533CET6, STM32H533CEU6, STM32H533HEY6TR, STM32H533RET6, STM32H533VEI6, STM32H533VET6, STM32H533ZEJ6, STM32H533ZET6, STM32H562AGI6, STM32H562AII6, STM32H562IGK6, STM32H562IGT6, STM32H562IIK6, STM32H562IIT6, STM32H562RGT6, STM32H562RGV6, STM32H562RIT6, STM32H562RIV6, STM32H562VGT6, STM32H562VIT6, STM32H562ZGT6, STM32H562ZIT6, STM32H563AGI6, STM32H563AII3Q, STM32H563AII6, STM32H563IGK6, STM32H563IGT6, STM32H563IIK3Q, STM32H563IIK6, STM32H563IIT3Q, STM32H563IIT6, STM32H563MIY3QTR, STM32H563RGT6, STM32H563RGV6, STM32H563RIT6, STM32H563RIV6, STM32H563VGT6, STM32H563VIT3Q, STM32H563VIT6, STM32H563ZGT6, STM32H563ZIT3Q, STM32H563ZIT6, STM32H573AII3Q, STM32H573AII6, STM32H573I-DK, STM32H573IIK3Q, STM32H573IIK6, STM32H573IIT3Q, STM32H573IIT6, STM32H573MIY3QTR, STM32H573RIT6, STM32H573RIV6, STM32H573VIT3Q, STM32H573VIT6, STM32H573ZIT3Q, STM32H573ZIT6, STM32H7R3A8I6, STM32H7R3I8K6, STM32H7R3I8T6, STM32H7R3L8H6, STM32H7R3L8H6H, STM32H7R3R8V6, STM32H7R3V8H6, STM32H7R3V8T6, STM32H7R3V8Y6TR, STM32H7R3Z8J6, STM32H7R3Z8T6, STM32H7R7A8I6, STM32H7R7I8K6, STM32H7R7I8T6, STM32H7R7L8H6, STM32H7R7L8H6H, STM32H7R7Z8J6, STM32H7S3A8I6, STM32H7S3I8K6, STM32H7S3I8T6, STM32H7S3L8H6, STM32H7S3L8H6H, STM32H7S3R8V6, STM32H7S3V8H6, STM32H7S3V8T6, STM32H7S3V8Y6TR, STM32H7S3Z8J6, STM32H7S3Z8T6, STM32H7S78-DK, STM32H7S7A8I6, STM32H7S7I8K6, STM32H7S7I8T6, STM32H7S7L8H6, STM32H7S7L8H6H, STM32H7S7Z8J6, STM32L4R5QGI6STR, STM32MP131AAE3, STM32MP131AAF3, STM32MP131AAG3, STM32MP131CAE3, STM32MP131CAF3, STM32MP131CAG3, STM32MP131DAE7, STM32MP131DAF7, STM32MP131DAG7, STM32MP131FAE7, STM32MP131FAF7, STM32MP131FAG7, STM32MP133AAE3, STM32MP133AAF3, STM32MP133AAG3, STM32MP133CAE3, STM32MP133CAF3, STM32MP133CAG3, STM32MP133DAE7, STM32MP133DAF7, STM32MP133DAG7, STM32MP133FAE7, STM32MP133FAF7, STM32MP133FAG7, STM32MP135AAE3, STM32MP135AAF3, STM32MP135AAG3, STM32MP135CAE3, STM32MP135CAF3, STM32MP135CAG3, STM32MP135DAE7, STM32MP135DAF7, STM32MP135DAG7, STM32MP135F-DK, STM32MP135FAE7, STM32MP135FAF7, STM32MP135FAF7T, STM32MP135FAF7U, STM32MP135FAG7, STM32MP211AAL3, STM32MP211AAM3, STM32MP211AAN3, STM32MP211AAO3, STM32MP211CAL3, STM32MP211CAM3, STM32MP211CAN3, STM32MP211CAO3, STM32MP211DAL3, STM32MP211DAM3, STM32MP211DAN3, STM32MP211DAO3, STM32MP211FAL3, STM32MP211FAM3, STM32MP211FAN3, STM32MP211FAO3, STM32MP213AAL3, STM32MP213AAM3, STM32MP213AAN3, STM32MP213AAO3, STM32MP213CAL3, STM32MP213CAM3, STM32MP213CAN3, STM32MP213CAO3, STM32MP213DAL3, STM32MP213DAM3, STM32MP213DAN3, STM32MP213DAO3, STM32MP213FAL3, STM32MP213FAM3, STM32MP213FAN3, STM32MP213FAO3, STM32MP215AAL3, STM32MP215AAM3, STM32MP215AAN3, STM32MP215AAO3, STM32MP215CAL3, STM32MP215CAM3, STM32MP215CAN3, STM32MP215CAO3, STM32MP215DAL3, STM32MP215DAM3, STM32MP215DAN3, STM32MP215DAO3, STM32MP215F-DK, STM32MP215FAL3, STM32MP215FAM3, STM32MP215FAN3, STM32MP215FAO3, STM32MP231AAJ3, STM32MP231AAK3, STM32MP231AAL3, STM32MP231CAJ3, STM32MP231CAK3, STM32MP231CAL3, STM32MP231DAJ3, STM32MP231DAK3, STM32MP231DAL3, STM32MP231FAJ3, STM32MP231FAK3, STM32MP231FAL3, STM32MP233AAJ3, STM32MP233AAK3, STM32MP233AAL3, STM32MP233CAJ3, STM32MP233CAK3, STM32MP233CAL3, STM32MP233DAJ3, STM32MP233DAK3, STM32MP233DAL3, STM32MP233FAJ3, STM32MP233FAK3, STM32MP233FAL3, STM32MP235AAJ3, STM32MP235AAK3, STM32MP235AAL3, STM32MP235CAJ3, STM32MP235CAK3, STM32MP235CAL3, STM32MP235DAJ3, STM32MP235DAK3, STM32MP235DAL3, STM32MP235FAJ3, STM32MP235FAK3, STM32MP235FAL3, STM32MP251AAI3, STM32MP251AAK3, STM32MP251AAL3, STM32MP251CAI3, STM32MP251CAK3, STM32MP251CAL3, STM32MP251DAI3, STM32MP251DAK3, STM32MP251DAL3, STM32MP251FAI3, STM32MP251FAK3, STM32MP251FAL3, STM32MP253AAI3, STM32MP253AAK3, STM32MP253AAL3, STM32MP253CAI3, STM32MP253CAK3, STM32MP253CAL3, STM32MP253DAI3, STM32MP253DAK3, STM32MP253DAL3, STM32MP253FAI3, STM32MP253FAK3, STM32MP253FAL3, STM32MP255AAI3, STM32MP255AAK3, STM32MP255AAL3, STM32MP255CAI3, STM32MP255CAK3, STM32MP255CAL3, STM32MP255DAI3, STM32MP255DAK3, STM32MP255DAL3, STM32MP255FAI3, STM32MP255FAK3, STM32MP255FAL3, STM32MP257AAI3, STM32MP257AAK3, STM32MP257AAL3, STM32MP257CAI3, STM32MP257CAK3, STM32MP257CAL3, STM32MP257DAI3, STM32MP257DAK3, STM32MP257DAL3, STM32MP257F-DK, STM32MP257F-EV1, STM32MP257FAI3, STM32MP257FAK3, STM32MP257FAL3, STM32N645A0H3Q, STM32N645B0H3Q, STM32N645I0H3Q, STM32N645L0H3Q, STM32N645X0H3Q, STM32N645Z0H3Q, STM32N647A0H3Q, STM32N647B0H3Q, STM32N647I0H3Q, STM32N647L0H3Q, STM32N647X0H3Q, STM32N647Z0H3Q, STM32N655A0H3Q, STM32N655B0H3Q, STM32N655I0H3Q, STM32N655L0H3Q, STM32N655X0H3Q, STM32N655Z0H3Q, STM32N6570-DK, STM32N657A0H3Q, STM32N657B0H3Q, STM32N657I0H3Q, STM32N657L0H3Q, STM32N657X0H3Q, STM32N657Z0H3Q, STM32U031C6T6, STM32U031C6U6, STM32U031C8T6, STM32U031C8U6, STM32U031F4P6, STM32U031F6P6, STM32U031F8P6, STM32U031G6Y6TR, STM32U031G8Y6TR, STM32U031K4U6, STM32U031K6U6, STM32U031K8U6, STM32U031R6I6, STM32U031R6T6, STM32U031R8I6, STM32U031R8T6, STM32U073C8T6, STM32U073C8U6, STM32U073CBT6, STM32U073CBU6, STM32U073CCT6, STM32U073CCU6, STM32U073H8Y6TR, STM32U073HBY6TR, STM32U073HCY6TR, STM32U073K8U6, STM32U073KBU6, STM32U073KCU6, STM32U073M8I6, STM32U073M8T6, STM32U073MBI6, STM32U073MBT6, STM32U073MCI6, STM32U073MCT6, STM32U073R8I6, STM32U073R8T6, STM32U073RBI6, STM32U073RBT6, STM32U073RCI6, STM32U073RCT6, STM32U083C-DK, STM32U083CCT6, STM32U083CCU6, STM32U083HCY6TR, STM32U083KCU6, STM32U083MCI6, STM32U083MCT6, STM32U083RCI6, STM32U083RCT6, STM32U375CET6, STM32U375CET6Q, STM32U375CEU6, STM32U375CEU6Q, STM32U375CEY6QTR, STM32U375CGT6, STM32U375CGT6Q, STM32U375CGU6, STM32U375CGU6Q, STM32U375CGY6QTR, STM32U375KEU6, STM32U375KGU6, STM32U375REI6, STM32U375REI6Q, STM32U375RET6, STM32U375RET6Q, STM32U375REY6GTR, STM32U375REY6QTR, STM32U375RGI6, STM32U375RGI6Q, STM32U375RGT6, STM32U375RGT6Q, STM32U375RGY6GTR, STM32U375RGY6QTR, STM32U375VEI6, STM32U375VEI6Q, STM32U375VET6, STM32U375VET6Q, STM32U375VGI6, STM32U375VGI6Q, STM32U375VGT6, STM32U375VGT6Q, STM32U385CGT6, STM32U385CGT6Q, STM32U385CGU6, STM32U385CGU6Q, STM32U385CGY6QTR, STM32U385KGU6, STM32U385RGI6, STM32U385RGI6Q, STM32U385RGT6, STM32U385RGT6Q, STM32U385RGY6GTR, STM32U385RGY6QTR, STM32U385VGI6, STM32U385VGI6Q, STM32U385VGT6, STM32U385VGT6Q, STM32U535CBT6, STM32U535CBT6Q, STM32U535CBU6, STM32U535CBU6Q, STM32U535CCT6, STM32U535CCT6Q, STM32U535CCU6, STM32U535CCU6Q, STM32U535CET6, STM32U535CET6Q, STM32U535CEU6, STM32U535CEU6Q, STM32U535JEY6QTR, STM32U535NCY6QTR, STM32U535NEY6QTR, STM32U535RBI6, STM32U535RBI6Q, STM32U535RBT6, STM32U535RBT6Q, STM32U535RCI6, STM32U535RCI6Q, STM32U535RCT6, STM32U535RCT6Q, STM32U535REI6, STM32U535REI6Q, STM32U535RET6, STM32U535RET6Q, STM32U535VCI6, STM32U535VCI6Q, STM32U535VCT6, STM32U535VCT6Q, STM32U535VEI6, STM32U535VEI6Q, STM32U535VET6, STM32U535VET6Q, STM32U545CET6, STM32U545CET6Q, STM32U545CEU6, STM32U545CEU6Q, STM32U545JEY6QTR, STM32U545NEY6QTR, STM32U545REI6, STM32U545REI6Q, STM32U545RET6, STM32U545RET6Q, STM32U545VEI6, STM32U545VEI6Q, STM32U545VET6, STM32U545VET6Q, STM32U595AIH6, STM32U595AIH6Q, STM32U595AJH6, STM32U595AJH6Q, STM32U595QII6, STM32U595QII6Q, STM32U595QJI6, STM32U595QJI6Q, STM32U595RIT6, STM32U595RIT6Q, STM32U595RJT6, STM32U595RJT6Q, STM32U595VIT6, STM32U595VIT6Q, STM32U595VJT6, STM32U595VJT6Q, STM32U595ZIT6, STM32U595ZIT6Q, STM32U595ZIY6QTR, STM32U595ZJT6, STM32U595ZJT6Q, STM32U595ZJY6QTR, STM32U599BJY6QTR, STM32U599NIH6Q, STM32U599NJH6Q, STM32U599VIT6Q, STM32U599VJT6, STM32U599VJT6Q, STM32U599ZIT6Q, STM32U599ZIY6QTR, STM32U599ZJT6Q, STM32U599ZJY6QTR, STM32U5A5AJH6, STM32U5A5AJH6Q, STM32U5A5QII3Q , STM32U5A5QJI6, STM32U5A5QJI6Q, STM32U5A5RJT6, STM32U5A5RJT6Q, STM32U5A5VJT6, STM32U5A5VJT6Q, STM32U5A5ZJT6, STM32U5A5ZJT6Q, STM32U5A5ZJY6QTR, STM32U5A9BJY6QTR, STM32U5A9J-DK, STM32U5A9NJH6Q, STM32U5A9VJT6Q, STM32U5A9ZJT6Q, STM32U5A9ZJY6QTR, STM32U5F7VIT6, STM32U5F7VIT6Q, STM32U5F7VJT6, STM32U5F7VJT6Q, STM32U5F9BJY6QTR, STM32U5F9NJH6Q, STM32U5F9VIT6Q, STM32U5F9VJT6Q, STM32U5F9ZIJ6QTR, STM32U5F9ZIT6Q, STM32U5F9ZJJ6QTR, STM32U5F9ZJT6Q, STM32U5G7VJT6, STM32U5G7VJT6Q, STM32U5G9BJY6QTR, STM32U5G9J-DK1, STM32U5G9J-DK2, STM32U5G9NJH6Q, STM32U5G9VJT6Q, STM32U5G9ZJJ6QTR, STM32U5G9ZJT6Q, STM32WB05KZV6TR, STM32WB05KZV7TR, STM32WB05TZF6TR, STM32WB05TZF7TR, STM32WB06CCF6TR, STM32WB06CCF7TR, STM32WB06CCV6TR, STM32WB06CCV7TR, STM32WB06KCV6TR, STM32WB06KCV7TR, STM32WB07CCF6TR, STM32WB07CCF7TR, STM32WB07CCV6TR, STM32WB07CCV7TR, STM32WB07KCV6TR, STM32WB07KCV7TR, STM32WB09KEV6TR, STM32WB09KEV7TR, STM32WB09TEF6TR, STM32WB09TEF7TR, STM32WB1MMCH6, STM32WBA50KGU6, STM32WBA50KGU6TR, STM32WBA52CEU6, STM32WBA52CEU6TR, STM32WBA52CEU7, STM32WBA52CEU7TR, STM32WBA52CGU6, STM32WBA52CGU6TR, STM32WBA52CGU6U, STM32WBA52CGU7, STM32WBA52CGU7TR, STM32WBA52KEU6, STM32WBA52KEU6TR, STM32WBA52KGU6, STM32WBA52KGU6TR, STM32WBA54CEU6, STM32WBA54CEU6TR, STM32WBA54CEU7, STM32WBA54CEU7TR, STM32WBA54CGU6, STM32WBA54CGU6TR, STM32WBA54CGU7, STM32WBA54CGU7TR, STM32WBA54KEU6, STM32WBA54KEU6TR, STM32WBA54KEU7, STM32WBA54KEU7TR, STM32WBA54KGU6, STM32WBA54KGU6TR, STM32WBA54KGU7, STM32WBA54KGU7TR, STM32WBA55CEU6, STM32WBA55CEU6TR, STM32WBA55CEU7, STM32WBA55CEU7TR, STM32WBA55CGU6, STM32WBA55CGU6TR, STM32WBA55CGU6U, STM32WBA55CGU7, STM32WBA55CGU7TR, STM32WBA55G-DK1, STM32WBA55HEF6, STM32WBA55HEF7, STM32WBA55HGF6, STM32WBA55HGF7, STM32WBA55UEI6, STM32WBA55UEI6TR, STM32WBA55UEI7, STM32WBA55UEI7TR, STM32WBA55UGI6, STM32WBA55UGI6TR, STM32WBA55UGI7, STM32WBA55UGI7TR, STM32WBA5MMGH6TR, STM32WBA62MGF6, STM32WBA62MIF6, STM32WBA65MGF7, STM32WBA65MIF6, STM32WBA65MIF7, STM32WL30K8V6, STM32WL30KBV6, STM32WL31C8V6, STM32WL31CBV6, STM32WL31K8V6, STM32WL31KBV6, STM32WL33C8V6, STM32WL33C8V6X, STM32WL33CBV6, STM32WL33CBV6X, STM32WL33CCV6, STM32WL33CCV6A, STM32WL33CCV6X, STM32WL33K8V7, STM32WL33K8V7X, STM32WL33KBV7 , STM32WL33KBV7X, STM32WL33KCV7, STM32WL33KCV7X, STM32WL5MOCH6, STM32WL5MOCH6TR]
2026-05-08 13:48:15,476 [INFO] DbMcus:218 - Found 5055 MCUs, 4968 are supported
2026-05-08 13:48:15,478 [INFO] ApiDb:423 - Load user favorites file C:\Users\mocci/.stm32cubeide/favorites.mcus.txt: 0 item(s)
2026-05-08 13:48:15,478 [INFO] ApiDb:427 - User favorites MCUs=[]
2026-05-08 13:48:15,478 [INFO] DbMcus:224 - Set 0 / 0 favorites MCUs
2026-05-08 13:48:16,194 [INFO] ApiDb:448 - Save user favorites file C:\Users\mocci/.stm32cubeide/favorites.boards.txt: 0 item(s)
2026-05-08 13:48:16,194 [INFO] ApiDb:452 - User favorites Boards=[]
2026-05-08 13:48:16,196 [INFO] ApiDb:581 - Connected to CubeFinder SQLite database (C:\Users\mocci\.stmcufinder\plugins\mcufinder\mcu\cube-finder-db.db)
2026-05-08 13:48:16,314 [INFO] ApiDb:668 - CubeFinder database Data Model version=2.1
2026-05-08 13:48:16,315 [INFO] ApiDb:669 - CubeFinder database Configuration version=3.0.42
2026-05-08 13:48:16,315 [INFO] ApiDb:670 - CubeFinder database generation date=2026-03-11 (1773229989)
2026-05-08 13:48:16,315 [INFO] ApiDb:671 - CubeFinder database FW Pack versions=[FP-ATR-ASTRA1_V2.0.0, FP-SNS-FLIGHT1_V5.1.0, FP-SNS-MOTENV1_V5.1.0, FP-SNS-MOTENVWB1_V1.5.0, FP-SNS-SMARTAG2_V1.2.0, FP-SNS-STBOX1_V2.1.0, STM32Cube_FW_C0_V1.4.0, STM32Cube_FW_F4_V1.28.3, STM32Cube_FW_F7_V1.17.4, STM32Cube_FW_G0_V1.6.3, STM32Cube_FW_G4_V1.6.2, STM32Cube_FW_H5_V1.6.0, STM32Cube_FW_H7RS_V1.3.0, STM32Cube_FW_H7_V1.13.0, STM32Cube_FW_L0_V1.12.2, STM32Cube_FW_L4_V1.18.2, STM32Cube_FW_L5_V1.6.0, STM32Cube_FW_N6_V1.3.0, STM32Cube_FW_U0_V1.3.0, STM32Cube_FW_U3_V1.3.0, STM32Cube_FW_U5_V1.8.0, STM32Cube_FW_WB0_V1.4.0, STM32Cube_FW_WBA_V1.9.0, STM32Cube_FW_WB_V1.24.0, STM32Cube_FW_WL3_V1.4.0, STM32Cube_FW_WL_V1.5.0, X-CUBE-ALGOBUILD_V1.4.0, X-CUBE-ALS_V1.0.2, X-CUBE-AZRTOS-F4_V1.1.0, X-CUBE-AZRTOS-F7_V1.1.0, X-CUBE-AZRTOS-G0_V1.1.0, X-CUBE-AZRTOS-G4_V2.0.0, X-CUBE-AZRTOS-H7RS_V1.1.0, X-CUBE-AZRTOS-H7_V3.4.0, X-CUBE-AZRTOS-L4_V2.0.0, X-CUBE-AZRTOS-L5_V2.0.0, X-CUBE-AZRTOS-WB_V2.0.0, X-CUBE-AZRTOS-WL_V2.0.0, X-CUBE-BLE1_V7.1.0, X-CUBE-BLE2_V3.3.0, X-CUBE-BLEMGR_V4.1.0, X-CUBE-EEPRMA1_V5.2.0, X-CUBE-FREERTOS_V1.5.0, X-CUBE-GNSS1_V6.0.0, X-CUBE-MEMS1_V12.0.0, X-CUBE-NFC4_V3.0.0, X-CUBE-NFC7_V2.0.0, X-CUBE-SFXS2LP1_V4.0.0, X-CUBE-ST67W61_V1.2.0, X-CUBE-SUBG2_V5.0.0, X-CUBE-TOF1_V3.4.3]
2026-05-08 13:48:16,399 [INFO] DbBoardsSqlite:226 - include board P-NUCLEO-WB55-NUCLEO as a kit item of type 'Nucleo-64'
2026-05-08 13:48:16,400 [INFO] DbBoardsSqlite:226 - include board P-NUCLEO-WB55-USBDONGLE as a kit item of type 'Nucleo USB Dongle'
2026-05-08 13:48:16,400 [INFO] DbBoardsSqlite:226 - include board STEVAL-IDP005V1 as a kit item of type 'Evaluation Board'
2026-05-08 13:48:16,400 [INFO] DbBoardsSqlite:226 - include board STEVAL-IDP005V2 as a kit item of type 'Evaluation Board'
2026-05-08 13:48:16,502 [INFO] ApiDb:240 - Found 880 in-development CPN: [B-G473E-ZEST1S, B-WB1M-WPAN1, B-WBA5M-WPAN, B-WL5M-SUBG1, NUCLEO-C031C6, NUCLEO-C051C8, NUCLEO-C071RB, NUCLEO-C092RC, NUCLEO-H503RB, NUCLEO-H533RE, NUCLEO-H563ZI, NUCLEO-H7S3L8, NUCLEO-N657X0-Q, NUCLEO-U031R8, NUCLEO-U083RC, NUCLEO-U385RG-Q, NUCLEO-U545RE-Q, NUCLEO-U5A5ZJ-Q, NUCLEO-WB05KZ, NUCLEO-WB07CC, NUCLEO-WB09KE, NUCLEO-WBA52CG, NUCLEO-WBA55CG, NUCLEO-WL33CC1, NUCLEO-WL33CC2, STEVAL-PROTEUS1, STEVAL-SMARTAG2, STEVAL-STWINBX1, STM320518-EVAL, STM32C0116-DK, STM32C011D6Y3TR, STM32C011D6Y6TR, STM32C011F4P3, STM32C011F4P6, STM32C011F4U3, STM32C011F4U6TR, STM32C011F6P3, STM32C011F6P6, STM32C011F6U3, STM32C011F6U6TR, STM32C011J4M3, STM32C011J4M6, STM32C011J6M3, STM32C011J6M6, STM32C0316-DK, STM32C031C4T3, STM32C031C4T6, STM32C031C4U3, STM32C031C4U6, STM32C031C6T3, STM32C031C6T6, STM32C031C6U3, STM32C031C6U6, STM32C031F4P3, STM32C031F4P6, STM32C031F6P3, STM32C031F6P6, STM32C031G4U3, STM32C031G4U6, STM32C031G6U3, STM32C031G6U6, STM32C031K4T3, STM32C031K4T6, STM32C031K4U3, STM32C031K4U6, STM32C031K6T3, STM32C031K6T6, STM32C031K6U3, STM32C031K6U6, STM32C051C6T6, STM32C051C6U6, STM32C051C8T6, STM32C051C8U6, STM32C051D8Y6TR, STM32C051F6P6, STM32C051F8P6, STM32C051G6U6, STM32C051G8U6, STM32C051K6T6, STM32C051K6U6, STM32C051K8T6, STM32C071C8T6, STM32C071C8T6N, STM32C071C8U6, STM32C071C8U6N, STM32C071CBT6, STM32C071CBT6N, STM32C071CBU6, STM32C071CBU6N, STM32C071F8P6, STM32C071F8P6N, STM32C071FBP6, STM32C071FBP6N, STM32C071FBY6TR, STM32C071G8U6, STM32C071G8U6N, STM32C071GBU6, STM32C071GBU6N, STM32C071K8T6, STM32C071K8T6N, STM32C071K8U6, STM32C071K8U6N, STM32C071KBT6, STM32C071KBT6N, STM32C071KBU6, STM32C071KBU6N, STM32C071R8T6, STM32C071R8T6N, STM32C071RBI6N, STM32C071RBT6, STM32C071RBT6N, STM32C091CBT6, STM32C091CBU6, STM32C091CCT6, STM32C091CCU6, STM32C091ECY6TR, STM32C091FBP6, STM32C091FCP6, STM32C091GBU6, STM32C091GCU6, STM32C091KBT6, STM32C091KBU6, STM32C091KCT6, STM32C091KCU6, STM32C091RBT6, STM32C091RCI6, STM32C091RCT6, STM32C092CBT6, STM32C092CBU6, STM32C092CCT6, STM32C092CCU6, STM32C092ECY6TR, STM32C092FBP6, STM32C092FCP6, STM32C092GBU6, STM32C092GCU6, STM32C092KBT6, STM32C092KBU6, STM32C092KCT6, STM32C092KCU6, STM32C092RBT6, STM32C092RCI6, STM32C092RCT6, STM32G071K8TXN, STM32G071K8UXN, STM32G081GBU6N, STM32G081KBT6N, STM32G081KBUXN, STM32G0B1CCT6N, STM32G0B1KCT6, STM32G0B1NEY6TR, STM32G0B1RCT6N, STM32G0C1CCT6, STM32G0C1CCT6N, STM32G0C1CCU6N, STM32G0C1CET6N, STM32G0C1CEU6N, STM32G0C1KCT6, STM32G0C1NEY6TR, STM32G0C1RCI6N, STM32G0C1RCT6N, STM32G0C1REI6N, STM32G0C1RET6N, STM32G0C1VCI6, STM32G0C1VEI6, STM32G411C6T3, STM32G411C6T6, STM32G411C6U3, STM32G411C6U6, STM32G411C8T3, STM32G411C8T6, STM32G411C8U3, STM32G411C8U6, STM32G411CBT3, STM32G411CBT6, STM32G411CBU3, STM32G411CBU6, STM32G411K6T3, STM32G411K6T6, STM32G411K6U3, STM32G411K6U6, STM32G411K8T3, STM32G411K8T6, STM32G411K8U3, STM32G411K8U6, STM32G411KBT3, STM32G411KBT6, STM32G411KBU3, STM32G411KBU6, STM32G411M6T3, STM32G411M6T6, STM32G411M8T3, STM32G411M8T6, STM32G411MBT3, STM32G411MBT6, STM32G411R6T3, STM32G411R6T6, STM32G411R8T3, STM32G411R8T6, STM32G411RBT3, STM32G411RBT6, STM32G414CBT3, STM32G414CBT6, STM32G414CBU3, STM32G414CBU6, STM32G414CCT3, STM32G414CCT6, STM32G414CCU3, STM32G414CCU6, STM32G414MBT3, STM32G414MBT6, STM32G414MCT3, STM32G414MCT6, STM32G414RBT3, STM32G414RBT6, STM32G414RCT3, STM32G414RCT6, STM32G414VBT3, STM32G414VBT6, STM32G414VCT3, STM32G414VCT6, STM32G431CBT3Z, STM32G431RBT3Z, STM32G471CCT6, STM32G471CCU6, STM32G471CET3, STM32G471CET6, STM32G471CEU3, STM32G471CEU6, STM32G471MCT6, STM32G471MET3, STM32G471MET6, STM32G471MEY6TR, STM32G471QCT6, STM32G471QET3, STM32G471RCT6, STM32G471RET3, STM32G471RET6, STM32G471VCH6, STM32G471VCI6, STM32G471VCT6, STM32G471VEH3, STM32G471VEH6, STM32G471VEI3, STM32G471VEI6, STM32G471VET3, STM32G471VET6, STM32G473QET3Z, STM32G473RET3Z, STM32G474CCT6, STM32G491RET3Z, STM32H503CBT6, STM32H503CBU6, STM32H503EBY6TR, STM32H503KBU6, STM32H503RBT6, STM32H523CCT6, STM32H523CCU6, STM32H523CET6, STM32H523CEU6, STM32H523HEY6TR, STM32H523RCT6, STM32H523RET6, STM32H523VCI6, STM32H523VCT6, STM32H523VEI6, STM32H523VET6, STM32H523ZCJ6, STM32H523ZCT6, STM32H523ZEJ6, STM32H523ZET6, STM32H533CET6, STM32H533CEU6, STM32H533HEY6TR, STM32H533RET6, STM32H533VEI6, STM32H533VET6, STM32H533ZEJ6, STM32H533ZET6, STM32H562AGI6, STM32H562AII6, STM32H562IGK6, STM32H562IGT6, STM32H562IIK6, STM32H562IIT6, STM32H562RGT6, STM32H562RGV6, STM32H562RIT6, STM32H562RIV6, STM32H562VGT6, STM32H562VIT6, STM32H562ZGT6, STM32H562ZIT6, STM32H563AGI6, STM32H563AII3Q, STM32H563AII6, STM32H563IGK6, STM32H563IGT6, STM32H563IIK3Q, STM32H563IIK6, STM32H563IIT3Q, STM32H563IIT6, STM32H563MIY3QTR, STM32H563RGT6, STM32H563RGV6, STM32H563RIT6, STM32H563RIV6, STM32H563VGT6, STM32H563VIT3Q, STM32H563VIT6, STM32H563ZGT6, STM32H563ZIT3Q, STM32H563ZIT6, STM32H573AII3Q, STM32H573AII6, STM32H573I-DK, STM32H573IIK3Q, STM32H573IIK6, STM32H573IIT3Q, STM32H573IIT6, STM32H573MIY3QTR, STM32H573RIT6, STM32H573RIV6, STM32H573VIT3Q, STM32H573VIT6, STM32H573ZIT3Q, STM32H573ZIT6, STM32H7R3A8I6, STM32H7R3I8K6, STM32H7R3I8T6, STM32H7R3L8H6, STM32H7R3L8H6H, STM32H7R3R8V6, STM32H7R3V8H6, STM32H7R3V8T6, STM32H7R3V8Y6TR, STM32H7R3Z8J6, STM32H7R3Z8T6, STM32H7R7A8I6, STM32H7R7I8K6, STM32H7R7I8T6, STM32H7R7L8H6, STM32H7R7L8H6H, STM32H7R7Z8J6, STM32H7S3A8I6, STM32H7S3I8K6, STM32H7S3I8T6, STM32H7S3L8H6, STM32H7S3L8H6H, STM32H7S3R8V6, STM32H7S3V8H6, STM32H7S3V8T6, STM32H7S3V8Y6TR, STM32H7S3Z8J6, STM32H7S3Z8T6, STM32H7S78-DK, STM32H7S7A8I6, STM32H7S7I8K6, STM32H7S7I8T6, STM32H7S7L8H6, STM32H7S7L8H6H, STM32H7S7Z8J6, STM32L4R5QGI6STR, STM32MP131AAE3, STM32MP131AAF3, STM32MP131AAG3, STM32MP131CAE3, STM32MP131CAF3, STM32MP131CAG3, STM32MP131DAE7, STM32MP131DAF7, STM32MP131DAG7, STM32MP131FAE7, STM32MP131FAF7, STM32MP131FAG7, STM32MP133AAE3, STM32MP133AAF3, STM32MP133AAG3, STM32MP133CAE3, STM32MP133CAF3, STM32MP133CAG3, STM32MP133DAE7, STM32MP133DAF7, STM32MP133DAG7, STM32MP133FAE7, STM32MP133FAF7, STM32MP133FAG7, STM32MP135AAE3, STM32MP135AAF3, STM32MP135AAG3, STM32MP135CAE3, STM32MP135CAF3, STM32MP135CAG3, STM32MP135DAE7, STM32MP135DAF7, STM32MP135DAG7, STM32MP135F-DK, STM32MP135FAE7, STM32MP135FAF7, STM32MP135FAF7T, STM32MP135FAF7U, STM32MP135FAG7, STM32MP211AAL3, STM32MP211AAM3, STM32MP211AAN3, STM32MP211AAO3, STM32MP211CAL3, STM32MP211CAM3, STM32MP211CAN3, STM32MP211CAO3, STM32MP211DAL3, STM32MP211DAM3, STM32MP211DAN3, STM32MP211DAO3, STM32MP211FAL3, STM32MP211FAM3, STM32MP211FAN3, STM32MP211FAO3, STM32MP213AAL3, STM32MP213AAM3, STM32MP213AAN3, STM32MP213AAO3, STM32MP213CAL3, STM32MP213CAM3, STM32MP213CAN3, STM32MP213CAO3, STM32MP213DAL3, STM32MP213DAM3, STM32MP213DAN3, STM32MP213DAO3, STM32MP213FAL3, STM32MP213FAM3, STM32MP213FAN3, STM32MP213FAO3, STM32MP215AAL3, STM32MP215AAM3, STM32MP215AAN3, STM32MP215AAO3, STM32MP215CAL3, STM32MP215CAM3, STM32MP215CAN3, STM32MP215CAO3, STM32MP215DAL3, STM32MP215DAM3, STM32MP215DAN3, STM32MP215DAO3, STM32MP215F-DK, STM32MP215FAL3, STM32MP215FAM3, STM32MP215FAN3, STM32MP215FAO3, STM32MP231AAJ3, STM32MP231AAK3, STM32MP231AAL3, STM32MP231CAJ3, STM32MP231CAK3, STM32MP231CAL3, STM32MP231DAJ3, STM32MP231DAK3, STM32MP231DAL3, STM32MP231FAJ3, STM32MP231FAK3, STM32MP231FAL3, STM32MP233AAJ3, STM32MP233AAK3, STM32MP233AAL3, STM32MP233CAJ3, STM32MP233CAK3, STM32MP233CAL3, STM32MP233DAJ3, STM32MP233DAK3, STM32MP233DAL3, STM32MP233FAJ3, STM32MP233FAK3, STM32MP233FAL3, STM32MP235AAJ3, STM32MP235AAK3, STM32MP235AAL3, STM32MP235CAJ3, STM32MP235CAK3, STM32MP235CAL3, STM32MP235DAJ3, STM32MP235DAK3, STM32MP235DAL3, STM32MP235FAJ3, STM32MP235FAK3, STM32MP235FAL3, STM32MP251AAI3, STM32MP251AAK3, STM32MP251AAL3, STM32MP251CAI3, STM32MP251CAK3, STM32MP251CAL3, STM32MP251DAI3, STM32MP251DAK3, STM32MP251DAL3, STM32MP251FAI3, STM32MP251FAK3, STM32MP251FAL3, STM32MP253AAI3, STM32MP253AAK3, STM32MP253AAL3, STM32MP253CAI3, STM32MP253CAK3, STM32MP253CAL3, STM32MP253DAI3, STM32MP253DAK3, STM32MP253DAL3, STM32MP253FAI3, STM32MP253FAK3, STM32MP253FAL3, STM32MP255AAI3, STM32MP255AAK3, STM32MP255AAL3, STM32MP255CAI3, STM32MP255CAK3, STM32MP255CAL3, STM32MP255DAI3, STM32MP255DAK3, STM32MP255DAL3, STM32MP255FAI3, STM32MP255FAK3, STM32MP255FAL3, STM32MP257AAI3, STM32MP257AAK3, STM32MP257AAL3, STM32MP257CAI3, STM32MP257CAK3, STM32MP257CAL3, STM32MP257DAI3, STM32MP257DAK3, STM32MP257DAL3, STM32MP257F-DK, STM32MP257F-EV1, STM32MP257FAI3, STM32MP257FAK3, STM32MP257FAL3, STM32N645A0H3Q, STM32N645B0H3Q, STM32N645I0H3Q, STM32N645L0H3Q, STM32N645X0H3Q, STM32N645Z0H3Q, STM32N647A0H3Q, STM32N647B0H3Q, STM32N647I0H3Q, STM32N647L0H3Q, STM32N647X0H3Q, STM32N647Z0H3Q, STM32N655A0H3Q, STM32N655B0H3Q, STM32N655I0H3Q, STM32N655L0H3Q, STM32N655X0H3Q, STM32N655Z0H3Q, STM32N6570-DK, STM32N657A0H3Q, STM32N657B0H3Q, STM32N657I0H3Q, STM32N657L0H3Q, STM32N657X0H3Q, STM32N657Z0H3Q, STM32U031C6T6, STM32U031C6U6, STM32U031C8T6, STM32U031C8U6, STM32U031F4P6, STM32U031F6P6, STM32U031F8P6, STM32U031G6Y6TR, STM32U031G8Y6TR, STM32U031K4U6, STM32U031K6U6, STM32U031K8U6, STM32U031R6I6, STM32U031R6T6, STM32U031R8I6, STM32U031R8T6, STM32U073C8T6, STM32U073C8U6, STM32U073CBT6, STM32U073CBU6, STM32U073CCT6, STM32U073CCU6, STM32U073H8Y6TR, STM32U073HBY6TR, STM32U073HCY6TR, STM32U073K8U6, STM32U073KBU6, STM32U073KCU6, STM32U073M8I6, STM32U073M8T6, STM32U073MBI6, STM32U073MBT6, STM32U073MCI6, STM32U073MCT6, STM32U073R8I6, STM32U073R8T6, STM32U073RBI6, STM32U073RBT6, STM32U073RCI6, STM32U073RCT6, STM32U083C-DK, STM32U083CCT6, STM32U083CCU6, STM32U083HCY6TR, STM32U083KCU6, STM32U083MCI6, STM32U083MCT6, STM32U083RCI6, STM32U083RCT6, STM32U375CET6, STM32U375CET6Q, STM32U375CEU6, STM32U375CEU6Q, STM32U375CEY6QTR, STM32U375CGT6, STM32U375CGT6Q, STM32U375CGU6, STM32U375CGU6Q, STM32U375CGY6QTR, STM32U375KEU6, STM32U375KGU6, STM32U375REI6, STM32U375REI6Q, STM32U375RET6, STM32U375RET6Q, STM32U375REY6GTR, STM32U375REY6QTR, STM32U375RGI6, STM32U375RGI6Q, STM32U375RGT6, STM32U375RGT6Q, STM32U375RGY6GTR, STM32U375RGY6QTR, STM32U375VEI6, STM32U375VEI6Q, STM32U375VET6, STM32U375VET6Q, STM32U375VGI6, STM32U375VGI6Q, STM32U375VGT6, STM32U375VGT6Q, STM32U385CGT6, STM32U385CGT6Q, STM32U385CGU6, STM32U385CGU6Q, STM32U385CGY6QTR, STM32U385KGU6, STM32U385RGI6, STM32U385RGI6Q, STM32U385RGT6, STM32U385RGT6Q, STM32U385RGY6GTR, STM32U385RGY6QTR, STM32U385VGI6, STM32U385VGI6Q, STM32U385VGT6, STM32U385VGT6Q, STM32U535CBT6, STM32U535CBT6Q, STM32U535CBU6, STM32U535CBU6Q, STM32U535CCT6, STM32U535CCT6Q, STM32U535CCU6, STM32U535CCU6Q, STM32U535CET6, STM32U535CET6Q, STM32U535CEU6, STM32U535CEU6Q, STM32U535JEY6QTR, STM32U535NCY6QTR, STM32U535NEY6QTR, STM32U535RBI6, STM32U535RBI6Q, STM32U535RBT6, STM32U535RBT6Q, STM32U535RCI6, STM32U535RCI6Q, STM32U535RCT6, STM32U535RCT6Q, STM32U535REI6, STM32U535REI6Q, STM32U535RET6, STM32U535RET6Q, STM32U535VCI6, STM32U535VCI6Q, STM32U535VCT6, STM32U535VCT6Q, STM32U535VEI6, STM32U535VEI6Q, STM32U535VET6, STM32U535VET6Q, STM32U545CET6, STM32U545CET6Q, STM32U545CEU6, STM32U545CEU6Q, STM32U545JEY6QTR, STM32U545NEY6QTR, STM32U545REI6, STM32U545REI6Q, STM32U545RET6, STM32U545RET6Q, STM32U545VEI6, STM32U545VEI6Q, STM32U545VET6, STM32U545VET6Q, STM32U595AIH6, STM32U595AIH6Q, STM32U595AJH6, STM32U595AJH6Q, STM32U595QII6, STM32U595QII6Q, STM32U595QJI6, STM32U595QJI6Q, STM32U595RIT6, STM32U595RIT6Q, STM32U595RJT6, STM32U595RJT6Q, STM32U595VIT6, STM32U595VIT6Q, STM32U595VJT6, STM32U595VJT6Q, STM32U595ZIT6, STM32U595ZIT6Q, STM32U595ZIY6QTR, STM32U595ZJT6, STM32U595ZJT6Q, STM32U595ZJY6QTR, STM32U599BJY6QTR, STM32U599NIH6Q, STM32U599NJH6Q, STM32U599VIT6Q, STM32U599VJT6, STM32U599VJT6Q, STM32U599ZIT6Q, STM32U599ZIY6QTR, STM32U599ZJT6Q, STM32U599ZJY6QTR, STM32U5A5AJH6, STM32U5A5AJH6Q, STM32U5A5QII3Q , STM32U5A5QJI6, STM32U5A5QJI6Q, STM32U5A5RJT6, STM32U5A5RJT6Q, STM32U5A5VJT6, STM32U5A5VJT6Q, STM32U5A5ZJT6, STM32U5A5ZJT6Q, STM32U5A5ZJY6QTR, STM32U5A9BJY6QTR, STM32U5A9J-DK, STM32U5A9NJH6Q, STM32U5A9VJT6Q, STM32U5A9ZJT6Q, STM32U5A9ZJY6QTR, STM32U5F7VIT6, STM32U5F7VIT6Q, STM32U5F7VJT6, STM32U5F7VJT6Q, STM32U5F9BJY6QTR, STM32U5F9NJH6Q, STM32U5F9VIT6Q, STM32U5F9VJT6Q, STM32U5F9ZIJ6QTR, STM32U5F9ZIT6Q, STM32U5F9ZJJ6QTR, STM32U5F9ZJT6Q, STM32U5G7VJT6, STM32U5G7VJT6Q, STM32U5G9BJY6QTR, STM32U5G9J-DK1, STM32U5G9J-DK2, STM32U5G9NJH6Q, STM32U5G9VJT6Q, STM32U5G9ZJJ6QTR, STM32U5G9ZJT6Q, STM32WB05KZV6TR, STM32WB05KZV7TR, STM32WB05TZF6TR, STM32WB05TZF7TR, STM32WB06CCF6TR, STM32WB06CCF7TR, STM32WB06CCV6TR, STM32WB06CCV7TR, STM32WB06KCV6TR, STM32WB06KCV7TR, STM32WB07CCF6TR, STM32WB07CCF7TR, STM32WB07CCV6TR, STM32WB07CCV7TR, STM32WB07KCV6TR, STM32WB07KCV7TR, STM32WB09KEV6TR, STM32WB09KEV7TR, STM32WB09TEF6TR, STM32WB09TEF7TR, STM32WB1MMCH6, STM32WBA50KGU6, STM32WBA50KGU6TR, STM32WBA52CEU6, STM32WBA52CEU6TR, STM32WBA52CEU7, STM32WBA52CEU7TR, STM32WBA52CGU6, STM32WBA52CGU6TR, STM32WBA52CGU6U, STM32WBA52CGU7, STM32WBA52CGU7TR, STM32WBA52KEU6, STM32WBA52KEU6TR, STM32WBA52KGU6, STM32WBA52KGU6TR, STM32WBA54CEU6, STM32WBA54CEU6TR, STM32WBA54CEU7, STM32WBA54CEU7TR, STM32WBA54CGU6, STM32WBA54CGU6TR, STM32WBA54CGU7, STM32WBA54CGU7TR, STM32WBA54KEU6, STM32WBA54KEU6TR, STM32WBA54KEU7, STM32WBA54KEU7TR, STM32WBA54KGU6, STM32WBA54KGU6TR, STM32WBA54KGU7, STM32WBA54KGU7TR, STM32WBA55CEU6, STM32WBA55CEU6TR, STM32WBA55CEU7, STM32WBA55CEU7TR, STM32WBA55CGU6, STM32WBA55CGU6TR, STM32WBA55CGU6U, STM32WBA55CGU7, STM32WBA55CGU7TR, STM32WBA55G-DK1, STM32WBA55HEF6, STM32WBA55HEF7, STM32WBA55HGF6, STM32WBA55HGF7, STM32WBA55UEI6, STM32WBA55UEI6TR, STM32WBA55UEI7, STM32WBA55UEI7TR, STM32WBA55UGI6, STM32WBA55UGI6TR, STM32WBA55UGI7, STM32WBA55UGI7TR, STM32WBA5MMGH6TR, STM32WBA62MGF6, STM32WBA62MIF6, STM32WBA65MGF7, STM32WBA65MIF6, STM32WBA65MIF7, STM32WL30K8V6, STM32WL30KBV6, STM32WL31C8V6, STM32WL31CBV6, STM32WL31K8V6, STM32WL31KBV6, STM32WL33C8V6, STM32WL33C8V6X, STM32WL33CBV6, STM32WL33CBV6X, STM32WL33CCV6, STM32WL33CCV6A, STM32WL33CCV6X, STM32WL33K8V7, STM32WL33K8V7X, STM32WL33KBV7 , STM32WL33KBV7X, STM32WL33KCV7, STM32WL33KCV7X, STM32WL5MOCH6, STM32WL5MOCH6TR]
2026-05-08 13:48:16,726 [INFO] BoardInfo:889 - No configuration file found for board NUCLEO-H5E5ZJ
2026-05-08 13:48:16,730 [INFO] DbBoards:161 - Board is not supported: NUCLEO-H5E5ZJ
2026-05-08 13:48:16,883 [INFO] BoardInfo:889 - No configuration file found for board NUCLEO-U3C5ZI-Q
2026-05-08 13:48:16,885 [INFO] DbBoards:161 - Board is not supported: NUCLEO-U3C5ZI-Q
2026-05-08 13:48:16,918 [INFO] BoardInfo:889 - No configuration file found for board NUCLEO-WBA25CE1
2026-05-08 13:48:16,921 [INFO] DbBoards:161 - Board is not supported: NUCLEO-WBA25CE1
2026-05-08 13:48:16,944 [INFO] BoardInfo:889 - No configuration file found for board NUCLEO-WL3RKB1
2026-05-08 13:48:16,946 [INFO] DbBoards:161 - Board is not supported: NUCLEO-WL3RKB1
2026-05-08 13:48:16,947 [INFO] BoardInfo:889 - No configuration file found for board NUCLEO-WL3RKB2
2026-05-08 13:48:16,950 [INFO] DbBoards:161 - Board is not supported: NUCLEO-WL3RKB2
2026-05-08 13:48:16,969 [INFO] BoardInfo:889 - No configuration file found for board P-NUCLEO-WB55
2026-05-08 13:48:16,972 [INFO] DbBoards:161 - Kit is not supported: P-NUCLEO-WB55
2026-05-08 13:48:16,989 [INFO] BoardInfo:889 - No configuration file found for board STEVAL-BFA001V1B
2026-05-08 13:48:16,992 [INFO] DbBoards:161 - Kit is not supported: STEVAL-BFA001V1B
2026-05-08 13:48:16,995 [INFO] BoardInfo:889 - No configuration file found for board STEVAL-BFA001V2B
2026-05-08 13:48:16,997 [INFO] DbBoards:161 - Kit is not supported: STEVAL-BFA001V2B
2026-05-08 13:48:17,265 [INFO] BoardInfo:889 - No configuration file found for board STM32H5F5J-DK
2026-05-08 13:48:17,268 [INFO] DbBoards:161 - Board is not supported: STM32H5F5J-DK
2026-05-08 13:48:17,484 [INFO] DbBoards:168 - Found 218 boards, 209 are supported
2026-05-08 13:48:17,485 [INFO] DbBoards:169 - Found 218 boards, 43 of them is supported for  Bsp
2026-05-08 13:48:17,491 [INFO] ApiDb:423 - Load user favorites file C:\Users\mocci/.stm32cubeide/favorites.boards.txt: 0 item(s)
2026-05-08 13:48:17,492 [INFO] ApiDb:427 - User favorites Boards=[]
2026-05-08 13:48:17,492 [INFO] DbBoards:198 - Set 0 / 0 favorites Boards
2026-05-08 13:48:17,526 [ERROR] TargetSelectorAdapter:267 - Unable to refresh data
2026-05-08 13:48:18,306 [INFO] McuFinderGlobals:76 - Set McuFinderConnectedMode to true
2026-05-08 13:48:18,307 [INFO] MultiScanPanel:200 - Auto-refresh data requested => check proxy status ongoing
2026-05-08 13:48:18,307 [INFO] FinderPluginLoader:96 - Searching for filters in installed packs
2026-05-08 13:48:18,393 [INFO] MainUpdater:2872 - connection check result : 10
2026-05-08 13:48:21,113 [INFO] LoadUrlFilesThread:185 - End of LoadServerUrlFiles without Thread
2026-05-08 13:48:21,113 [INFO] DetailPanel:341 - Set advertising image to C:/Users/mocci/STM32Cube/Repository/\en.prom-stm32wba2-stm32-nucleo-board-0426.png
2026-05-08 13:48:23,093 [INFO] McuFinderGlobals:76 - Set McuFinderConnectedMode to true
2026-05-08 13:48:25,840 [INFO] ServerAccessManage:452 - Complete download http(s) 200
2026-05-08 13:48:25,841 [INFO] ServerAccessManage:509 - Download File mcusAds.json._tmp_
2026-05-08 13:48:26,098 [INFO] LoadUrlFilesThread:156 - End of LoadUrlFiles Thread
2026-05-08 13:48:26,160 [INFO] McuFinderGlobals:76 - Set McuFinderConnectedMode to true
2026-05-08 13:48:26,161 [INFO] MultiScanPanel:200 - Auto-refresh data requested => check proxy status ongoing
2026-05-08 13:48:26,162 [INFO] FinderPluginLoader:96 - Searching for filters in installed packs
2026-05-08 13:48:26,568 [INFO] ServerAccessManage:452 - Complete download http(s) 200
2026-05-08 13:48:26,568 [INFO] ServerAccessManage:509 - Download File cube-finder-db.zip
2026-05-08 13:48:27,793 [ERROR] WebUtils:398 - Updater is busy
2026-05-08 13:48:27,793 [WARN] DetailPanel:346 - Failed to get advertising image, set to default
2026-05-08 13:48:30,641 [INFO] FileExtend:248 - Unzip File : cube-finder-db.zip
2026-05-08 13:48:30,641 [INFO] FileExtend:263 - Standard Zip Deflate
2026-05-08 13:48:32,097 [INFO] LoadUrlFilesThread:156 - End of LoadUrlFiles Thread
2026-05-08 13:48:32,097 [ERROR] WebUtils:657 - Updater is busy
2026-05-08 13:48:33,996 [INFO] DbMcusAds:53 - JSON generation date=Mon Apr 27 10:14:29 CEST 2026 (1777277669577)
2026-05-08 13:48:34,000 [INFO] ApiDb:448 - Save user favorites file C:\Users\mocci/.stm32cubeide/favorites.mcus.txt: 0 item(s)
2026-05-08 13:48:34,000 [INFO] ApiDb:452 - User favorites MCUs=[]
2026-05-08 13:48:34,003 [INFO] ApiDb:581 - Connected to CubeFinder SQLite database (C:\Users\mocci\.stmcufinder\plugins\mcufinder\mcu\cube-finder-db.db)
2026-05-08 13:48:34,106 [INFO] ApiDb:668 - CubeFinder database Data Model version=2.1
2026-05-08 13:48:34,106 [INFO] ApiDb:669 - CubeFinder database Configuration version=3.0.42
2026-05-08 13:48:34,106 [INFO] ApiDb:670 - CubeFinder database generation date=2026-03-11 (1773229989)
2026-05-08 13:48:34,106 [INFO] ApiDb:671 - CubeFinder database FW Pack versions=[FP-ATR-ASTRA1_V2.0.0, FP-SNS-FLIGHT1_V5.1.0, FP-SNS-MOTENV1_V5.1.0, FP-SNS-MOTENVWB1_V1.5.0, FP-SNS-SMARTAG2_V1.2.0, FP-SNS-STBOX1_V2.1.0, STM32Cube_FW_C0_V1.4.0, STM32Cube_FW_F4_V1.28.3, STM32Cube_FW_F7_V1.17.4, STM32Cube_FW_G0_V1.6.3, STM32Cube_FW_G4_V1.6.2, STM32Cube_FW_H5_V1.6.0, STM32Cube_FW_H7RS_V1.3.0, STM32Cube_FW_H7_V1.13.0, STM32Cube_FW_L0_V1.12.2, STM32Cube_FW_L4_V1.18.2, STM32Cube_FW_L5_V1.6.0, STM32Cube_FW_N6_V1.3.0, STM32Cube_FW_U0_V1.3.0, STM32Cube_FW_U3_V1.3.0, STM32Cube_FW_U5_V1.8.0, STM32Cube_FW_WB0_V1.4.0, STM32Cube_FW_WBA_V1.9.0, STM32Cube_FW_WB_V1.24.0, STM32Cube_FW_WL3_V1.4.0, STM32Cube_FW_WL_V1.5.0, X-CUBE-ALGOBUILD_V1.4.0, X-CUBE-ALS_V1.0.2, X-CUBE-AZRTOS-F4_V1.1.0, X-CUBE-AZRTOS-F7_V1.1.0, X-CUBE-AZRTOS-G0_V1.1.0, X-CUBE-AZRTOS-G4_V2.0.0, X-CUBE-AZRTOS-H7RS_V1.1.0, X-CUBE-AZRTOS-H7_V3.4.0, X-CUBE-AZRTOS-L4_V2.0.0, X-CUBE-AZRTOS-L5_V2.0.0, X-CUBE-AZRTOS-WB_V2.0.0, X-CUBE-AZRTOS-WL_V2.0.0, X-CUBE-BLE1_V7.1.0, X-CUBE-BLE2_V3.3.0, X-CUBE-BLEMGR_V4.1.0, X-CUBE-EEPRMA1_V5.2.0, X-CUBE-FREERTOS_V1.5.0, X-CUBE-GNSS1_V6.0.0, X-CUBE-MEMS1_V12.0.0, X-CUBE-NFC4_V3.0.0, X-CUBE-NFC7_V2.0.0, X-CUBE-SFXS2LP1_V4.0.0, X-CUBE-ST67W61_V1.2.0, X-CUBE-SUBG2_V5.0.0, X-CUBE-TOF1_V3.4.3]
2026-05-08 13:48:37,982 [INFO] ApiDb:240 - Found 880 in-development CPN: [B-G473E-ZEST1S, B-WB1M-WPAN1, B-WBA5M-WPAN, B-WL5M-SUBG1, NUCLEO-C031C6, NUCLEO-C051C8, NUCLEO-C071RB, NUCLEO-C092RC, NUCLEO-H503RB, NUCLEO-H533RE, NUCLEO-H563ZI, NUCLEO-H7S3L8, NUCLEO-N657X0-Q, NUCLEO-U031R8, NUCLEO-U083RC, NUCLEO-U385RG-Q, NUCLEO-U545RE-Q, NUCLEO-U5A5ZJ-Q, NUCLEO-WB05KZ, NUCLEO-WB07CC, NUCLEO-WB09KE, NUCLEO-WBA52CG, NUCLEO-WBA55CG, NUCLEO-WL33CC1, NUCLEO-WL33CC2, STEVAL-PROTEUS1, STEVAL-SMARTAG2, STEVAL-STWINBX1, STM320518-EVAL, STM32C0116-DK, STM32C011D6Y3TR, STM32C011D6Y6TR, STM32C011F4P3, STM32C011F4P6, STM32C011F4U3, STM32C011F4U6TR, STM32C011F6P3, STM32C011F6P6, STM32C011F6U3, STM32C011F6U6TR, STM32C011J4M3, STM32C011J4M6, STM32C011J6M3, STM32C011J6M6, STM32C0316-DK, STM32C031C4T3, STM32C031C4T6, STM32C031C4U3, STM32C031C4U6, STM32C031C6T3, STM32C031C6T6, STM32C031C6U3, STM32C031C6U6, STM32C031F4P3, STM32C031F4P6, STM32C031F6P3, STM32C031F6P6, STM32C031G4U3, STM32C031G4U6, STM32C031G6U3, STM32C031G6U6, STM32C031K4T3, STM32C031K4T6, STM32C031K4U3, STM32C031K4U6, STM32C031K6T3, STM32C031K6T6, STM32C031K6U3, STM32C031K6U6, STM32C051C6T6, STM32C051C6U6, STM32C051C8T6, STM32C051C8U6, STM32C051D8Y6TR, STM32C051F6P6, STM32C051F8P6, STM32C051G6U6, STM32C051G8U6, STM32C051K6T6, STM32C051K6U6, STM32C051K8T6, STM32C071C8T6, STM32C071C8T6N, STM32C071C8U6, STM32C071C8U6N, STM32C071CBT6, STM32C071CBT6N, STM32C071CBU6, STM32C071CBU6N, STM32C071F8P6, STM32C071F8P6N, STM32C071FBP6, STM32C071FBP6N, STM32C071FBY6TR, STM32C071G8U6, STM32C071G8U6N, STM32C071GBU6, STM32C071GBU6N, STM32C071K8T6, STM32C071K8T6N, STM32C071K8U6, STM32C071K8U6N, STM32C071KBT6, STM32C071KBT6N, STM32C071KBU6, STM32C071KBU6N, STM32C071R8T6, STM32C071R8T6N, STM32C071RBI6N, STM32C071RBT6, STM32C071RBT6N, STM32C091CBT6, STM32C091CBU6, STM32C091CCT6, STM32C091CCU6, STM32C091ECY6TR, STM32C091FBP6, STM32C091FCP6, STM32C091GBU6, STM32C091GCU6, STM32C091KBT6, STM32C091KBU6, STM32C091KCT6, STM32C091KCU6, STM32C091RBT6, STM32C091RCI6, STM32C091RCT6, STM32C092CBT6, STM32C092CBU6, STM32C092CCT6, STM32C092CCU6, STM32C092ECY6TR, STM32C092FBP6, STM32C092FCP6, STM32C092GBU6, STM32C092GCU6, STM32C092KBT6, STM32C092KBU6, STM32C092KCT6, STM32C092KCU6, STM32C092RBT6, STM32C092RCI6, STM32C092RCT6, STM32G071K8TXN, STM32G071K8UXN, STM32G081GBU6N, STM32G081KBT6N, STM32G081KBUXN, STM32G0B1CCT6N, STM32G0B1KCT6, STM32G0B1NEY6TR, STM32G0B1RCT6N, STM32G0C1CCT6, STM32G0C1CCT6N, STM32G0C1CCU6N, STM32G0C1CET6N, STM32G0C1CEU6N, STM32G0C1KCT6, STM32G0C1NEY6TR, STM32G0C1RCI6N, STM32G0C1RCT6N, STM32G0C1REI6N, STM32G0C1RET6N, STM32G0C1VCI6, STM32G0C1VEI6, STM32G411C6T3, STM32G411C6T6, STM32G411C6U3, STM32G411C6U6, STM32G411C8T3, STM32G411C8T6, STM32G411C8U3, STM32G411C8U6, STM32G411CBT3, STM32G411CBT6, STM32G411CBU3, STM32G411CBU6, STM32G411K6T3, STM32G411K6T6, STM32G411K6U3, STM32G411K6U6, STM32G411K8T3, STM32G411K8T6, STM32G411K8U3, STM32G411K8U6, STM32G411KBT3, STM32G411KBT6, STM32G411KBU3, STM32G411KBU6, STM32G411M6T3, STM32G411M6T6, STM32G411M8T3, STM32G411M8T6, STM32G411MBT3, STM32G411MBT6, STM32G411R6T3, STM32G411R6T6, STM32G411R8T3, STM32G411R8T6, STM32G411RBT3, STM32G411RBT6, STM32G414CBT3, STM32G414CBT6, STM32G414CBU3, STM32G414CBU6, STM32G414CCT3, STM32G414CCT6, STM32G414CCU3, STM32G414CCU6, STM32G414MBT3, STM32G414MBT6, STM32G414MCT3, STM32G414MCT6, STM32G414RBT3, STM32G414RBT6, STM32G414RCT3, STM32G414RCT6, STM32G414VBT3, STM32G414VBT6, STM32G414VCT3, STM32G414VCT6, STM32G431CBT3Z, STM32G431RBT3Z, STM32G471CCT6, STM32G471CCU6, STM32G471CET3, STM32G471CET6, STM32G471CEU3, STM32G471CEU6, STM32G471MCT6, STM32G471MET3, STM32G471MET6, STM32G471MEY6TR, STM32G471QCT6, STM32G471QET3, STM32G471RCT6, STM32G471RET3, STM32G471RET6, STM32G471VCH6, STM32G471VCI6, STM32G471VCT6, STM32G471VEH3, STM32G471VEH6, STM32G471VEI3, STM32G471VEI6, STM32G471VET3, STM32G471VET6, STM32G473QET3Z, STM32G473RET3Z, STM32G474CCT6, STM32G491RET3Z, STM32H503CBT6, STM32H503CBU6, STM32H503EBY6TR, STM32H503KBU6, STM32H503RBT6, STM32H523CCT6, STM32H523CCU6, STM32H523CET6, STM32H523CEU6, STM32H523HEY6TR, STM32H523RCT6, STM32H523RET6, STM32H523VCI6, STM32H523VCT6, STM32H523VEI6, STM32H523VET6, STM32H523ZCJ6, STM32H523ZCT6, STM32H523ZEJ6, STM32H523ZET6, STM32H533CET6, STM32H533CEU6, STM32H533HEY6TR, STM32H533RET6, STM32H533VEI6, STM32H533VET6, STM32H533ZEJ6, STM32H533ZET6, STM32H562AGI6, STM32H562AII6, STM32H562IGK6, STM32H562IGT6, STM32H562IIK6, STM32H562IIT6, STM32H562RGT6, STM32H562RGV6, STM32H562RIT6, STM32H562RIV6, STM32H562VGT6, STM32H562VIT6, STM32H562ZGT6, STM32H562ZIT6, STM32H563AGI6, STM32H563AII3Q, STM32H563AII6, STM32H563IGK6, STM32H563IGT6, STM32H563IIK3Q, STM32H563IIK6, STM32H563IIT3Q, STM32H563IIT6, STM32H563MIY3QTR, STM32H563RGT6, STM32H563RGV6, STM32H563RIT6, STM32H563RIV6, STM32H563VGT6, STM32H563VIT3Q, STM32H563VIT6, STM32H563ZGT6, STM32H563ZIT3Q, STM32H563ZIT6, STM32H573AII3Q, STM32H573AII6, STM32H573I-DK, STM32H573IIK3Q, STM32H573IIK6, STM32H573IIT3Q, STM32H573IIT6, STM32H573MIY3QTR, STM32H573RIT6, STM32H573RIV6, STM32H573VIT3Q, STM32H573VIT6, STM32H573ZIT3Q, STM32H573ZIT6, STM32H7R3A8I6, STM32H7R3I8K6, STM32H7R3I8T6, STM32H7R3L8H6, STM32H7R3L8H6H, STM32H7R3R8V6, STM32H7R3V8H6, STM32H7R3V8T6, STM32H7R3V8Y6TR, STM32H7R3Z8J6, STM32H7R3Z8T6, STM32H7R7A8I6, STM32H7R7I8K6, STM32H7R7I8T6, STM32H7R7L8H6, STM32H7R7L8H6H, STM32H7R7Z8J6, STM32H7S3A8I6, STM32H7S3I8K6, STM32H7S3I8T6, STM32H7S3L8H6, STM32H7S3L8H6H, STM32H7S3R8V6, STM32H7S3V8H6, STM32H7S3V8T6, STM32H7S3V8Y6TR, STM32H7S3Z8J6, STM32H7S3Z8T6, STM32H7S78-DK, STM32H7S7A8I6, STM32H7S7I8K6, STM32H7S7I8T6, STM32H7S7L8H6, STM32H7S7L8H6H, STM32H7S7Z8J6, STM32L4R5QGI6STR, STM32MP131AAE3, STM32MP131AAF3, STM32MP131AAG3, STM32MP131CAE3, STM32MP131CAF3, STM32MP131CAG3, STM32MP131DAE7, STM32MP131DAF7, STM32MP131DAG7, STM32MP131FAE7, STM32MP131FAF7, STM32MP131FAG7, STM32MP133AAE3, STM32MP133AAF3, STM32MP133AAG3, STM32MP133CAE3, STM32MP133CAF3, STM32MP133CAG3, STM32MP133DAE7, STM32MP133DAF7, STM32MP133DAG7, STM32MP133FAE7, STM32MP133FAF7, STM32MP133FAG7, STM32MP135AAE3, STM32MP135AAF3, STM32MP135AAG3, STM32MP135CAE3, STM32MP135CAF3, STM32MP135CAG3, STM32MP135DAE7, STM32MP135DAF7, STM32MP135DAG7, STM32MP135F-DK, STM32MP135FAE7, STM32MP135FAF7, STM32MP135FAF7T, STM32MP135FAF7U, STM32MP135FAG7, STM32MP211AAL3, STM32MP211AAM3, STM32MP211AAN3, STM32MP211AAO3, STM32MP211CAL3, STM32MP211CAM3, STM32MP211CAN3, STM32MP211CAO3, STM32MP211DAL3, STM32MP211DAM3, STM32MP211DAN3, STM32MP211DAO3, STM32MP211FAL3, STM32MP211FAM3, STM32MP211FAN3, STM32MP211FAO3, STM32MP213AAL3, STM32MP213AAM3, STM32MP213AAN3, STM32MP213AAO3, STM32MP213CAL3, STM32MP213CAM3, STM32MP213CAN3, STM32MP213CAO3, STM32MP213DAL3, STM32MP213DAM3, STM32MP213DAN3, STM32MP213DAO3, STM32MP213FAL3, STM32MP213FAM3, STM32MP213FAN3, STM32MP213FAO3, STM32MP215AAL3, STM32MP215AAM3, STM32MP215AAN3, STM32MP215AAO3, STM32MP215CAL3, STM32MP215CAM3, STM32MP215CAN3, STM32MP215CAO3, STM32MP215DAL3, STM32MP215DAM3, STM32MP215DAN3, STM32MP215DAO3, STM32MP215F-DK, STM32MP215FAL3, STM32MP215FAM3, STM32MP215FAN3, STM32MP215FAO3, STM32MP231AAJ3, STM32MP231AAK3, STM32MP231AAL3, STM32MP231CAJ3, STM32MP231CAK3, STM32MP231CAL3, STM32MP231DAJ3, STM32MP231DAK3, STM32MP231DAL3, STM32MP231FAJ3, STM32MP231FAK3, STM32MP231FAL3, STM32MP233AAJ3, STM32MP233AAK3, STM32MP233AAL3, STM32MP233CAJ3, STM32MP233CAK3, STM32MP233CAL3, STM32MP233DAJ3, STM32MP233DAK3, STM32MP233DAL3, STM32MP233FAJ3, STM32MP233FAK3, STM32MP233FAL3, STM32MP235AAJ3, STM32MP235AAK3, STM32MP235AAL3, STM32MP235CAJ3, STM32MP235CAK3, STM32MP235CAL3, STM32MP235DAJ3, STM32MP235DAK3, STM32MP235DAL3, STM32MP235FAJ3, STM32MP235FAK3, STM32MP235FAL3, STM32MP251AAI3, STM32MP251AAK3, STM32MP251AAL3, STM32MP251CAI3, STM32MP251CAK3, STM32MP251CAL3, STM32MP251DAI3, STM32MP251DAK3, STM32MP251DAL3, STM32MP251FAI3, STM32MP251FAK3, STM32MP251FAL3, STM32MP253AAI3, STM32MP253AAK3, STM32MP253AAL3, STM32MP253CAI3, STM32MP253CAK3, STM32MP253CAL3, STM32MP253DAI3, STM32MP253DAK3, STM32MP253DAL3, STM32MP253FAI3, STM32MP253FAK3, STM32MP253FAL3, STM32MP255AAI3, STM32MP255AAK3, STM32MP255AAL3, STM32MP255CAI3, STM32MP255CAK3, STM32MP255CAL3, STM32MP255DAI3, STM32MP255DAK3, STM32MP255DAL3, STM32MP255FAI3, STM32MP255FAK3, STM32MP255FAL3, STM32MP257AAI3, STM32MP257AAK3, STM32MP257AAL3, STM32MP257CAI3, STM32MP257CAK3, STM32MP257CAL3, STM32MP257DAI3, STM32MP257DAK3, STM32MP257DAL3, STM32MP257F-DK, STM32MP257F-EV1, STM32MP257FAI3, STM32MP257FAK3, STM32MP257FAL3, STM32N645A0H3Q, STM32N645B0H3Q, STM32N645I0H3Q, STM32N645L0H3Q, STM32N645X0H3Q, STM32N645Z0H3Q, STM32N647A0H3Q, STM32N647B0H3Q, STM32N647I0H3Q, STM32N647L0H3Q, STM32N647X0H3Q, STM32N647Z0H3Q, STM32N655A0H3Q, STM32N655B0H3Q, STM32N655I0H3Q, STM32N655L0H3Q, STM32N655X0H3Q, STM32N655Z0H3Q, STM32N6570-DK, STM32N657A0H3Q, STM32N657B0H3Q, STM32N657I0H3Q, STM32N657L0H3Q, STM32N657X0H3Q, STM32N657Z0H3Q, STM32U031C6T6, STM32U031C6U6, STM32U031C8T6, STM32U031C8U6, STM32U031F4P6, STM32U031F6P6, STM32U031F8P6, STM32U031G6Y6TR, STM32U031G8Y6TR, STM32U031K4U6, STM32U031K6U6, STM32U031K8U6, STM32U031R6I6, STM32U031R6T6, STM32U031R8I6, STM32U031R8T6, STM32U073C8T6, STM32U073C8U6, STM32U073CBT6, STM32U073CBU6, STM32U073CCT6, STM32U073CCU6, STM32U073H8Y6TR, STM32U073HBY6TR, STM32U073HCY6TR, STM32U073K8U6, STM32U073KBU6, STM32U073KCU6, STM32U073M8I6, STM32U073M8T6, STM32U073MBI6, STM32U073MBT6, STM32U073MCI6, STM32U073MCT6, STM32U073R8I6, STM32U073R8T6, STM32U073RBI6, STM32U073RBT6, STM32U073RCI6, STM32U073RCT6, STM32U083C-DK, STM32U083CCT6, STM32U083CCU6, STM32U083HCY6TR, STM32U083KCU6, STM32U083MCI6, STM32U083MCT6, STM32U083RCI6, STM32U083RCT6, STM32U375CET6, STM32U375CET6Q, STM32U375CEU6, STM32U375CEU6Q, STM32U375CEY6QTR, STM32U375CGT6, STM32U375CGT6Q, STM32U375CGU6, STM32U375CGU6Q, STM32U375CGY6QTR, STM32U375KEU6, STM32U375KGU6, STM32U375REI6, STM32U375REI6Q, STM32U375RET6, STM32U375RET6Q, STM32U375REY6GTR, STM32U375REY6QTR, STM32U375RGI6, STM32U375RGI6Q, STM32U375RGT6, STM32U375RGT6Q, STM32U375RGY6GTR, STM32U375RGY6QTR, STM32U375VEI6, STM32U375VEI6Q, STM32U375VET6, STM32U375VET6Q, STM32U375VGI6, STM32U375VGI6Q, STM32U375VGT6, STM32U375VGT6Q, STM32U385CGT6, STM32U385CGT6Q, STM32U385CGU6, STM32U385CGU6Q, STM32U385CGY6QTR, STM32U385KGU6, STM32U385RGI6, STM32U385RGI6Q, STM32U385RGT6, STM32U385RGT6Q, STM32U385RGY6GTR, STM32U385RGY6QTR, STM32U385VGI6, STM32U385VGI6Q, STM32U385VGT6, STM32U385VGT6Q, STM32U535CBT6, STM32U535CBT6Q, STM32U535CBU6, STM32U535CBU6Q, STM32U535CCT6, STM32U535CCT6Q, STM32U535CCU6, STM32U535CCU6Q, STM32U535CET6, STM32U535CET6Q, STM32U535CEU6, STM32U535CEU6Q, STM32U535JEY6QTR, STM32U535NCY6QTR, STM32U535NEY6QTR, STM32U535RBI6, STM32U535RBI6Q, STM32U535RBT6, STM32U535RBT6Q, STM32U535RCI6, STM32U535RCI6Q, STM32U535RCT6, STM32U535RCT6Q, STM32U535REI6, STM32U535REI6Q, STM32U535RET6, STM32U535RET6Q, STM32U535VCI6, STM32U535VCI6Q, STM32U535VCT6, STM32U535VCT6Q, STM32U535VEI6, STM32U535VEI6Q, STM32U535VET6, STM32U535VET6Q, STM32U545CET6, STM32U545CET6Q, STM32U545CEU6, STM32U545CEU6Q, STM32U545JEY6QTR, STM32U545NEY6QTR, STM32U545REI6, STM32U545REI6Q, STM32U545RET6, STM32U545RET6Q, STM32U545VEI6, STM32U545VEI6Q, STM32U545VET6, STM32U545VET6Q, STM32U595AIH6, STM32U595AIH6Q, STM32U595AJH6, STM32U595AJH6Q, STM32U595QII6, STM32U595QII6Q, STM32U595QJI6, STM32U595QJI6Q, STM32U595RIT6, STM32U595RIT6Q, STM32U595RJT6, STM32U595RJT6Q, STM32U595VIT6, STM32U595VIT6Q, STM32U595VJT6, STM32U595VJT6Q, STM32U595ZIT6, STM32U595ZIT6Q, STM32U595ZIY6QTR, STM32U595ZJT6, STM32U595ZJT6Q, STM32U595ZJY6QTR, STM32U599BJY6QTR, STM32U599NIH6Q, STM32U599NJH6Q, STM32U599VIT6Q, STM32U599VJT6, STM32U599VJT6Q, STM32U599ZIT6Q, STM32U599ZIY6QTR, STM32U599ZJT6Q, STM32U599ZJY6QTR, STM32U5A5AJH6, STM32U5A5AJH6Q, STM32U5A5QII3Q , STM32U5A5QJI6, STM32U5A5QJI6Q, STM32U5A5RJT6, STM32U5A5RJT6Q, STM32U5A5VJT6, STM32U5A5VJT6Q, STM32U5A5ZJT6, STM32U5A5ZJT6Q, STM32U5A5ZJY6QTR, STM32U5A9BJY6QTR, STM32U5A9J-DK, STM32U5A9NJH6Q, STM32U5A9VJT6Q, STM32U5A9ZJT6Q, STM32U5A9ZJY6QTR, STM32U5F7VIT6, STM32U5F7VIT6Q, STM32U5F7VJT6, STM32U5F7VJT6Q, STM32U5F9BJY6QTR, STM32U5F9NJH6Q, STM32U5F9VIT6Q, STM32U5F9VJT6Q, STM32U5F9ZIJ6QTR, STM32U5F9ZIT6Q, STM32U5F9ZJJ6QTR, STM32U5F9ZJT6Q, STM32U5G7VJT6, STM32U5G7VJT6Q, STM32U5G9BJY6QTR, STM32U5G9J-DK1, STM32U5G9J-DK2, STM32U5G9NJH6Q, STM32U5G9VJT6Q, STM32U5G9ZJJ6QTR, STM32U5G9ZJT6Q, STM32WB05KZV6TR, STM32WB05KZV7TR, STM32WB05TZF6TR, STM32WB05TZF7TR, STM32WB06CCF6TR, STM32WB06CCF7TR, STM32WB06CCV6TR, STM32WB06CCV7TR, STM32WB06KCV6TR, STM32WB06KCV7TR, STM32WB07CCF6TR, STM32WB07CCF7TR, STM32WB07CCV6TR, STM32WB07CCV7TR, STM32WB07KCV6TR, STM32WB07KCV7TR, STM32WB09KEV6TR, STM32WB09KEV7TR, STM32WB09TEF6TR, STM32WB09TEF7TR, STM32WB1MMCH6, STM32WBA50KGU6, STM32WBA50KGU6TR, STM32WBA52CEU6, STM32WBA52CEU6TR, STM32WBA52CEU7, STM32WBA52CEU7TR, STM32WBA52CGU6, STM32WBA52CGU6TR, STM32WBA52CGU6U, STM32WBA52CGU7, STM32WBA52CGU7TR, STM32WBA52KEU6, STM32WBA52KEU6TR, STM32WBA52KGU6, STM32WBA52KGU6TR, STM32WBA54CEU6, STM32WBA54CEU6TR, STM32WBA54CEU7, STM32WBA54CEU7TR, STM32WBA54CGU6, STM32WBA54CGU6TR, STM32WBA54CGU7, STM32WBA54CGU7TR, STM32WBA54KEU6, STM32WBA54KEU6TR, STM32WBA54KEU7, STM32WBA54KEU7TR, STM32WBA54KGU6, STM32WBA54KGU6TR, STM32WBA54KGU7, STM32WBA54KGU7TR, STM32WBA55CEU6, STM32WBA55CEU6TR, STM32WBA55CEU7, STM32WBA55CEU7TR, STM32WBA55CGU6, STM32WBA55CGU6TR, STM32WBA55CGU6U, STM32WBA55CGU7, STM32WBA55CGU7TR, STM32WBA55G-DK1, STM32WBA55HEF6, STM32WBA55HEF7, STM32WBA55HGF6, STM32WBA55HGF7, STM32WBA55UEI6, STM32WBA55UEI6TR, STM32WBA55UEI7, STM32WBA55UEI7TR, STM32WBA55UGI6, STM32WBA55UGI6TR, STM32WBA55UGI7, STM32WBA55UGI7TR, STM32WBA5MMGH6TR, STM32WBA62MGF6, STM32WBA62MIF6, STM32WBA65MGF7, STM32WBA65MIF6, STM32WBA65MIF7, STM32WL30K8V6, STM32WL30KBV6, STM32WL31C8V6, STM32WL31CBV6, STM32WL31K8V6, STM32WL31KBV6, STM32WL33C8V6, STM32WL33C8V6X, STM32WL33CBV6, STM32WL33CBV6X, STM32WL33CCV6, STM32WL33CCV6A, STM32WL33CCV6X, STM32WL33K8V7, STM32WL33K8V7X, STM32WL33KBV7 , STM32WL33KBV7X, STM32WL33KCV7, STM32WL33KCV7X, STM32WL5MOCH6, STM32WL5MOCH6TR]
2026-05-08 13:48:37,985 [INFO] DbMcus:218 - Found 5055 MCUs, 4968 are supported
2026-05-08 13:48:37,986 [INFO] ApiDb:423 - Load user favorites file C:\Users\mocci/.stm32cubeide/favorites.mcus.txt: 0 item(s)
2026-05-08 13:48:37,986 [INFO] ApiDb:427 - User favorites MCUs=[]
2026-05-08 13:48:37,986 [INFO] DbMcus:224 - Set 0 / 0 favorites MCUs
2026-05-08 13:48:39,756 [INFO] ApiDb:448 - Save user favorites file C:\Users\mocci/.stm32cubeide/favorites.boards.txt: 0 item(s)
2026-05-08 13:48:39,758 [INFO] ApiDb:452 - User favorites Boards=[]
2026-05-08 13:48:39,762 [INFO] ApiDb:581 - Connected to CubeFinder SQLite database (C:\Users\mocci\.stmcufinder\plugins\mcufinder\mcu\cube-finder-db.db)
2026-05-08 13:48:40,018 [INFO] ApiDb:668 - CubeFinder database Data Model version=2.1
2026-05-08 13:48:40,018 [INFO] ApiDb:669 - CubeFinder database Configuration version=3.0.42
2026-05-08 13:48:40,018 [INFO] ApiDb:670 - CubeFinder database generation date=2026-03-11 (1773229989)
2026-05-08 13:48:40,018 [INFO] ApiDb:671 - CubeFinder database FW Pack versions=[FP-ATR-ASTRA1_V2.0.0, FP-SNS-FLIGHT1_V5.1.0, FP-SNS-MOTENV1_V5.1.0, FP-SNS-MOTENVWB1_V1.5.0, FP-SNS-SMARTAG2_V1.2.0, FP-SNS-STBOX1_V2.1.0, STM32Cube_FW_C0_V1.4.0, STM32Cube_FW_F4_V1.28.3, STM32Cube_FW_F7_V1.17.4, STM32Cube_FW_G0_V1.6.3, STM32Cube_FW_G4_V1.6.2, STM32Cube_FW_H5_V1.6.0, STM32Cube_FW_H7RS_V1.3.0, STM32Cube_FW_H7_V1.13.0, STM32Cube_FW_L0_V1.12.2, STM32Cube_FW_L4_V1.18.2, STM32Cube_FW_L5_V1.6.0, STM32Cube_FW_N6_V1.3.0, STM32Cube_FW_U0_V1.3.0, STM32Cube_FW_U3_V1.3.0, STM32Cube_FW_U5_V1.8.0, STM32Cube_FW_WB0_V1.4.0, STM32Cube_FW_WBA_V1.9.0, STM32Cube_FW_WB_V1.24.0, STM32Cube_FW_WL3_V1.4.0, STM32Cube_FW_WL_V1.5.0, X-CUBE-ALGOBUILD_V1.4.0, X-CUBE-ALS_V1.0.2, X-CUBE-AZRTOS-F4_V1.1.0, X-CUBE-AZRTOS-F7_V1.1.0, X-CUBE-AZRTOS-G0_V1.1.0, X-CUBE-AZRTOS-G4_V2.0.0, X-CUBE-AZRTOS-H7RS_V1.1.0, X-CUBE-AZRTOS-H7_V3.4.0, X-CUBE-AZRTOS-L4_V2.0.0, X-CUBE-AZRTOS-L5_V2.0.0, X-CUBE-AZRTOS-WB_V2.0.0, X-CUBE-AZRTOS-WL_V2.0.0, X-CUBE-BLE1_V7.1.0, X-CUBE-BLE2_V3.3.0, X-CUBE-BLEMGR_V4.1.0, X-CUBE-EEPRMA1_V5.2.0, X-CUBE-FREERTOS_V1.5.0, X-CUBE-GNSS1_V6.0.0, X-CUBE-MEMS1_V12.0.0, X-CUBE-NFC4_V3.0.0, X-CUBE-NFC7_V2.0.0, X-CUBE-SFXS2LP1_V4.0.0, X-CUBE-ST67W61_V1.2.0, X-CUBE-SUBG2_V5.0.0, X-CUBE-TOF1_V3.4.3]
2026-05-08 13:48:40,163 [INFO] DbBoardsSqlite:226 - include board P-NUCLEO-WB55-NUCLEO as a kit item of type 'Nucleo-64'
2026-05-08 13:48:40,163 [INFO] DbBoardsSqlite:226 - include board P-NUCLEO-WB55-USBDONGLE as a kit item of type 'Nucleo USB Dongle'
2026-05-08 13:48:40,164 [INFO] DbBoardsSqlite:226 - include board STEVAL-IDP005V1 as a kit item of type 'Evaluation Board'
2026-05-08 13:48:40,164 [INFO] DbBoardsSqlite:226 - include board STEVAL-IDP005V2 as a kit item of type 'Evaluation Board'
2026-05-08 13:48:40,422 [INFO] ApiDb:240 - Found 880 in-development CPN: [B-G473E-ZEST1S, B-WB1M-WPAN1, B-WBA5M-WPAN, B-WL5M-SUBG1, NUCLEO-C031C6, NUCLEO-C051C8, NUCLEO-C071RB, NUCLEO-C092RC, NUCLEO-H503RB, NUCLEO-H533RE, NUCLEO-H563ZI, NUCLEO-H7S3L8, NUCLEO-N657X0-Q, NUCLEO-U031R8, NUCLEO-U083RC, NUCLEO-U385RG-Q, NUCLEO-U545RE-Q, NUCLEO-U5A5ZJ-Q, NUCLEO-WB05KZ, NUCLEO-WB07CC, NUCLEO-WB09KE, NUCLEO-WBA52CG, NUCLEO-WBA55CG, NUCLEO-WL33CC1, NUCLEO-WL33CC2, STEVAL-PROTEUS1, STEVAL-SMARTAG2, STEVAL-STWINBX1, STM320518-EVAL, STM32C0116-DK, STM32C011D6Y3TR, STM32C011D6Y6TR, STM32C011F4P3, STM32C011F4P6, STM32C011F4U3, STM32C011F4U6TR, STM32C011F6P3, STM32C011F6P6, STM32C011F6U3, STM32C011F6U6TR, STM32C011J4M3, STM32C011J4M6, STM32C011J6M3, STM32C011J6M6, STM32C0316-DK, STM32C031C4T3, STM32C031C4T6, STM32C031C4U3, STM32C031C4U6, STM32C031C6T3, STM32C031C6T6, STM32C031C6U3, STM32C031C6U6, STM32C031F4P3, STM32C031F4P6, STM32C031F6P3, STM32C031F6P6, STM32C031G4U3, STM32C031G4U6, STM32C031G6U3, STM32C031G6U6, STM32C031K4T3, STM32C031K4T6, STM32C031K4U3, STM32C031K4U6, STM32C031K6T3, STM32C031K6T6, STM32C031K6U3, STM32C031K6U6, STM32C051C6T6, STM32C051C6U6, STM32C051C8T6, STM32C051C8U6, STM32C051D8Y6TR, STM32C051F6P6, STM32C051F8P6, STM32C051G6U6, STM32C051G8U6, STM32C051K6T6, STM32C051K6U6, STM32C051K8T6, STM32C071C8T6, STM32C071C8T6N, STM32C071C8U6, STM32C071C8U6N, STM32C071CBT6, STM32C071CBT6N, STM32C071CBU6, STM32C071CBU6N, STM32C071F8P6, STM32C071F8P6N, STM32C071FBP6, STM32C071FBP6N, STM32C071FBY6TR, STM32C071G8U6, STM32C071G8U6N, STM32C071GBU6, STM32C071GBU6N, STM32C071K8T6, STM32C071K8T6N, STM32C071K8U6, STM32C071K8U6N, STM32C071KBT6, STM32C071KBT6N, STM32C071KBU6, STM32C071KBU6N, STM32C071R8T6, STM32C071R8T6N, STM32C071RBI6N, STM32C071RBT6, STM32C071RBT6N, STM32C091CBT6, STM32C091CBU6, STM32C091CCT6, STM32C091CCU6, STM32C091ECY6TR, STM32C091FBP6, STM32C091FCP6, STM32C091GBU6, STM32C091GCU6, STM32C091KBT6, STM32C091KBU6, STM32C091KCT6, STM32C091KCU6, STM32C091RBT6, STM32C091RCI6, STM32C091RCT6, STM32C092CBT6, STM32C092CBU6, STM32C092CCT6, STM32C092CCU6, STM32C092ECY6TR, STM32C092FBP6, STM32C092FCP6, STM32C092GBU6, STM32C092GCU6, STM32C092KBT6, STM32C092KBU6, STM32C092KCT6, STM32C092KCU6, STM32C092RBT6, STM32C092RCI6, STM32C092RCT6, STM32G071K8TXN, STM32G071K8UXN, STM32G081GBU6N, STM32G081KBT6N, STM32G081KBUXN, STM32G0B1CCT6N, STM32G0B1KCT6, STM32G0B1NEY6TR, STM32G0B1RCT6N, STM32G0C1CCT6, STM32G0C1CCT6N, STM32G0C1CCU6N, STM32G0C1CET6N, STM32G0C1CEU6N, STM32G0C1KCT6, STM32G0C1NEY6TR, STM32G0C1RCI6N, STM32G0C1RCT6N, STM32G0C1REI6N, STM32G0C1RET6N, STM32G0C1VCI6, STM32G0C1VEI6, STM32G411C6T3, STM32G411C6T6, STM32G411C6U3, STM32G411C6U6, STM32G411C8T3, STM32G411C8T6, STM32G411C8U3, STM32G411C8U6, STM32G411CBT3, STM32G411CBT6, STM32G411CBU3, STM32G411CBU6, STM32G411K6T3, STM32G411K6T6, STM32G411K6U3, STM32G411K6U6, STM32G411K8T3, STM32G411K8T6, STM32G411K8U3, STM32G411K8U6, STM32G411KBT3, STM32G411KBT6, STM32G411KBU3, STM32G411KBU6, STM32G411M6T3, STM32G411M6T6, STM32G411M8T3, STM32G411M8T6, STM32G411MBT3, STM32G411MBT6, STM32G411R6T3, STM32G411R6T6, STM32G411R8T3, STM32G411R8T6, STM32G411RBT3, STM32G411RBT6, STM32G414CBT3, STM32G414CBT6, STM32G414CBU3, STM32G414CBU6, STM32G414CCT3, STM32G414CCT6, STM32G414CCU3, STM32G414CCU6, STM32G414MBT3, STM32G414MBT6, STM32G414MCT3, STM32G414MCT6, STM32G414RBT3, STM32G414RBT6, STM32G414RCT3, STM32G414RCT6, STM32G414VBT3, STM32G414VBT6, STM32G414VCT3, STM32G414VCT6, STM32G431CBT3Z, STM32G431RBT3Z, STM32G471CCT6, STM32G471CCU6, STM32G471CET3, STM32G471CET6, STM32G471CEU3, STM32G471CEU6, STM32G471MCT6, STM32G471MET3, STM32G471MET6, STM32G471MEY6TR, STM32G471QCT6, STM32G471QET3, STM32G471RCT6, STM32G471RET3, STM32G471RET6, STM32G471VCH6, STM32G471VCI6, STM32G471VCT6, STM32G471VEH3, STM32G471VEH6, STM32G471VEI3, STM32G471VEI6, STM32G471VET3, STM32G471VET6, STM32G473QET3Z, STM32G473RET3Z, STM32G474CCT6, STM32G491RET3Z, STM32H503CBT6, STM32H503CBU6, STM32H503EBY6TR, STM32H503KBU6, STM32H503RBT6, STM32H523CCT6, STM32H523CCU6, STM32H523CET6, STM32H523CEU6, STM32H523HEY6TR, STM32H523RCT6, STM32H523RET6, STM32H523VCI6, STM32H523VCT6, STM32H523VEI6, STM32H523VET6, STM32H523ZCJ6, STM32H523ZCT6, STM32H523ZEJ6, STM32H523ZET6, STM32H533CET6, STM32H533CEU6, STM32H533HEY6TR, STM32H533RET6, STM32H533VEI6, STM32H533VET6, STM32H533ZEJ6, STM32H533ZET6, STM32H562AGI6, STM32H562AII6, STM32H562IGK6, STM32H562IGT6, STM32H562IIK6, STM32H562IIT6, STM32H562RGT6, STM32H562RGV6, STM32H562RIT6, STM32H562RIV6, STM32H562VGT6, STM32H562VIT6, STM32H562ZGT6, STM32H562ZIT6, STM32H563AGI6, STM32H563AII3Q, STM32H563AII6, STM32H563IGK6, STM32H563IGT6, STM32H563IIK3Q, STM32H563IIK6, STM32H563IIT3Q, STM32H563IIT6, STM32H563MIY3QTR, STM32H563RGT6, STM32H563RGV6, STM32H563RIT6, STM32H563RIV6, STM32H563VGT6, STM32H563VIT3Q, STM32H563VIT6, STM32H563ZGT6, STM32H563ZIT3Q, STM32H563ZIT6, STM32H573AII3Q, STM32H573AII6, STM32H573I-DK, STM32H573IIK3Q, STM32H573IIK6, STM32H573IIT3Q, STM32H573IIT6, STM32H573MIY3QTR, STM32H573RIT6, STM32H573RIV6, STM32H573VIT3Q, STM32H573VIT6, STM32H573ZIT3Q, STM32H573ZIT6, STM32H7R3A8I6, STM32H7R3I8K6, STM32H7R3I8T6, STM32H7R3L8H6, STM32H7R3L8H6H, STM32H7R3R8V6, STM32H7R3V8H6, STM32H7R3V8T6, STM32H7R3V8Y6TR, STM32H7R3Z8J6, STM32H7R3Z8T6, STM32H7R7A8I6, STM32H7R7I8K6, STM32H7R7I8T6, STM32H7R7L8H6, STM32H7R7L8H6H, STM32H7R7Z8J6, STM32H7S3A8I6, STM32H7S3I8K6, STM32H7S3I8T6, STM32H7S3L8H6, STM32H7S3L8H6H, STM32H7S3R8V6, STM32H7S3V8H6, STM32H7S3V8T6, STM32H7S3V8Y6TR, STM32H7S3Z8J6, STM32H7S3Z8T6, STM32H7S78-DK, STM32H7S7A8I6, STM32H7S7I8K6, STM32H7S7I8T6, STM32H7S7L8H6, STM32H7S7L8H6H, STM32H7S7Z8J6, STM32L4R5QGI6STR, STM32MP131AAE3, STM32MP131AAF3, STM32MP131AAG3, STM32MP131CAE3, STM32MP131CAF3, STM32MP131CAG3, STM32MP131DAE7, STM32MP131DAF7, STM32MP131DAG7, STM32MP131FAE7, STM32MP131FAF7, STM32MP131FAG7, STM32MP133AAE3, STM32MP133AAF3, STM32MP133AAG3, STM32MP133CAE3, STM32MP133CAF3, STM32MP133CAG3, STM32MP133DAE7, STM32MP133DAF7, STM32MP133DAG7, STM32MP133FAE7, STM32MP133FAF7, STM32MP133FAG7, STM32MP135AAE3, STM32MP135AAF3, STM32MP135AAG3, STM32MP135CAE3, STM32MP135CAF3, STM32MP135CAG3, STM32MP135DAE7, STM32MP135DAF7, STM32MP135DAG7, STM32MP135F-DK, STM32MP135FAE7, STM32MP135FAF7, STM32MP135FAF7T, STM32MP135FAF7U, STM32MP135FAG7, STM32MP211AAL3, STM32MP211AAM3, STM32MP211AAN3, STM32MP211AAO3, STM32MP211CAL3, STM32MP211CAM3, STM32MP211CAN3, STM32MP211CAO3, STM32MP211DAL3, STM32MP211DAM3, STM32MP211DAN3, STM32MP211DAO3, STM32MP211FAL3, STM32MP211FAM3, STM32MP211FAN3, STM32MP211FAO3, STM32MP213AAL3, STM32MP213AAM3, STM32MP213AAN3, STM32MP213AAO3, STM32MP213CAL3, STM32MP213CAM3, STM32MP213CAN3, STM32MP213CAO3, STM32MP213DAL3, STM32MP213DAM3, STM32MP213DAN3, STM32MP213DAO3, STM32MP213FAL3, STM32MP213FAM3, STM32MP213FAN3, STM32MP213FAO3, STM32MP215AAL3, STM32MP215AAM3, STM32MP215AAN3, STM32MP215AAO3, STM32MP215CAL3, STM32MP215CAM3, STM32MP215CAN3, STM32MP215CAO3, STM32MP215DAL3, STM32MP215DAM3, STM32MP215DAN3, STM32MP215DAO3, STM32MP215F-DK, STM32MP215FAL3, STM32MP215FAM3, STM32MP215FAN3, STM32MP215FAO3, STM32MP231AAJ3, STM32MP231AAK3, STM32MP231AAL3, STM32MP231CAJ3, STM32MP231CAK3, STM32MP231CAL3, STM32MP231DAJ3, STM32MP231DAK3, STM32MP231DAL3, STM32MP231FAJ3, STM32MP231FAK3, STM32MP231FAL3, STM32MP233AAJ3, STM32MP233AAK3, STM32MP233AAL3, STM32MP233CAJ3, STM32MP233CAK3, STM32MP233CAL3, STM32MP233DAJ3, STM32MP233DAK3, STM32MP233DAL3, STM32MP233FAJ3, STM32MP233FAK3, STM32MP233FAL3, STM32MP235AAJ3, STM32MP235AAK3, STM32MP235AAL3, STM32MP235CAJ3, STM32MP235CAK3, STM32MP235CAL3, STM32MP235DAJ3, STM32MP235DAK3, STM32MP235DAL3, STM32MP235FAJ3, STM32MP235FAK3, STM32MP235FAL3, STM32MP251AAI3, STM32MP251AAK3, STM32MP251AAL3, STM32MP251CAI3, STM32MP251CAK3, STM32MP251CAL3, STM32MP251DAI3, STM32MP251DAK3, STM32MP251DAL3, STM32MP251FAI3, STM32MP251FAK3, STM32MP251FAL3, STM32MP253AAI3, STM32MP253AAK3, STM32MP253AAL3, STM32MP253CAI3, STM32MP253CAK3, STM32MP253CAL3, STM32MP253DAI3, STM32MP253DAK3, STM32MP253DAL3, STM32MP253FAI3, STM32MP253FAK3, STM32MP253FAL3, STM32MP255AAI3, STM32MP255AAK3, STM32MP255AAL3, STM32MP255CAI3, STM32MP255CAK3, STM32MP255CAL3, STM32MP255DAI3, STM32MP255DAK3, STM32MP255DAL3, STM32MP255FAI3, STM32MP255FAK3, STM32MP255FAL3, STM32MP257AAI3, STM32MP257AAK3, STM32MP257AAL3, STM32MP257CAI3, STM32MP257CAK3, STM32MP257CAL3, STM32MP257DAI3, STM32MP257DAK3, STM32MP257DAL3, STM32MP257F-DK, STM32MP257F-EV1, STM32MP257FAI3, STM32MP257FAK3, STM32MP257FAL3, STM32N645A0H3Q, STM32N645B0H3Q, STM32N645I0H3Q, STM32N645L0H3Q, STM32N645X0H3Q, STM32N645Z0H3Q, STM32N647A0H3Q, STM32N647B0H3Q, STM32N647I0H3Q, STM32N647L0H3Q, STM32N647X0H3Q, STM32N647Z0H3Q, STM32N655A0H3Q, STM32N655B0H3Q, STM32N655I0H3Q, STM32N655L0H3Q, STM32N655X0H3Q, STM32N655Z0H3Q, STM32N6570-DK, STM32N657A0H3Q, STM32N657B0H3Q, STM32N657I0H3Q, STM32N657L0H3Q, STM32N657X0H3Q, STM32N657Z0H3Q, STM32U031C6T6, STM32U031C6U6, STM32U031C8T6, STM32U031C8U6, STM32U031F4P6, STM32U031F6P6, STM32U031F8P6, STM32U031G6Y6TR, STM32U031G8Y6TR, STM32U031K4U6, STM32U031K6U6, STM32U031K8U6, STM32U031R6I6, STM32U031R6T6, STM32U031R8I6, STM32U031R8T6, STM32U073C8T6, STM32U073C8U6, STM32U073CBT6, STM32U073CBU6, STM32U073CCT6, STM32U073CCU6, STM32U073H8Y6TR, STM32U073HBY6TR, STM32U073HCY6TR, STM32U073K8U6, STM32U073KBU6, STM32U073KCU6, STM32U073M8I6, STM32U073M8T6, STM32U073MBI6, STM32U073MBT6, STM32U073MCI6, STM32U073MCT6, STM32U073R8I6, STM32U073R8T6, STM32U073RBI6, STM32U073RBT6, STM32U073RCI6, STM32U073RCT6, STM32U083C-DK, STM32U083CCT6, STM32U083CCU6, STM32U083HCY6TR, STM32U083KCU6, STM32U083MCI6, STM32U083MCT6, STM32U083RCI6, STM32U083RCT6, STM32U375CET6, STM32U375CET6Q, STM32U375CEU6, STM32U375CEU6Q, STM32U375CEY6QTR, STM32U375CGT6, STM32U375CGT6Q, STM32U375CGU6, STM32U375CGU6Q, STM32U375CGY6QTR, STM32U375KEU6, STM32U375KGU6, STM32U375REI6, STM32U375REI6Q, STM32U375RET6, STM32U375RET6Q, STM32U375REY6GTR, STM32U375REY6QTR, STM32U375RGI6, STM32U375RGI6Q, STM32U375RGT6, STM32U375RGT6Q, STM32U375RGY6GTR, STM32U375RGY6QTR, STM32U375VEI6, STM32U375VEI6Q, STM32U375VET6, STM32U375VET6Q, STM32U375VGI6, STM32U375VGI6Q, STM32U375VGT6, STM32U375VGT6Q, STM32U385CGT6, STM32U385CGT6Q, STM32U385CGU6, STM32U385CGU6Q, STM32U385CGY6QTR, STM32U385KGU6, STM32U385RGI6, STM32U385RGI6Q, STM32U385RGT6, STM32U385RGT6Q, STM32U385RGY6GTR, STM32U385RGY6QTR, STM32U385VGI6, STM32U385VGI6Q, STM32U385VGT6, STM32U385VGT6Q, STM32U535CBT6, STM32U535CBT6Q, STM32U535CBU6, STM32U535CBU6Q, STM32U535CCT6, STM32U535CCT6Q, STM32U535CCU6, STM32U535CCU6Q, STM32U535CET6, STM32U535CET6Q, STM32U535CEU6, STM32U535CEU6Q, STM32U535JEY6QTR, STM32U535NCY6QTR, STM32U535NEY6QTR, STM32U535RBI6, STM32U535RBI6Q, STM32U535RBT6, STM32U535RBT6Q, STM32U535RCI6, STM32U535RCI6Q, STM32U535RCT6, STM32U535RCT6Q, STM32U535REI6, STM32U535REI6Q, STM32U535RET6, STM32U535RET6Q, STM32U535VCI6, STM32U535VCI6Q, STM32U535VCT6, STM32U535VCT6Q, STM32U535VEI6, STM32U535VEI6Q, STM32U535VET6, STM32U535VET6Q, STM32U545CET6, STM32U545CET6Q, STM32U545CEU6, STM32U545CEU6Q, STM32U545JEY6QTR, STM32U545NEY6QTR, STM32U545REI6, STM32U545REI6Q, STM32U545RET6, STM32U545RET6Q, STM32U545VEI6, STM32U545VEI6Q, STM32U545VET6, STM32U545VET6Q, STM32U595AIH6, STM32U595AIH6Q, STM32U595AJH6, STM32U595AJH6Q, STM32U595QII6, STM32U595QII6Q, STM32U595QJI6, STM32U595QJI6Q, STM32U595RIT6, STM32U595RIT6Q, STM32U595RJT6, STM32U595RJT6Q, STM32U595VIT6, STM32U595VIT6Q, STM32U595VJT6, STM32U595VJT6Q, STM32U595ZIT6, STM32U595ZIT6Q, STM32U595ZIY6QTR, STM32U595ZJT6, STM32U595ZJT6Q, STM32U595ZJY6QTR, STM32U599BJY6QTR, STM32U599NIH6Q, STM32U599NJH6Q, STM32U599VIT6Q, STM32U599VJT6, STM32U599VJT6Q, STM32U599ZIT6Q, STM32U599ZIY6QTR, STM32U599ZJT6Q, STM32U599ZJY6QTR, STM32U5A5AJH6, STM32U5A5AJH6Q, STM32U5A5QII3Q , STM32U5A5QJI6, STM32U5A5QJI6Q, STM32U5A5RJT6, STM32U5A5RJT6Q, STM32U5A5VJT6, STM32U5A5VJT6Q, STM32U5A5ZJT6, STM32U5A5ZJT6Q, STM32U5A5ZJY6QTR, STM32U5A9BJY6QTR, STM32U5A9J-DK, STM32U5A9NJH6Q, STM32U5A9VJT6Q, STM32U5A9ZJT6Q, STM32U5A9ZJY6QTR, STM32U5F7VIT6, STM32U5F7VIT6Q, STM32U5F7VJT6, STM32U5F7VJT6Q, STM32U5F9BJY6QTR, STM32U5F9NJH6Q, STM32U5F9VIT6Q, STM32U5F9VJT6Q, STM32U5F9ZIJ6QTR, STM32U5F9ZIT6Q, STM32U5F9ZJJ6QTR, STM32U5F9ZJT6Q, STM32U5G7VJT6, STM32U5G7VJT6Q, STM32U5G9BJY6QTR, STM32U5G9J-DK1, STM32U5G9J-DK2, STM32U5G9NJH6Q, STM32U5G9VJT6Q, STM32U5G9ZJJ6QTR, STM32U5G9ZJT6Q, STM32WB05KZV6TR, STM32WB05KZV7TR, STM32WB05TZF6TR, STM32WB05TZF7TR, STM32WB06CCF6TR, STM32WB06CCF7TR, STM32WB06CCV6TR, STM32WB06CCV7TR, STM32WB06KCV6TR, STM32WB06KCV7TR, STM32WB07CCF6TR, STM32WB07CCF7TR, STM32WB07CCV6TR, STM32WB07CCV7TR, STM32WB07KCV6TR, STM32WB07KCV7TR, STM32WB09KEV6TR, STM32WB09KEV7TR, STM32WB09TEF6TR, STM32WB09TEF7TR, STM32WB1MMCH6, STM32WBA50KGU6, STM32WBA50KGU6TR, STM32WBA52CEU6, STM32WBA52CEU6TR, STM32WBA52CEU7, STM32WBA52CEU7TR, STM32WBA52CGU6, STM32WBA52CGU6TR, STM32WBA52CGU6U, STM32WBA52CGU7, STM32WBA52CGU7TR, STM32WBA52KEU6, STM32WBA52KEU6TR, STM32WBA52KGU6, STM32WBA52KGU6TR, STM32WBA54CEU6, STM32WBA54CEU6TR, STM32WBA54CEU7, STM32WBA54CEU7TR, STM32WBA54CGU6, STM32WBA54CGU6TR, STM32WBA54CGU7, STM32WBA54CGU7TR, STM32WBA54KEU6, STM32WBA54KEU6TR, STM32WBA54KEU7, STM32WBA54KEU7TR, STM32WBA54KGU6, STM32WBA54KGU6TR, STM32WBA54KGU7, STM32WBA54KGU7TR, STM32WBA55CEU6, STM32WBA55CEU6TR, STM32WBA55CEU7, STM32WBA55CEU7TR, STM32WBA55CGU6, STM32WBA55CGU6TR, STM32WBA55CGU6U, STM32WBA55CGU7, STM32WBA55CGU7TR, STM32WBA55G-DK1, STM32WBA55HEF6, STM32WBA55HEF7, STM32WBA55HGF6, STM32WBA55HGF7, STM32WBA55UEI6, STM32WBA55UEI6TR, STM32WBA55UEI7, STM32WBA55UEI7TR, STM32WBA55UGI6, STM32WBA55UGI6TR, STM32WBA55UGI7, STM32WBA55UGI7TR, STM32WBA5MMGH6TR, STM32WBA62MGF6, STM32WBA62MIF6, STM32WBA65MGF7, STM32WBA65MIF6, STM32WBA65MIF7, STM32WL30K8V6, STM32WL30KBV6, STM32WL31C8V6, STM32WL31CBV6, STM32WL31K8V6, STM32WL31KBV6, STM32WL33C8V6, STM32WL33C8V6X, STM32WL33CBV6, STM32WL33CBV6X, STM32WL33CCV6, STM32WL33CCV6A, STM32WL33CCV6X, STM32WL33K8V7, STM32WL33K8V7X, STM32WL33KBV7 , STM32WL33KBV7X, STM32WL33KCV7, STM32WL33KCV7X, STM32WL5MOCH6, STM32WL5MOCH6TR]
2026-05-08 13:48:40,843 [INFO] BoardInfo:889 - No configuration file found for board NUCLEO-H5E5ZJ
2026-05-08 13:48:40,847 [INFO] DbBoards:161 - Board is not supported: NUCLEO-H5E5ZJ
2026-05-08 13:48:41,023 [INFO] BoardInfo:889 - No configuration file found for board NUCLEO-U3C5ZI-Q
2026-05-08 13:48:41,026 [INFO] DbBoards:161 - Board is not supported: NUCLEO-U3C5ZI-Q
2026-05-08 13:48:41,079 [INFO] BoardInfo:889 - No configuration file found for board NUCLEO-WBA25CE1
2026-05-08 13:48:41,082 [INFO] DbBoards:161 - Board is not supported: NUCLEO-WBA25CE1
2026-05-08 13:48:41,121 [INFO] BoardInfo:889 - No configuration file found for board NUCLEO-WL3RKB1
2026-05-08 13:48:41,124 [INFO] DbBoards:161 - Board is not supported: NUCLEO-WL3RKB1
2026-05-08 13:48:41,128 [INFO] BoardInfo:889 - No configuration file found for board NUCLEO-WL3RKB2
2026-05-08 13:48:41,130 [INFO] DbBoards:161 - Board is not supported: NUCLEO-WL3RKB2
2026-05-08 13:48:41,153 [INFO] BoardInfo:889 - No configuration file found for board P-NUCLEO-WB55
2026-05-08 13:48:41,155 [INFO] DbBoards:161 - Kit is not supported: P-NUCLEO-WB55
2026-05-08 13:48:41,172 [INFO] BoardInfo:889 - No configuration file found for board STEVAL-BFA001V1B
2026-05-08 13:48:41,175 [INFO] DbBoards:161 - Kit is not supported: STEVAL-BFA001V1B
2026-05-08 13:48:41,178 [INFO] BoardInfo:889 - No configuration file found for board STEVAL-BFA001V2B
2026-05-08 13:48:41,180 [INFO] DbBoards:161 - Kit is not supported: STEVAL-BFA001V2B
2026-05-08 13:48:41,475 [INFO] BoardInfo:889 - No configuration file found for board STM32H5F5J-DK
2026-05-08 13:48:41,478 [INFO] DbBoards:161 - Board is not supported: STM32H5F5J-DK
2026-05-08 13:48:41,695 [INFO] DbBoards:168 - Found 218 boards, 209 are supported
2026-05-08 13:48:41,695 [INFO] DbBoards:169 - Found 218 boards, 43 of them is supported for  Bsp
2026-05-08 13:48:41,701 [INFO] ApiDb:423 - Load user favorites file C:\Users\mocci/.stm32cubeide/favorites.boards.txt: 0 item(s)
2026-05-08 13:48:41,701 [INFO] ApiDb:427 - User favorites Boards=[]
2026-05-08 13:48:41,701 [INFO] DbBoards:198 - Set 0 / 0 favorites Boards
2026-05-08 13:48:42,732 [ERROR] TargetSelectorAdapter:267 - Unable to refresh data
2026-05-08 14:00:26,232 [INFO] WebApp:403 - JxBrowser engine has been closed 
2026-05-08 14:53:29,372 [INFO] Activator:176 - 


2026-05-08 14:53:29,375 [INFO] Activator:177 - !SESSION log4j initialized
2026-05-08 14:54:01,034 [INFO] ApplicationProperties:184 - Using Application install path: C:\Users\mocci\Documents\APC\STM32CubeIDE_1.19.0\STM32CubeIDE\plugins\com.st.stm32cube.common.mx_6.15.0.202507011659
2026-05-08 14:54:01,066 [INFO] DbMcusXml:78 - Set database path to: C:\Users\mocci\Documents\APC\STM32CubeIDE_1.19.0\STM32CubeIDE\plugins\com.st.stm32cube.common.mx_6.15.0.202507011659\\db\/mcu/
2026-05-08 14:54:01,066 [INFO] ApiDb:274 - Set plugin database path to: C:\Users\mocci\Documents\APC\STM32CubeIDE_1.19.0\STM32CubeIDE\plugins\com.st.stm32cube.common.mx_6.15.0.202507011659\\db\/plugins/boardmanager/
2026-05-08 14:54:01,066 [WARN] ApiDb:259 - Overriding images path with different value:  => C:\Users\mocci\Documents\APC\STM32CubeIDE_1.19.0\STM32CubeIDE\plugins\com.st.stm32cube.common.mx_6.15.0.202507011659\\db\/plugins/mcufinder/images/
2026-05-08 14:54:01,082 [INFO] ApiDb:250 - Set database path to: C:\Users\mocci\.stmcufinder\plugins\mcufinder//mcu/
2026-05-08 14:54:01,092 [INFO] DbMcusAds:125 - Set database path to: C:\Users\mocci\.stmcufinder\plugins\mcufinder//mcu/
2026-05-08 14:54:01,209 [INFO] CrossReferenceDbSqlite:203 - Set database path to: C:\Users\mocci\.stmcufinder\plugins\mcufinder//mcu/cs/
2026-05-08 14:54:01,377 [INFO] RulesReader:64 - Compatibility file has been processed (317 Rules)
2026-05-08 14:54:01,505 [INFO] DbMcusXml:78 - Set database path to: C:\Users\mocci\Documents\APC\STM32CubeIDE_1.19.0\STM32CubeIDE\plugins\com.st.stm32cube.common.mx_6.15.0.202507011659\\db\/mcu/
2026-05-08 14:54:01,505 [INFO] ApiDb:274 - Set plugin database path to: C:\Users\mocci\Documents\APC\STM32CubeIDE_1.19.0\STM32CubeIDE\plugins\com.st.stm32cube.common.mx_6.15.0.202507011659\\db\/plugins/boardmanager/
2026-05-08 14:54:01,505 [INFO] ApiDb:261 - Set plugin images path to: C:\Users\mocci\Documents\APC\STM32CubeIDE_1.19.0\STM32CubeIDE\plugins\com.st.stm32cube.common.mx_6.15.0.202507011659\\db\/plugins/mcufinder/images/
2026-05-08 14:54:01,505 [WARN] DbFile:41 - Overriding database path with different value: C:\Users\mocci\.stmcufinder\plugins\mcufinder/ => C:\Users\mocci\.stmcufinder\plugins\mcufinder
2026-05-08 14:54:01,505 [INFO] ApiDb:250 - Set database path to: C:\Users\mocci\.stmcufinder\plugins\mcufinder//mcu/
2026-05-08 14:54:01,505 [WARN] DbFile:41 - Overriding database path with different value: C:\Users\mocci\.stmcufinder\plugins\mcufinder/ => C:\Users\mocci\.stmcufinder\plugins\mcufinder
2026-05-08 14:54:01,505 [INFO] DbMcusAds:125 - Set database path to: C:\Users\mocci\.stmcufinder\plugins\mcufinder//mcu/
2026-05-08 14:54:01,505 [WARN] DbFile:41 - Overriding database path with different value: C:\Users\mocci\.stmcufinder\plugins\mcufinder/ => C:\Users\mocci\.stmcufinder\plugins\mcufinder
2026-05-08 14:54:01,505 [WARN] DbFile:41 - Overriding database path with different value: C:\Users\mocci\.stmcufinder\plugins\mcufinder/ => C:\Users\mocci\.stmcufinder\plugins\mcufinder
2026-05-08 14:54:01,505 [INFO] CrossReferenceDbSqlite:203 - Set database path to: C:\Users\mocci\.stmcufinder\plugins\mcufinder//mcu/cs/
2026-05-08 14:54:01,713 [INFO] MainPanel:274 - HeapMemory: 268435456
2026-05-08 14:54:01,988 [INFO] DbMcusXml:78 - Set database path to: C:\Users\mocci\Documents\APC\STM32CubeIDE_1.19.0\STM32CubeIDE\plugins\com.st.stm32cube.common.mx_6.15.0.202507011659\\db\/mcu/
2026-05-08 14:54:01,988 [INFO] ApiDb:274 - Set plugin database path to: C:\Users\mocci\Documents\APC\STM32CubeIDE_1.19.0\STM32CubeIDE\plugins\com.st.stm32cube.common.mx_6.15.0.202507011659\\db\/plugins/boardmanager/
2026-05-08 14:54:01,988 [INFO] ApiDb:261 - Set plugin images path to: C:\Users\mocci\Documents\APC\STM32CubeIDE_1.19.0\STM32CubeIDE\plugins\com.st.stm32cube.common.mx_6.15.0.202507011659\\db\/plugins/mcufinder/images/
2026-05-08 14:54:01,988 [WARN] DbFile:41 - Overriding database path with different value: C:\Users\mocci\.stmcufinder\plugins\mcufinder/ => C:\Users\mocci\.stmcufinder\plugins\mcufinder
2026-05-08 14:54:02,004 [INFO] ApiDb:250 - Set database path to: C:\Users\mocci\.stmcufinder\plugins\mcufinder//mcu/
2026-05-08 14:54:02,004 [WARN] DbFile:41 - Overriding database path with different value: C:\Users\mocci\.stmcufinder\plugins\mcufinder/ => C:\Users\mocci\.stmcufinder\plugins\mcufinder
2026-05-08 14:54:02,004 [INFO] DbMcusAds:125 - Set database path to: C:\Users\mocci\.stmcufinder\plugins\mcufinder//mcu/
2026-05-08 14:54:02,004 [WARN] DbFile:41 - Overriding database path with different value: C:\Users\mocci\.stmcufinder\plugins\mcufinder/ => C:\Users\mocci\.stmcufinder\plugins\mcufinder
2026-05-08 14:54:02,004 [WARN] DbFile:41 - Overriding database path with different value: C:\Users\mocci\.stmcufinder\plugins\mcufinder/ => C:\Users\mocci\.stmcufinder\plugins\mcufinder
2026-05-08 14:54:02,004 [INFO] CrossReferenceDbSqlite:203 - Set database path to: C:\Users\mocci\.stmcufinder\plugins\mcufinder//mcu/cs/
2026-05-08 14:54:02,025 [INFO] ApplicationProperties:184 - Using Application install path: C:\Users\mocci\Documents\APC\STM32CubeIDE_1.19.0\STM32CubeIDE\plugins\com.st.stm32cube.common.mx_6.15.0.202507011659
2026-05-08 14:54:02,025 [INFO] PluginManage:196 - Search for loadable plugins [exclusion list=, ]
2026-05-08 14:54:02,028 [INFO] PluginManage:310 - Check plugin analytics
2026-05-08 14:54:02,393 [INFO] AnalyticsPlugin:253 - Accepted Software Licenses: 
2026-05-08 14:54:02,393 [INFO] AnalyticsPlugin:255 - Accepted CMSIS Pack Licenses: 
2026-05-08 14:54:02,393 [INFO] AnalyticsPlugin:257 - Accepted Firmware Licenses: FW.F4.1.28.0
2026-05-08 14:54:02,396 [INFO] PluginManage:359 - Loaded plugin analytics (category:tool,tabindex:-1)
2026-05-08 14:54:02,400 [INFO] PluginManage:310 - Check plugin cadmodel
2026-05-08 14:54:02,400 [INFO] CADModel:105 - Init CAD model plugin
2026-05-08 14:54:02,400 [INFO] PluginManage:359 - Loaded plugin cadmodel (category:power,tabindex:5)
2026-05-08 14:54:02,400 [INFO] PluginManage:310 - Check plugin clock
2026-05-08 14:54:02,423 [INFO] PluginManage:359 - Loaded plugin clock (category:base,tabindex:2)
2026-05-08 14:54:02,423 [INFO] PluginManage:310 - Check plugin ddr
2026-05-08 14:54:02,432 [INFO] PluginManage:359 - Loaded plugin ddr (category:tool,tabindex:6)
2026-05-08 14:54:02,432 [INFO] PluginManage:310 - Check plugin filemanager
2026-05-08 14:54:02,614 [INFO] PluginManage:359 - Loaded plugin filemanager (category:base,tabindex:10)
2026-05-08 14:54:02,614 [INFO] PluginManage:310 - Check plugin ipmanager
2026-05-08 14:54:02,622 [INFO] PluginManage:359 - Loaded plugin ipmanager (category:base,tabindex:5)
2026-05-08 14:54:02,622 [INFO] PluginManage:310 - Check plugin lpbam
2026-05-08 14:54:02,628 [INFO] PluginManage:359 - Loaded plugin lpbam (category:base,tabindex:0)
2026-05-08 14:54:02,628 [INFO] PluginManage:310 - Check plugin memorymap
2026-05-08 14:54:02,657 [INFO] PluginManage:359 - Loaded plugin memorymap (category:base,tabindex:4)
2026-05-08 14:54:02,657 [INFO] PluginManage:310 - Check plugin pinoutandconfiguration
2026-05-08 14:54:02,673 [INFO] PluginManage:359 - Loaded plugin pinoutandconfiguration (category:base,tabindex:1)
2026-05-08 14:54:02,673 [INFO] PluginManage:310 - Check plugin pinoutconfig
2026-05-08 14:54:02,923 [WARN] SupportedApi:132 - Cannot load RTOS API schema: s4s-elt-must-match.1: The content of 'definitions' must match (annotation?, (simpleType | complexType)?, (unique | key | keyref)*)). A problem was found starting at: attribute.
2026-05-08 14:54:03,157 [INFO] PluginManage:359 - Loaded plugin pinoutconfig (category:base,tabindex:0)
2026-05-08 14:54:03,157 [INFO] PluginManage:310 - Check plugin power
2026-05-08 14:54:03,165 [INFO] PluginManage:359 - Loaded plugin power (category:power,tabindex:4)
2026-05-08 14:54:03,165 [INFO] PluginManage:310 - Check plugin projectmanager
2026-05-08 14:54:03,187 [INFO] PluginManage:359 - Loaded plugin projectmanager (category:projectmanager,tabindex:4)
2026-05-08 14:54:03,187 [INFO] PluginManage:310 - Check plugin rif
2026-05-08 14:54:03,212 [INFO] PluginManage:359 - Loaded plugin rif (category:base,tabindex:3)
2026-05-08 14:54:03,212 [INFO] PluginManage:310 - Check plugin thirdparty
2026-05-08 14:54:03,401 [INFO] PluginManage:359 - Loaded plugin thirdparty (category:base,tabindex:-1)
2026-05-08 14:54:03,386 [WARN] IntegrityCheckThread:84 - waiting for thirdparty lock release [integrity check]
2026-05-08 14:54:03,401 [INFO] IntegrityCheckThread:86 - entering critical section [integrity check]
2026-05-08 14:54:03,401 [INFO] PluginManage:310 - Check plugin tools
2026-05-08 14:54:03,401 [INFO] ThirdPartyUpdaterWithRetryManager:70 - Updater plugin not ready yet. [1/15]
2026-05-08 14:54:03,401 [INFO] PluginManage:359 - Loaded plugin tools (category:base,tabindex:7)
2026-05-08 14:54:03,401 [INFO] PluginManage:310 - Check plugin tutovideos
2026-05-08 14:54:03,751 [INFO] PluginManage:359 - Loaded plugin tutovideos (category:base,tabindex:-1)
2026-05-08 14:54:03,751 [INFO] PluginManage:310 - Check plugin updater
2026-05-08 14:54:03,780 [INFO] PluginManage:359 - Loaded plugin updater (category:base,tabindex:12)
2026-05-08 14:54:03,780 [INFO] PluginManage:310 - Check plugin userauth
2026-05-08 14:54:03,781 [INFO] UserAuth:118 - Init User Auth plugin
2026-05-08 14:54:03,781 [INFO] PluginManage:359 - Loaded plugin userauth (category:base,tabindex:14)
2026-05-08 14:54:03,787 [INFO] PluginManage:283 - PluginManage : Loaded plugins [18]
2026-05-08 14:54:04,061 [INFO] PinOutPanel:1589 - setPackage(No Configuration,No Configuration)
2026-05-08 14:54:04,161 [INFO] CADModel:165 - CPN selected for project level
2026-05-08 14:54:04,161 [INFO] CADModel:114 - Register for checkConnection events
2026-05-08 14:54:04,190 [INFO] IPUIPlugin:80 - create IPUIPlugin
2026-05-08 14:54:04,190 [INFO] PluginManager:220 - loadIPPluginJar : add adc
2026-05-08 14:54:04,190 [INFO] IPUIPlugin:80 - create IPUIPlugin
2026-05-08 14:54:04,190 [INFO] PluginManager:220 - loadIPPluginJar : add aes
2026-05-08 14:54:04,190 [INFO] IPUIPlugin:80 - create IPUIPlugin
2026-05-08 14:54:04,190 [INFO] PluginManager:220 - loadIPPluginJar : add can
2026-05-08 14:54:04,204 [INFO] IPUIPlugin:80 - create IPUIPlugin
2026-05-08 14:54:04,204 [INFO] PluginManager:220 - loadIPPluginJar : add comp
2026-05-08 14:54:04,204 [INFO] IPUIPlugin:80 - create IPUIPlugin
2026-05-08 14:54:04,204 [INFO] PluginManager:220 - loadIPPluginJar : add cryp
2026-05-08 14:54:04,204 [INFO] IPUIPlugin:80 - create IPUIPlugin
2026-05-08 14:54:04,204 [INFO] PluginManager:220 - loadIPPluginJar : add ddr_ctrl_phy
2026-05-08 14:54:04,219 [INFO] IPUIPlugin:80 - create IPUIPlugin
2026-05-08 14:54:04,219 [INFO] PluginManager:220 - loadIPPluginJar : add dfsdm
2026-05-08 14:54:04,229 [INFO] IPUIPlugin:80 - create IPUIPlugin
2026-05-08 14:54:04,231 [INFO] PluginManager:220 - loadIPPluginJar : add dma
2026-05-08 14:54:04,235 [INFO] IPUIPlugin:80 - create IPUIPlugin
2026-05-08 14:54:04,235 [INFO] PluginManager:220 - loadIPPluginJar : add dma3
2026-05-08 14:54:04,235 [INFO] IPUIPlugin:80 - create IPUIPlugin
2026-05-08 14:54:04,235 [INFO] PluginManager:220 - loadIPPluginJar : add extmemmanager
2026-05-08 14:54:04,242 [INFO] IPUIPlugin:80 - create IPUIPlugin
2026-05-08 14:54:04,242 [INFO] PluginManager:220 - loadIPPluginJar : add fatfs
2026-05-08 14:54:04,247 [INFO] IPUIPlugin:80 - create IPUIPlugin
2026-05-08 14:54:04,247 [INFO] PluginManager:220 - loadIPPluginJar : add fmc
2026-05-08 14:54:04,260 [INFO] IPUIPlugin:80 - create IPUIPlugin
2026-05-08 14:54:04,260 [INFO] PluginManager:220 - loadIPPluginJar : add freertos
2026-05-08 14:54:04,262 [INFO] IPUIPlugin:80 - create IPUIPlugin
2026-05-08 14:54:04,262 [INFO] PluginManager:220 - loadIPPluginJar : add genericplugin
2026-05-08 14:54:04,266 [INFO] IPUIPlugin:80 - create IPUIPlugin
2026-05-08 14:54:04,266 [INFO] PluginManager:220 - loadIPPluginJar : add gfxmmu
2026-05-08 14:54:04,267 [INFO] IPUIPlugin:80 - create IPUIPlugin
2026-05-08 14:54:04,274 [INFO] PluginManager:220 - loadIPPluginJar : add gic
2026-05-08 14:54:04,279 [INFO] IPUIPlugin:80 - create IPUIPlugin
2026-05-08 14:54:04,279 [INFO] PluginManager:220 - loadIPPluginJar : add gpio
2026-05-08 14:54:04,290 [INFO] IPUIPlugin:80 - create IPUIPlugin
2026-05-08 14:54:04,290 [INFO] PluginManager:220 - loadIPPluginJar : add gtzc
2026-05-08 14:54:04,297 [INFO] IPUIPlugin:80 - create IPUIPlugin
2026-05-08 14:54:04,297 [INFO] PluginManager:220 - loadIPPluginJar : add hash
2026-05-08 14:54:04,299 [INFO] IPUIPlugin:80 - create IPUIPlugin
2026-05-08 14:54:04,299 [INFO] PluginManager:220 - loadIPPluginJar : add i2c
2026-05-08 14:54:04,299 [INFO] IPUIPlugin:80 - create IPUIPlugin
2026-05-08 14:54:04,299 [INFO] PluginManager:220 - loadIPPluginJar : add i2s
2026-05-08 14:54:04,299 [INFO] IPUIPlugin:80 - create IPUIPlugin
2026-05-08 14:54:04,299 [INFO] PluginManager:220 - loadIPPluginJar : add i3c
2026-05-08 14:54:04,315 [INFO] IPUIPlugin:80 - create IPUIPlugin
2026-05-08 14:54:04,315 [INFO] PluginManager:220 - loadIPPluginJar : add ipddr
2026-05-08 14:54:04,325 [INFO] IPUIPlugin:80 - create IPUIPlugin
2026-05-08 14:54:04,325 [INFO] PluginManager:220 - loadIPPluginJar : add linkedlist
2026-05-08 14:54:04,331 [INFO] IPUIPlugin:80 - create IPUIPlugin
2026-05-08 14:54:04,331 [INFO] PluginManager:220 - loadIPPluginJar : add lorawan
2026-05-08 14:54:04,331 [INFO] IPUIPlugin:80 - create IPUIPlugin
2026-05-08 14:54:04,331 [INFO] PluginManager:220 - loadIPPluginJar : add ltdc
2026-05-08 14:54:04,344 [INFO] IPUIPlugin:80 - create IPUIPlugin
2026-05-08 14:54:04,344 [INFO] PluginManager:220 - loadIPPluginJar : add mdma
2026-05-08 14:54:04,347 [INFO] IPUIPlugin:80 - create IPUIPlugin
2026-05-08 14:54:04,347 [INFO] PluginManager:220 - loadIPPluginJar : add nvic
2026-05-08 14:54:04,354 [INFO] IPUIPlugin:80 - create IPUIPlugin
2026-05-08 14:54:04,354 [INFO] PluginManager:220 - loadIPPluginJar : add opamp
2026-05-08 14:54:04,360 [INFO] IPUIPlugin:80 - create IPUIPlugin
2026-05-08 14:54:04,360 [INFO] PluginManager:220 - loadIPPluginJar : add openamp
2026-05-08 14:54:04,363 [INFO] IPUIPlugin:80 - create IPUIPlugin
2026-05-08 14:54:04,363 [INFO] PluginManager:220 - loadIPPluginJar : add pdm2pcm
2026-05-08 14:54:04,374 [INFO] IPUIPlugin:80 - create IPUIPlugin
2026-05-08 14:54:04,377 [INFO] PluginManager:220 - loadIPPluginJar : add plateformsettings
2026-05-08 14:54:04,380 [INFO] IPUIPlugin:80 - create IPUIPlugin
2026-05-08 14:54:04,380 [INFO] PluginManager:220 - loadIPPluginJar : add quadspi
2026-05-08 14:54:04,381 [INFO] IPUIPlugin:80 - create IPUIPlugin
2026-05-08 14:54:04,386 [INFO] PluginManager:220 - loadIPPluginJar : add radio
2026-05-08 14:54:04,388 [INFO] IPUIPlugin:80 - create IPUIPlugin
2026-05-08 14:54:04,388 [INFO] PluginManager:220 - loadIPPluginJar : add resmgrutility
2026-05-08 14:54:04,393 [INFO] IPUIPlugin:80 - create IPUIPlugin
2026-05-08 14:54:04,393 [INFO] PluginManager:220 - loadIPPluginJar : add sai
2026-05-08 14:54:04,397 [INFO] IPUIPlugin:80 - create IPUIPlugin
2026-05-08 14:54:04,397 [INFO] PluginManager:220 - loadIPPluginJar : add spi
2026-05-08 14:54:04,406 [INFO] IPUIPlugin:80 - create IPUIPlugin
2026-05-08 14:54:04,406 [INFO] PluginManager:220 - loadIPPluginJar : add stm32_wpan
2026-05-08 14:54:04,409 [INFO] IPUIPlugin:80 - create IPUIPlugin
2026-05-08 14:54:04,409 [INFO] PluginManager:220 - loadIPPluginJar : add tim
2026-05-08 14:54:04,413 [INFO] IPUIPlugin:80 - create IPUIPlugin
2026-05-08 14:54:04,413 [INFO] PluginManager:220 - loadIPPluginJar : add touchsensing
2026-05-08 14:54:04,418 [INFO] IPUIPlugin:80 - create IPUIPlugin
2026-05-08 14:54:04,418 [INFO] PluginManager:220 - loadIPPluginJar : add tracer_emb
2026-05-08 14:54:04,420 [INFO] IPUIPlugin:80 - create IPUIPlugin
2026-05-08 14:54:04,420 [INFO] PluginManager:220 - loadIPPluginJar : add ts
2026-05-08 14:54:04,422 [INFO] IPUIPlugin:80 - create IPUIPlugin
2026-05-08 14:54:04,424 [INFO] PluginManager:220 - loadIPPluginJar : add tsc
2026-05-08 14:54:04,427 [INFO] IPUIPlugin:80 - create IPUIPlugin
2026-05-08 14:54:04,427 [INFO] PluginManager:220 - loadIPPluginJar : add ucpd
2026-05-08 14:54:04,431 [INFO] IPUIPlugin:80 - create IPUIPlugin
2026-05-08 14:54:04,431 [INFO] PluginManager:220 - loadIPPluginJar : add usart
2026-05-08 14:54:04,436 [INFO] IPUIPlugin:80 - create IPUIPlugin
2026-05-08 14:54:04,436 [INFO] PluginManager:220 - loadIPPluginJar : add usbx
2026-05-08 14:54:04,564 [FATAL] Updater:351 - Updater called before beeing initialized
2026-05-08 14:54:04,610 [INFO] RulesReader:64 - Compatibility file has been processed (317 Rules)
2026-05-08 14:54:04,620 [INFO] RulesReader:64 - Compatibility file has been processed (317 Rules)
2026-05-08 14:54:04,626 [INFO] CADModel:165 - CPN selected for project level
2026-05-08 14:54:04,626 [INFO] CADModel:114 - Register for checkConnection events
2026-05-08 14:54:04,626 [FATAL] Updater:351 - Updater called before beeing initialized
2026-05-08 14:54:04,626 [ERROR] CADModel:125 - Updater not yet initialized, retry later 
2026-05-08 14:54:04,827 [FATAL] Updater:351 - Updater called before beeing initialized
2026-05-08 14:54:04,830 [INFO] CADModel:165 - CPN selected for project level
2026-05-08 14:54:04,830 [INFO] CADModel:114 - Register for checkConnection events
2026-05-08 14:54:04,830 [FATAL] Updater:351 - Updater called before beeing initialized
2026-05-08 14:54:04,830 [ERROR] CADModel:125 - Updater not yet initialized, retry later 
2026-05-08 14:54:04,834 [FATAL] Updater:351 - Updater called before beeing initialized
2026-05-08 14:54:05,052 [FATAL] Updater:351 - Updater called before beeing initialized
2026-05-08 14:54:05,052 [INFO] DbMcusAds:53 - JSON generation date=Mon Apr 27 10:14:29 CEST 2026 (1777277669577)
2026-05-08 14:54:05,052 [FATAL] Updater:351 - Updater called before beeing initialized
2026-05-08 14:54:05,123 [WARN] DetailPanel:346 - Failed to get advertising image, set to default
2026-05-08 14:54:05,200 [FATAL] Updater:351 - Updater called before beeing initialized
2026-05-08 14:54:05,200 [FATAL] Updater:351 - Updater called before beeing initialized
2026-05-08 14:54:05,200 [FATAL] Updater:351 - Updater called before beeing initialized
2026-05-08 14:54:05,200 [WARN] DetailPanel:346 - Failed to get advertising image, set to default
2026-05-08 14:54:05,200 [FATAL] Updater:351 - Updater called before beeing initialized
2026-05-08 14:54:05,248 [ERROR] Updater:1198 - MainUpdater not yet initialized. External WinMGr cannot be set.
2026-05-08 14:54:05,250 [INFO] Updater:1134 - Updater Version found : 6.15.0
2026-05-08 14:54:05,273 [INFO] ApplicationProperties:184 - Using Application install path: C:\Users\mocci\Documents\APC\STM32CubeIDE_1.19.0\STM32CubeIDE\plugins\com.st.stm32cube.common.mx_6.15.0.202507011659
2026-05-08 14:54:05,698 [INFO] MainUpdater:2872 - connection check result : 10
2026-05-08 14:54:05,698 [INFO] MainUpdater:289 - Updater Check For Update Now.
2026-05-08 14:54:05,698 [INFO] MicroXplorer:498 - Change Database Version : DB.6.0.150
2026-05-08 14:54:05,915 [INFO] CheckServerUpdateThread:120 - End of CheckServer Thread
2026-05-08 14:54:05,935 [INFO] MainUpdater:2872 - connection check result : 10
2026-05-08 14:54:05,935 [INFO] MainUpdater:2872 - connection check result : 10
2026-05-08 14:54:06,055 [INFO] MicroXplorer:468 - Change Database Path : 
2026-05-08 14:54:06,055 [INFO] MicroXplorer:498 - Change Database Version : DB.6.0.150
2026-05-08 14:54:06,077 [WARN] ThirdParty:871 - waiting for thirdparty lock release [close project]
2026-05-08 14:54:06,697 [WARN] PackLoader:240 - Cannot read IP mode file for STMicroelectronics.X-CUBE-AZRTOS-H7.3.5.0
2026-05-08 14:54:06,705 [WARN] PackLoader:240 - Cannot read IP mode file for STMicroelectronics.FP-ATR-ASTRA1.2.0.2
2026-05-08 14:54:06,720 [WARN] PackLoader:240 - Cannot read IP mode file for STMicroelectronics.X-CUBE-SMBUS.2.1.0
2026-05-08 14:54:06,744 [WARN] PackLoader:240 - Cannot read IP mode file for STMicroelectronics.X-CUBE-AZRTOS-F7.1.1.0
2026-05-08 14:54:06,750 [WARN] PackLoader:240 - Cannot read IP mode file for STMicroelectronics.FP-SNS-MOTENV1.5.1.0
2026-05-08 14:54:06,766 [WARN] PackLoader:240 - Cannot read IP mode file for WES.I-CUBE-Cesium.1.4.0
2026-05-08 14:54:06,774 [WARN] PackLoader:240 - Cannot read IP mode file for STMicroelectronics.X-CUBE-DISPLAY.3.0.0
2026-05-08 14:54:06,784 [WARN] PackLoader:240 - Cannot read IP mode file for STMicroelectronics.X-CUBE-GNSS1.7.1.1
2026-05-08 14:54:06,793 [WARN] PackLoader:240 - Cannot read IP mode file for STMicroelectronics.FP-SNS-MOTENVWB1.1.5.0
2026-05-08 14:54:06,801 [WARN] PackLoader:240 - Cannot read IP mode file for STMicroelectronics.X-CUBE-NFC10.1.0.0
2026-05-08 14:54:06,803 [WARN] PackLoader:240 - Cannot read IP mode file for STMicroelectronics.X-CUBE-ST60.1.1.0
2026-05-08 14:54:06,815 [WARN] PackLoader:240 - Cannot read IP mode file for emotas.I-CUBE-CANOPEN.1.3.0
2026-05-08 14:54:06,819 [WARN] PackLoader:240 - Cannot read IP mode file for STMicroelectronics.X-CUBE-GNSS1.7.1.0
2026-05-08 14:54:06,829 [WARN] PackLoader:240 - Cannot read IP mode file for STMicroelectronics.FP-SNS-STBOX1.2.1.0
2026-05-08 14:54:06,835 [WARN] PackLoader:240 - Cannot read IP mode file for STMicroelectronics.FP-SNS-SMARTAG2.1.2.0
2026-05-08 14:54:06,837 [WARN] PackLoader:240 - Cannot read IP mode file for STMicroelectronics.FP-SNS-FLIGHT1.5.1.0
2026-05-08 14:54:06,848 [INFO] LogOutputStream:77 - [STDOUT_REDIRECT] 1 : Invalid condition id : UX_CORESTACK_Condition cause : null
2026-05-08 14:54:06,848 [INFO] LogOutputStream:77 - [STDOUT_REDIRECT] 1 : Invalid condition id : UX_CORESTACK_Condition cause : null
2026-05-08 14:54:06,848 [INFO] LogOutputStream:77 - [STDOUT_REDIRECT] 1 : Invalid condition id : UX_CORESTACK_Condition cause : null
2026-05-08 14:54:06,848 [INFO] LogOutputStream:77 - [STDOUT_REDIRECT] 1 : Invalid condition id : UX_CORESTACK_Condition cause : null
2026-05-08 14:54:06,848 [INFO] LogOutputStream:77 - [STDOUT_REDIRECT] 1 : Invalid condition id : UX_CORESTACK_Condition cause : null
2026-05-08 14:54:06,854 [WARN] PackLoader:240 - Cannot read IP mode file for STMicroelectronics.X-CUBE-AZRTOS-WL.2.0.0
2026-05-08 14:54:06,869 [WARN] PackLoader:240 - Cannot read IP mode file for STMicroelectronics.X-CUBE-AZRTOS-H7RS.1.2.0
2026-05-08 14:54:06,876 [WARN] PackLoader:240 - Cannot read IP mode file for STMicroelectronics.X-CUBE-BLE2.3.3.0
2026-05-08 14:54:06,902 [WARN] PackLoader:240 - Cannot read IP mode file for Infineon.AIROC-Wi-Fi-Bluetooth-STM32.1.8.0
2026-05-08 14:54:06,911 [WARN] PackLoader:240 - Cannot read IP mode file for STMicroelectronics.X-CUBE-NFC9.1.0.0
2026-05-08 14:54:06,918 [WARN] PackLoader:240 - Cannot read IP mode file for STMicroelectronics.X-CUBE-BLE1.7.1.0
2026-05-08 14:54:06,923 [WARN] PackLoader:240 - Cannot read IP mode file for wolfSSL.I-CUBE-wolfMQTT.1.19.2
2026-05-08 14:54:06,929 [WARN] PackLoader:240 - Cannot read IP mode file for STMicroelectronics.X-CUBE-EEPRMA1.5.2.0
2026-05-08 14:54:06,935 [WARN] PackLoader:240 - Cannot read IP mode file for wolfSSL.I-CUBE-wolfSSL.5.8.4
2026-05-08 14:54:06,939 [WARN] PackLoader:240 - Cannot read IP mode file for STMicroelectronics.FP-SNS-STAIOTCFT.1.1.0
2026-05-08 14:54:06,971 [WARN] PackLoader:240 - Cannot read IP mode file for STMicroelectronics.X-CUBE-MEMS1.12.0.0
2026-05-08 14:54:07,048 [WARN] PackLoader:240 - Cannot read IP mode file for STMicroelectronics.X-CUBE-AZRTOS-G0.1.1.0
2026-05-08 14:54:07,054 [WARN] PackLoader:240 - Cannot read IP mode file for STMicroelectronics.X-CUBE-NFC4.3.0.0
2026-05-08 14:54:07,060 [WARN] PackLoader:240 - Cannot read IP mode file for EmbeddedOffice.I-CUBE-FS-RTOS.1.0.1
2026-05-08 14:54:07,062 [WARN] PackLoader:240 - Cannot read IP mode file for wolfSSL.I-CUBE-wolfTPM.3.8.0
2026-05-08 14:54:07,069 [WARN] PackLoader:240 - Cannot read IP mode file for STMicroelectronics.X-CUBE-TCPP.4.2.0
2026-05-08 14:54:07,074 [WARN] PackLoader:240 - Cannot read IP mode file for RealThread.X-CUBE-RT-Thread_Nano.4.1.1
2026-05-08 14:54:07,076 [WARN] PackLoader:240 - Cannot read IP mode file for STMicroelectronics.FP-ATR-SIGFOX1.3.2.0
2026-05-08 14:54:07,083 [WARN] PackLoader:240 - Cannot read IP mode file for STMicroelectronics.X-CUBE-FREERTOS.1.5.0
2026-05-08 14:54:07,089 [WARN] PackLoader:240 - Cannot read IP mode file for ITTIA_DB.I-CUBE-ITTIADB.8.9.0
2026-05-08 14:54:07,089 [WARN] PackLoader:240 - Cannot read IP mode file for Cesanta.I-CUBE-Mongoose.7.21.0
2026-05-08 14:54:07,097 [WARN] PackLoader:240 - Cannot read IP mode file for STMicroelectronics.X-CUBE-NFC6.3.2.0
2026-05-08 14:54:07,104 [WARN] PackLoader:240 - Cannot read IP mode file for STMicroelectronics.X-CUBE-AI.10.2.0
2026-05-08 14:54:07,128 [WARN] PackLoader:240 - Cannot read IP mode file for STMicroelectronics.X-CUBE-MEMS1.12.1.0
2026-05-08 14:54:07,232 [WARN] PackLoader:240 - Cannot read IP mode file for SEGGER.I-CUBE-embOS.1.3.1
2026-05-08 14:54:07,256 [WARN] PackLoader:240 - Cannot read IP mode file for STMicroelectronics.X-CUBE-ALGOBUILD.1.4.0
2026-05-08 14:54:07,261 [WARN] PackLoader:240 - Cannot read IP mode file for STMicroelectronics.X-CUBE-PM33A1.1.0.0
2026-05-08 14:54:07,272 [WARN] PackLoader:240 - Cannot read IP mode file for STMicroelectronics.X-CUBE-AZRTOS-F4.1.1.0
2026-05-08 14:54:07,278 [WARN] PackLoader:240 - Cannot read IP mode file for STMicroelectronics.X-CUBE-ISPU.2.1.0
2026-05-08 14:54:07,287 [WARN] PackLoader:240 - Cannot read IP mode file for STMicroelectronics.X-CUBE-IPS.3.2.0
2026-05-08 14:54:07,293 [WARN] PackLoader:240 - Cannot read IP mode file for STMicroelectronics.eDS-WB_DPC_TT-BIDIR.2.1.1
2026-05-08 14:54:07,293 [WARN] PackLoader:240 - Cannot read IP mode file for STMicroelectronics.X-CUBE-NFC12.1.0.0
2026-05-08 14:54:07,305 [WARN] PackLoader:240 - Cannot read IP mode file for STMicroelectronics.X-CUBE-AZRTOS-L5.2.0.0
2026-05-08 14:54:07,305 [WARN] PackLoader:240 - Cannot read IP mode file for STMicroelectronics.eDS-WB_DPC_VIENNA.1.2.0
2026-05-08 14:54:07,319 [WARN] PackLoader:240 - Cannot read IP mode file for STMicroelectronics.eDS-WB_DPC_3PH2L-BIDIR.1.1.1
2026-05-08 14:54:07,319 [ERROR] Engine:466 - C:\Users\mocci\.stm32cubemx\thirdparties\pdsc\STMicroelectronics.X-CUBE-ST67W61.1.3.0.pdsc: PDSC version is not supported
2026-05-08 14:54:07,326 [WARN] PackLoader:240 - Cannot read IP mode file for STMicroelectronics.X-CUBE-TOUCHGFX.4.26.1
2026-05-08 14:54:07,328 [WARN] PackLoader:240 - Cannot read IP mode file for STMicroelectronics.FP-SNS-STAIOTCFT.1.0.0
2026-05-08 14:54:07,345 [WARN] PackLoader:240 - Cannot read IP mode file for STMicroelectronics.X-CUBE-DPower.1.3.0
2026-05-08 14:54:07,354 [WARN] ConditionMgr:438 - getConditionDescription Invalid condition id : LAN8742 Phy interface Condition cause : null
2026-05-08 14:54:07,354 [WARN] PackLoader:240 - Cannot read IP mode file for STMicroelectronics.X-CUBE-AZRTOS-L4.2.0.0
2026-05-08 14:54:07,357 [WARN] ConditionMgr:1044 - genDependencies : Invalid condition id : LAN8742 Phy interface Condition cause : null
2026-05-08 14:54:07,357 [WARN] ConditionMgr:1044 - genDependencies : Invalid condition id : LAN8742 Phy interface Condition cause : null
2026-05-08 14:54:07,357 [WARN] ConditionMgr:1044 - genDependencies : Invalid condition id : LAN8742 Phy interface Condition cause : null
2026-05-08 14:54:07,360 [WARN] PackLoader:240 - Cannot read IP mode file for STMicroelectronics.X-CUBE-SFXS2LP1.4.0.0
2026-05-08 14:54:07,367 [WARN] PackLoader:240 - Cannot read IP mode file for STMicroelectronics.X-CUBE-WB05N.2.1.0
2026-05-08 14:54:07,373 [WARN] PackLoader:240 - Cannot read IP mode file for STMicroelectronics.X-CUBE-ST67W61.1.2.0
2026-05-08 14:54:07,373 [WARN] PackLoader:240 - Cannot read IP mode file for STMicroelectronics.X-CUBE-BLEMGR.4.1.0
2026-05-08 14:54:07,391 [WARN] ConditionMgr:438 - getConditionDescription Invalid condition id : UX DEVICE CLASS RTOS Condition cause : null
2026-05-08 14:54:07,391 [WARN] ConditionMgr:438 - getConditionDescription Invalid condition id : UX DEVICE CLASS RTOS Condition cause : null
2026-05-08 14:54:07,393 [WARN] PackLoader:240 - Cannot read IP mode file for STMicroelectronics.X-CUBE-AZRTOS-WB.2.0.0
2026-05-08 14:54:07,393 [WARN] ConditionMgr:1044 - genDependencies : Invalid condition id : UX DEVICE CLASS RTOS Condition cause : null
2026-05-08 14:54:07,393 [WARN] ConditionMgr:1044 - genDependencies : Invalid condition id : UX DEVICE CLASS RTOS Condition cause : null
2026-05-08 14:54:07,393 [WARN] ConditionMgr:1044 - genDependencies : Invalid condition id : UX DEVICE CLASS RTOS Condition cause : null
2026-05-08 14:54:07,393 [WARN] ConditionMgr:1044 - genDependencies : Invalid condition id : UX DEVICE CLASS RTOS Condition cause : null
2026-05-08 14:54:07,393 [WARN] ConditionMgr:1044 - genDependencies : Invalid condition id : UX DEVICE CLASS RTOS Condition cause : null
2026-05-08 14:54:07,396 [WARN] ConditionMgr:438 - getConditionDescription Invalid condition id : Cortex-A Device cause : null
2026-05-08 14:54:07,405 [WARN] ConditionMgr:1044 - genDependencies : Invalid condition id : Cortex-A Device cause : null
2026-05-08 14:54:07,405 [WARN] ConditionMgr:1044 - genDependencies : Invalid condition id : Cortex-A Device cause : null
2026-05-08 14:54:07,405 [WARN] ConditionMgr:1044 - genDependencies : Invalid condition id : Cortex-A Device cause : null
2026-05-08 14:54:07,407 [WARN] PackLoader:240 - Cannot read IP mode file for STMicroelectronics.X-CUBE-STSE01.2.0.0
2026-05-08 14:54:07,414 [WARN] PackLoader:240 - Cannot read IP mode file for STMicroelectronics.X-CUBE-SUBG2.5.0.0
2026-05-08 14:54:07,426 [WARN] PackLoader:240 - Cannot read IP mode file for STMicroelectronics.X-CUBE-AZRTOS-G4.2.0.0
2026-05-08 14:54:07,430 [WARN] PackLoader:240 - Cannot read IP mode file for wolfSSL.I-CUBE-wolfSSH.1.4.20
2026-05-08 14:54:07,437 [WARN] PackLoader:240 - Cannot read IP mode file for STMicroelectronics.X-CUBE-NFC7.2.0.0
2026-05-08 14:54:07,440 [WARN] PackLoader:240 - Cannot read IP mode file for STMicroelectronics.X-CUBE-ALS.1.0.2
2026-05-08 14:54:07,448 [WARN] PackLoader:240 - Cannot read IP mode file for STMicroelectronics.X-CUBE-TOF1.3.4.3
2026-05-08 14:54:07,454 [INFO] ThirdParty:978 - Integrity check success = true
2026-05-08 14:54:07,454 [INFO] IntegrityCheckThread:100 - exiting critical section [integrity check]
2026-05-08 14:54:07,454 [INFO] IntegrityCheckThread:103 - End integrity checks thread
2026-05-08 14:54:07,454 [INFO] ThirdParty:873 - entering critical section [close project]
2026-05-08 14:54:07,456 [INFO] ThirdParty:883 - exiting critical section [close project]
2026-05-08 14:54:07,462 [INFO] PinOutPanel:1589 - setPackage(No Configuration,No Configuration)
2026-05-08 14:54:07,464 [INFO] UtilMem:75 - Begin LoadConfig() Used Memory: 185660112 Bytes (268435456)
2026-05-08 14:54:07,464 [INFO] MicroXplorer:468 - Change Database Path : 
2026-05-08 14:54:07,464 [INFO] MicroXplorer:498 - Change Database Version : DB.6.0.150
2026-05-08 14:54:07,464 [INFO] OpenFileManager:355 - Change cursor
2026-05-08 14:54:07,493 [INFO] Mcu:2029 - Initializing MCU STM32F303V(B-C)Tx STM32F303VCTx STM32F303VCT6
2026-05-08 14:54:09,167 [INFO] Context:786 - Trying to add GPIOservice into a context  which must be forbidden
2026-05-08 14:54:09,578 [INFO] ImportTextPane:234 - (OptionalMessage_ERROR) Pin30 (VP_RIF_VS_RIF1) cannot be retrieved for this MCU
2026-05-08 14:54:09,719 [INFO] RtosManager:558 - Registered RTOS mode: class=CMSIS, group=RTOS, mode=CMSIS_V1, owner=FREERTOS
2026-05-08 14:54:09,719 [INFO] RtosManager:558 - Registered RTOS mode: class=CMSIS, group=RTOS2, mode=CMSIS_V2, owner=FREERTOS
2026-05-08 14:54:09,719 [INFO] RtosManager:558 - Registered RTOS mode: class=RTOS, group=Core, mode=CMSIS_V1, owner=FREERTOS
2026-05-08 14:54:09,719 [INFO] RtosManager:558 - Registered RTOS mode: class=RTOS, group=Core, mode=CMSIS_V2, owner=FREERTOS
2026-05-08 14:54:09,719 [WARN] ModelIntegratedComponent:184 - Missing modes for component STMicroelectronics:FreeRTOS:0.0.1:STMicroelectronics:RTOS:FreeRTOS:Core:::10.2.0:
2026-05-08 14:54:09,735 [WARN] ModelIntegratedComponent:63 - No mode defined for component null
2026-05-08 14:54:09,735 [WARN] ModelIntegratedComponent:63 - No mode defined for component null
2026-05-08 14:54:09,735 [WARN] ModelIntegratedComponent:63 - No mode defined for component null
2026-05-08 14:54:09,735 [WARN] ModelIntegratedComponent:63 - No mode defined for component null
2026-05-08 14:54:09,735 [WARN] ModelIntegratedComponent:63 - No mode defined for component null
2026-05-08 14:54:09,735 [WARN] ModelIntegratedComponent:63 - No mode defined for component null
2026-05-08 14:54:09,735 [WARN] ModelIntegratedComponent:63 - No mode defined for component null
2026-05-08 14:54:09,735 [WARN] ModelIntegratedComponent:63 - No mode defined for component null
2026-05-08 14:54:09,735 [WARN] ModelIntegratedComponent:63 - No mode defined for component null
2026-05-08 14:54:09,735 [WARN] ModelIntegratedComponent:63 - No mode defined for component null
2026-05-08 14:54:09,735 [WARN] ModelIntegratedComponent:63 - No mode defined for component null
2026-05-08 14:54:09,735 [WARN] ModelIntegratedComponent:63 - No mode defined for component null
2026-05-08 14:54:09,735 [WARN] ModelIntegratedComponent:63 - No mode defined for component null
2026-05-08 14:54:09,735 [WARN] ModelIntegratedComponent:63 - No mode defined for component null
2026-05-08 14:54:09,735 [WARN] ModelIntegratedComponent:63 - No mode defined for component null
2026-05-08 14:54:09,735 [WARN] ModelIntegratedComponent:63 - No mode defined for component null
2026-05-08 14:54:09,735 [WARN] ModelIntegratedComponent:63 - No mode defined for component null
2026-05-08 14:54:09,735 [WARN] ModelIntegratedComponent:63 - No mode defined for component null
2026-05-08 14:54:09,735 [WARN] ModelIntegratedComponent:63 - No mode defined for component null
2026-05-08 14:54:09,735 [WARN] ModelIntegratedComponent:63 - No mode defined for component null
2026-05-08 14:54:09,735 [WARN] ModelIntegratedComponent:63 - No mode defined for component null
2026-05-08 14:54:09,735 [WARN] ModelIntegratedComponent:63 - No mode defined for component null
2026-05-08 14:54:09,735 [WARN] ModelIntegratedComponent:63 - No mode defined for component null
2026-05-08 14:54:09,735 [WARN] ModelIntegratedComponent:63 - No mode defined for component null
2026-05-08 14:54:09,735 [WARN] ModelIntegratedComponent:63 - No mode defined for component null
2026-05-08 14:54:09,735 [WARN] ModelIntegratedComponent:63 - No mode defined for component null
2026-05-08 14:54:09,735 [WARN] ModelIntegratedComponent:63 - No mode defined for component null
2026-05-08 14:54:09,735 [WARN] ModelIntegratedComponent:63 - No mode defined for component null
2026-05-08 14:54:09,735 [WARN] ModelIntegratedComponent:63 - No mode defined for component null
2026-05-08 14:54:09,735 [WARN] ModelIntegratedComponent:63 - No mode defined for component null
2026-05-08 14:54:09,735 [WARN] ModelIntegratedComponent:63 - No mode defined for component null
2026-05-08 14:54:09,735 [WARN] ModelIntegratedComponent:63 - No mode defined for component null
2026-05-08 14:54:09,735 [WARN] ModelIntegratedComponent:63 - No mode defined for component null
2026-05-08 14:54:09,735 [WARN] ModelIntegratedComponent:63 - No mode defined for component null
2026-05-08 14:54:09,735 [WARN] ModelIntegratedComponent:63 - No mode defined for component null
2026-05-08 14:54:09,735 [WARN] ModelPack:524 - Component already loaded: STMicroelectronics:HAL Drivers:0.0.0:STMicroelectronics:Device:STMicro_Driver:XSPI:HAL::0.0.1:HAL_XSPI
2026-05-08 14:54:09,786 [INFO] ThirdPartyModel:298 - Start build external matchings
2026-05-08 14:54:10,063 [INFO] ThirdPartyModel:316 - End build external matchings
2026-05-08 14:54:10,075 [INFO] ImportTextPane:234 - (OptionalMessage_ERROR) IP (RCC) : Invalid parameter (FamilyName)
2026-05-08 14:54:10,075 [INFO] ImportTextPane:234 - (OptionalMessage_ERROR) IP (RCC) : Invalid parameter (TIM2Freq_Value)
2026-05-08 14:54:10,594 [INFO] ApiDb:581 - Connected to CubeFinder SQLite database (C:\Users\mocci\.stmcufinder\plugins\mcufinder\mcu\cube-finder-db.db)
2026-05-08 14:54:10,680 [INFO] ApiDb:668 - CubeFinder database Data Model version=2.1
2026-05-08 14:54:10,680 [INFO] ApiDb:669 - CubeFinder database Configuration version=3.0.42
2026-05-08 14:54:10,680 [INFO] ApiDb:670 - CubeFinder database generation date=2026-03-11 (1773229989)
2026-05-08 14:54:10,680 [INFO] ApiDb:671 - CubeFinder database FW Pack versions=[FP-ATR-ASTRA1_V2.0.0, FP-SNS-FLIGHT1_V5.1.0, FP-SNS-MOTENV1_V5.1.0, FP-SNS-MOTENVWB1_V1.5.0, FP-SNS-SMARTAG2_V1.2.0, FP-SNS-STBOX1_V2.1.0, STM32Cube_FW_C0_V1.4.0, STM32Cube_FW_F4_V1.28.3, STM32Cube_FW_F7_V1.17.4, STM32Cube_FW_G0_V1.6.3, STM32Cube_FW_G4_V1.6.2, STM32Cube_FW_H5_V1.6.0, STM32Cube_FW_H7RS_V1.3.0, STM32Cube_FW_H7_V1.13.0, STM32Cube_FW_L0_V1.12.2, STM32Cube_FW_L4_V1.18.2, STM32Cube_FW_L5_V1.6.0, STM32Cube_FW_N6_V1.3.0, STM32Cube_FW_U0_V1.3.0, STM32Cube_FW_U3_V1.3.0, STM32Cube_FW_U5_V1.8.0, STM32Cube_FW_WB0_V1.4.0, STM32Cube_FW_WBA_V1.9.0, STM32Cube_FW_WB_V1.24.0, STM32Cube_FW_WL3_V1.4.0, STM32Cube_FW_WL_V1.5.0, X-CUBE-ALGOBUILD_V1.4.0, X-CUBE-ALS_V1.0.2, X-CUBE-AZRTOS-F4_V1.1.0, X-CUBE-AZRTOS-F7_V1.1.0, X-CUBE-AZRTOS-G0_V1.1.0, X-CUBE-AZRTOS-G4_V2.0.0, X-CUBE-AZRTOS-H7RS_V1.1.0, X-CUBE-AZRTOS-H7_V3.4.0, X-CUBE-AZRTOS-L4_V2.0.0, X-CUBE-AZRTOS-L5_V2.0.0, X-CUBE-AZRTOS-WB_V2.0.0, X-CUBE-AZRTOS-WL_V2.0.0, X-CUBE-BLE1_V7.1.0, X-CUBE-BLE2_V3.3.0, X-CUBE-BLEMGR_V4.1.0, X-CUBE-EEPRMA1_V5.2.0, X-CUBE-FREERTOS_V1.5.0, X-CUBE-GNSS1_V6.0.0, X-CUBE-MEMS1_V12.0.0, X-CUBE-NFC4_V3.0.0, X-CUBE-NFC7_V2.0.0, X-CUBE-SFXS2LP1_V4.0.0, X-CUBE-ST67W61_V1.2.0, X-CUBE-SUBG2_V5.0.0, X-CUBE-TOF1_V3.4.3]
2026-05-08 14:54:10,887 [INFO] DbBoardsSqlite:226 - include board P-NUCLEO-WB55-NUCLEO as a kit item of type 'Nucleo-64'
2026-05-08 14:54:10,887 [INFO] DbBoardsSqlite:226 - include board P-NUCLEO-WB55-USBDONGLE as a kit item of type 'Nucleo USB Dongle'
2026-05-08 14:54:10,887 [INFO] DbBoardsSqlite:226 - include board STEVAL-IDP005V1 as a kit item of type 'Evaluation Board'
2026-05-08 14:54:10,887 [INFO] DbBoardsSqlite:226 - include board STEVAL-IDP005V2 as a kit item of type 'Evaluation Board'
2026-05-08 14:54:11,691 [INFO] ApiDb:240 - Found 880 in-development CPN: [B-G473E-ZEST1S, B-WB1M-WPAN1, B-WBA5M-WPAN, B-WL5M-SUBG1, NUCLEO-C031C6, NUCLEO-C051C8, NUCLEO-C071RB, NUCLEO-C092RC, NUCLEO-H503RB, NUCLEO-H533RE, NUCLEO-H563ZI, NUCLEO-H7S3L8, NUCLEO-N657X0-Q, NUCLEO-U031R8, NUCLEO-U083RC, NUCLEO-U385RG-Q, NUCLEO-U545RE-Q, NUCLEO-U5A5ZJ-Q, NUCLEO-WB05KZ, NUCLEO-WB07CC, NUCLEO-WB09KE, NUCLEO-WBA52CG, NUCLEO-WBA55CG, NUCLEO-WL33CC1, NUCLEO-WL33CC2, STEVAL-PROTEUS1, STEVAL-SMARTAG2, STEVAL-STWINBX1, STM320518-EVAL, STM32C0116-DK, STM32C011D6Y3TR, STM32C011D6Y6TR, STM32C011F4P3, STM32C011F4P6, STM32C011F4U3, STM32C011F4U6TR, STM32C011F6P3, STM32C011F6P6, STM32C011F6U3, STM32C011F6U6TR, STM32C011J4M3, STM32C011J4M6, STM32C011J6M3, STM32C011J6M6, STM32C0316-DK, STM32C031C4T3, STM32C031C4T6, STM32C031C4U3, STM32C031C4U6, STM32C031C6T3, STM32C031C6T6, STM32C031C6U3, STM32C031C6U6, STM32C031F4P3, STM32C031F4P6, STM32C031F6P3, STM32C031F6P6, STM32C031G4U3, STM32C031G4U6, STM32C031G6U3, STM32C031G6U6, STM32C031K4T3, STM32C031K4T6, STM32C031K4U3, STM32C031K4U6, STM32C031K6T3, STM32C031K6T6, STM32C031K6U3, STM32C031K6U6, STM32C051C6T6, STM32C051C6U6, STM32C051C8T6, STM32C051C8U6, STM32C051D8Y6TR, STM32C051F6P6, STM32C051F8P6, STM32C051G6U6, STM32C051G8U6, STM32C051K6T6, STM32C051K6U6, STM32C051K8T6, STM32C071C8T6, STM32C071C8T6N, STM32C071C8U6, STM32C071C8U6N, STM32C071CBT6, STM32C071CBT6N, STM32C071CBU6, STM32C071CBU6N, STM32C071F8P6, STM32C071F8P6N, STM32C071FBP6, STM32C071FBP6N, STM32C071FBY6TR, STM32C071G8U6, STM32C071G8U6N, STM32C071GBU6, STM32C071GBU6N, STM32C071K8T6, STM32C071K8T6N, STM32C071K8U6, STM32C071K8U6N, STM32C071KBT6, STM32C071KBT6N, STM32C071KBU6, STM32C071KBU6N, STM32C071R8T6, STM32C071R8T6N, STM32C071RBI6N, STM32C071RBT6, STM32C071RBT6N, STM32C091CBT6, STM32C091CBU6, STM32C091CCT6, STM32C091CCU6, STM32C091ECY6TR, STM32C091FBP6, STM32C091FCP6, STM32C091GBU6, STM32C091GCU6, STM32C091KBT6, STM32C091KBU6, STM32C091KCT6, STM32C091KCU6, STM32C091RBT6, STM32C091RCI6, STM32C091RCT6, STM32C092CBT6, STM32C092CBU6, STM32C092CCT6, STM32C092CCU6, STM32C092ECY6TR, STM32C092FBP6, STM32C092FCP6, STM32C092GBU6, STM32C092GCU6, STM32C092KBT6, STM32C092KBU6, STM32C092KCT6, STM32C092KCU6, STM32C092RBT6, STM32C092RCI6, STM32C092RCT6, STM32G071K8TXN, STM32G071K8UXN, STM32G081GBU6N, STM32G081KBT6N, STM32G081KBUXN, STM32G0B1CCT6N, STM32G0B1KCT6, STM32G0B1NEY6TR, STM32G0B1RCT6N, STM32G0C1CCT6, STM32G0C1CCT6N, STM32G0C1CCU6N, STM32G0C1CET6N, STM32G0C1CEU6N, STM32G0C1KCT6, STM32G0C1NEY6TR, STM32G0C1RCI6N, STM32G0C1RCT6N, STM32G0C1REI6N, STM32G0C1RET6N, STM32G0C1VCI6, STM32G0C1VEI6, STM32G411C6T3, STM32G411C6T6, STM32G411C6U3, STM32G411C6U6, STM32G411C8T3, STM32G411C8T6, STM32G411C8U3, STM32G411C8U6, STM32G411CBT3, STM32G411CBT6, STM32G411CBU3, STM32G411CBU6, STM32G411K6T3, STM32G411K6T6, STM32G411K6U3, STM32G411K6U6, STM32G411K8T3, STM32G411K8T6, STM32G411K8U3, STM32G411K8U6, STM32G411KBT3, STM32G411KBT6, STM32G411KBU3, STM32G411KBU6, STM32G411M6T3, STM32G411M6T6, STM32G411M8T3, STM32G411M8T6, STM32G411MBT3, STM32G411MBT6, STM32G411R6T3, STM32G411R6T6, STM32G411R8T3, STM32G411R8T6, STM32G411RBT3, STM32G411RBT6, STM32G414CBT3, STM32G414CBT6, STM32G414CBU3, STM32G414CBU6, STM32G414CCT3, STM32G414CCT6, STM32G414CCU3, STM32G414CCU6, STM32G414MBT3, STM32G414MBT6, STM32G414MCT3, STM32G414MCT6, STM32G414RBT3, STM32G414RBT6, STM32G414RCT3, STM32G414RCT6, STM32G414VBT3, STM32G414VBT6, STM32G414VCT3, STM32G414VCT6, STM32G431CBT3Z, STM32G431RBT3Z, STM32G471CCT6, STM32G471CCU6, STM32G471CET3, STM32G471CET6, STM32G471CEU3, STM32G471CEU6, STM32G471MCT6, STM32G471MET3, STM32G471MET6, STM32G471MEY6TR, STM32G471QCT6, STM32G471QET3, STM32G471RCT6, STM32G471RET3, STM32G471RET6, STM32G471VCH6, STM32G471VCI6, STM32G471VCT6, STM32G471VEH3, STM32G471VEH6, STM32G471VEI3, STM32G471VEI6, STM32G471VET3, STM32G471VET6, STM32G473QET3Z, STM32G473RET3Z, STM32G474CCT6, STM32G491RET3Z, STM32H503CBT6, STM32H503CBU6, STM32H503EBY6TR, STM32H503KBU6, STM32H503RBT6, STM32H523CCT6, STM32H523CCU6, STM32H523CET6, STM32H523CEU6, STM32H523HEY6TR, STM32H523RCT6, STM32H523RET6, STM32H523VCI6, STM32H523VCT6, STM32H523VEI6, STM32H523VET6, STM32H523ZCJ6, STM32H523ZCT6, STM32H523ZEJ6, STM32H523ZET6, STM32H533CET6, STM32H533CEU6, STM32H533HEY6TR, STM32H533RET6, STM32H533VEI6, STM32H533VET6, STM32H533ZEJ6, STM32H533ZET6, STM32H562AGI6, STM32H562AII6, STM32H562IGK6, STM32H562IGT6, STM32H562IIK6, STM32H562IIT6, STM32H562RGT6, STM32H562RGV6, STM32H562RIT6, STM32H562RIV6, STM32H562VGT6, STM32H562VIT6, STM32H562ZGT6, STM32H562ZIT6, STM32H563AGI6, STM32H563AII3Q, STM32H563AII6, STM32H563IGK6, STM32H563IGT6, STM32H563IIK3Q, STM32H563IIK6, STM32H563IIT3Q, STM32H563IIT6, STM32H563MIY3QTR, STM32H563RGT6, STM32H563RGV6, STM32H563RIT6, STM32H563RIV6, STM32H563VGT6, STM32H563VIT3Q, STM32H563VIT6, STM32H563ZGT6, STM32H563ZIT3Q, STM32H563ZIT6, STM32H573AII3Q, STM32H573AII6, STM32H573I-DK, STM32H573IIK3Q, STM32H573IIK6, STM32H573IIT3Q, STM32H573IIT6, STM32H573MIY3QTR, STM32H573RIT6, STM32H573RIV6, STM32H573VIT3Q, STM32H573VIT6, STM32H573ZIT3Q, STM32H573ZIT6, STM32H7R3A8I6, STM32H7R3I8K6, STM32H7R3I8T6, STM32H7R3L8H6, STM32H7R3L8H6H, STM32H7R3R8V6, STM32H7R3V8H6, STM32H7R3V8T6, STM32H7R3V8Y6TR, STM32H7R3Z8J6, STM32H7R3Z8T6, STM32H7R7A8I6, STM32H7R7I8K6, STM32H7R7I8T6, STM32H7R7L8H6, STM32H7R7L8H6H, STM32H7R7Z8J6, STM32H7S3A8I6, STM32H7S3I8K6, STM32H7S3I8T6, STM32H7S3L8H6, STM32H7S3L8H6H, STM32H7S3R8V6, STM32H7S3V8H6, STM32H7S3V8T6, STM32H7S3V8Y6TR, STM32H7S3Z8J6, STM32H7S3Z8T6, STM32H7S78-DK, STM32H7S7A8I6, STM32H7S7I8K6, STM32H7S7I8T6, STM32H7S7L8H6, STM32H7S7L8H6H, STM32H7S7Z8J6, STM32L4R5QGI6STR, STM32MP131AAE3, STM32MP131AAF3, STM32MP131AAG3, STM32MP131CAE3, STM32MP131CAF3, STM32MP131CAG3, STM32MP131DAE7, STM32MP131DAF7, STM32MP131DAG7, STM32MP131FAE7, STM32MP131FAF7, STM32MP131FAG7, STM32MP133AAE3, STM32MP133AAF3, STM32MP133AAG3, STM32MP133CAE3, STM32MP133CAF3, STM32MP133CAG3, STM32MP133DAE7, STM32MP133DAF7, STM32MP133DAG7, STM32MP133FAE7, STM32MP133FAF7, STM32MP133FAG7, STM32MP135AAE3, STM32MP135AAF3, STM32MP135AAG3, STM32MP135CAE3, STM32MP135CAF3, STM32MP135CAG3, STM32MP135DAE7, STM32MP135DAF7, STM32MP135DAG7, STM32MP135F-DK, STM32MP135FAE7, STM32MP135FAF7, STM32MP135FAF7T, STM32MP135FAF7U, STM32MP135FAG7, STM32MP211AAL3, STM32MP211AAM3, STM32MP211AAN3, STM32MP211AAO3, STM32MP211CAL3, STM32MP211CAM3, STM32MP211CAN3, STM32MP211CAO3, STM32MP211DAL3, STM32MP211DAM3, STM32MP211DAN3, STM32MP211DAO3, STM32MP211FAL3, STM32MP211FAM3, STM32MP211FAN3, STM32MP211FAO3, STM32MP213AAL3, STM32MP213AAM3, STM32MP213AAN3, STM32MP213AAO3, STM32MP213CAL3, STM32MP213CAM3, STM32MP213CAN3, STM32MP213CAO3, STM32MP213DAL3, STM32MP213DAM3, STM32MP213DAN3, STM32MP213DAO3, STM32MP213FAL3, STM32MP213FAM3, STM32MP213FAN3, STM32MP213FAO3, STM32MP215AAL3, STM32MP215AAM3, STM32MP215AAN3, STM32MP215AAO3, STM32MP215CAL3, STM32MP215CAM3, STM32MP215CAN3, STM32MP215CAO3, STM32MP215DAL3, STM32MP215DAM3, STM32MP215DAN3, STM32MP215DAO3, STM32MP215F-DK, STM32MP215FAL3, STM32MP215FAM3, STM32MP215FAN3, STM32MP215FAO3, STM32MP231AAJ3, STM32MP231AAK3, STM32MP231AAL3, STM32MP231CAJ3, STM32MP231CAK3, STM32MP231CAL3, STM32MP231DAJ3, STM32MP231DAK3, STM32MP231DAL3, STM32MP231FAJ3, STM32MP231FAK3, STM32MP231FAL3, STM32MP233AAJ3, STM32MP233AAK3, STM32MP233AAL3, STM32MP233CAJ3, STM32MP233CAK3, STM32MP233CAL3, STM32MP233DAJ3, STM32MP233DAK3, STM32MP233DAL3, STM32MP233FAJ3, STM32MP233FAK3, STM32MP233FAL3, STM32MP235AAJ3, STM32MP235AAK3, STM32MP235AAL3, STM32MP235CAJ3, STM32MP235CAK3, STM32MP235CAL3, STM32MP235DAJ3, STM32MP235DAK3, STM32MP235DAL3, STM32MP235FAJ3, STM32MP235FAK3, STM32MP235FAL3, STM32MP251AAI3, STM32MP251AAK3, STM32MP251AAL3, STM32MP251CAI3, STM32MP251CAK3, STM32MP251CAL3, STM32MP251DAI3, STM32MP251DAK3, STM32MP251DAL3, STM32MP251FAI3, STM32MP251FAK3, STM32MP251FAL3, STM32MP253AAI3, STM32MP253AAK3, STM32MP253AAL3, STM32MP253CAI3, STM32MP253CAK3, STM32MP253CAL3, STM32MP253DAI3, STM32MP253DAK3, STM32MP253DAL3, STM32MP253FAI3, STM32MP253FAK3, STM32MP253FAL3, STM32MP255AAI3, STM32MP255AAK3, STM32MP255AAL3, STM32MP255CAI3, STM32MP255CAK3, STM32MP255CAL3, STM32MP255DAI3, STM32MP255DAK3, STM32MP255DAL3, STM32MP255FAI3, STM32MP255FAK3, STM32MP255FAL3, STM32MP257AAI3, STM32MP257AAK3, STM32MP257AAL3, STM32MP257CAI3, STM32MP257CAK3, STM32MP257CAL3, STM32MP257DAI3, STM32MP257DAK3, STM32MP257DAL3, STM32MP257F-DK, STM32MP257F-EV1, STM32MP257FAI3, STM32MP257FAK3, STM32MP257FAL3, STM32N645A0H3Q, STM32N645B0H3Q, STM32N645I0H3Q, STM32N645L0H3Q, STM32N645X0H3Q, STM32N645Z0H3Q, STM32N647A0H3Q, STM32N647B0H3Q, STM32N647I0H3Q, STM32N647L0H3Q, STM32N647X0H3Q, STM32N647Z0H3Q, STM32N655A0H3Q, STM32N655B0H3Q, STM32N655I0H3Q, STM32N655L0H3Q, STM32N655X0H3Q, STM32N655Z0H3Q, STM32N6570-DK, STM32N657A0H3Q, STM32N657B0H3Q, STM32N657I0H3Q, STM32N657L0H3Q, STM32N657X0H3Q, STM32N657Z0H3Q, STM32U031C6T6, STM32U031C6U6, STM32U031C8T6, STM32U031C8U6, STM32U031F4P6, STM32U031F6P6, STM32U031F8P6, STM32U031G6Y6TR, STM32U031G8Y6TR, STM32U031K4U6, STM32U031K6U6, STM32U031K8U6, STM32U031R6I6, STM32U031R6T6, STM32U031R8I6, STM32U031R8T6, STM32U073C8T6, STM32U073C8U6, STM32U073CBT6, STM32U073CBU6, STM32U073CCT6, STM32U073CCU6, STM32U073H8Y6TR, STM32U073HBY6TR, STM32U073HCY6TR, STM32U073K8U6, STM32U073KBU6, STM32U073KCU6, STM32U073M8I6, STM32U073M8T6, STM32U073MBI6, STM32U073MBT6, STM32U073MCI6, STM32U073MCT6, STM32U073R8I6, STM32U073R8T6, STM32U073RBI6, STM32U073RBT6, STM32U073RCI6, STM32U073RCT6, STM32U083C-DK, STM32U083CCT6, STM32U083CCU6, STM32U083HCY6TR, STM32U083KCU6, STM32U083MCI6, STM32U083MCT6, STM32U083RCI6, STM32U083RCT6, STM32U375CET6, STM32U375CET6Q, STM32U375CEU6, STM32U375CEU6Q, STM32U375CEY6QTR, STM32U375CGT6, STM32U375CGT6Q, STM32U375CGU6, STM32U375CGU6Q, STM32U375CGY6QTR, STM32U375KEU6, STM32U375KGU6, STM32U375REI6, STM32U375REI6Q, STM32U375RET6, STM32U375RET6Q, STM32U375REY6GTR, STM32U375REY6QTR, STM32U375RGI6, STM32U375RGI6Q, STM32U375RGT6, STM32U375RGT6Q, STM32U375RGY6GTR, STM32U375RGY6QTR, STM32U375VEI6, STM32U375VEI6Q, STM32U375VET6, STM32U375VET6Q, STM32U375VGI6, STM32U375VGI6Q, STM32U375VGT6, STM32U375VGT6Q, STM32U385CGT6, STM32U385CGT6Q, STM32U385CGU6, STM32U385CGU6Q, STM32U385CGY6QTR, STM32U385KGU6, STM32U385RGI6, STM32U385RGI6Q, STM32U385RGT6, STM32U385RGT6Q, STM32U385RGY6GTR, STM32U385RGY6QTR, STM32U385VGI6, STM32U385VGI6Q, STM32U385VGT6, STM32U385VGT6Q, STM32U535CBT6, STM32U535CBT6Q, STM32U535CBU6, STM32U535CBU6Q, STM32U535CCT6, STM32U535CCT6Q, STM32U535CCU6, STM32U535CCU6Q, STM32U535CET6, STM32U535CET6Q, STM32U535CEU6, STM32U535CEU6Q, STM32U535JEY6QTR, STM32U535NCY6QTR, STM32U535NEY6QTR, STM32U535RBI6, STM32U535RBI6Q, STM32U535RBT6, STM32U535RBT6Q, STM32U535RCI6, STM32U535RCI6Q, STM32U535RCT6, STM32U535RCT6Q, STM32U535REI6, STM32U535REI6Q, STM32U535RET6, STM32U535RET6Q, STM32U535VCI6, STM32U535VCI6Q, STM32U535VCT6, STM32U535VCT6Q, STM32U535VEI6, STM32U535VEI6Q, STM32U535VET6, STM32U535VET6Q, STM32U545CET6, STM32U545CET6Q, STM32U545CEU6, STM32U545CEU6Q, STM32U545JEY6QTR, STM32U545NEY6QTR, STM32U545REI6, STM32U545REI6Q, STM32U545RET6, STM32U545RET6Q, STM32U545VEI6, STM32U545VEI6Q, STM32U545VET6, STM32U545VET6Q, STM32U595AIH6, STM32U595AIH6Q, STM32U595AJH6, STM32U595AJH6Q, STM32U595QII6, STM32U595QII6Q, STM32U595QJI6, STM32U595QJI6Q, STM32U595RIT6, STM32U595RIT6Q, STM32U595RJT6, STM32U595RJT6Q, STM32U595VIT6, STM32U595VIT6Q, STM32U595VJT6, STM32U595VJT6Q, STM32U595ZIT6, STM32U595ZIT6Q, STM32U595ZIY6QTR, STM32U595ZJT6, STM32U595ZJT6Q, STM32U595ZJY6QTR, STM32U599BJY6QTR, STM32U599NIH6Q, STM32U599NJH6Q, STM32U599VIT6Q, STM32U599VJT6, STM32U599VJT6Q, STM32U599ZIT6Q, STM32U599ZIY6QTR, STM32U599ZJT6Q, STM32U599ZJY6QTR, STM32U5A5AJH6, STM32U5A5AJH6Q, STM32U5A5QII3Q , STM32U5A5QJI6, STM32U5A5QJI6Q, STM32U5A5RJT6, STM32U5A5RJT6Q, STM32U5A5VJT6, STM32U5A5VJT6Q, STM32U5A5ZJT6, STM32U5A5ZJT6Q, STM32U5A5ZJY6QTR, STM32U5A9BJY6QTR, STM32U5A9J-DK, STM32U5A9NJH6Q, STM32U5A9VJT6Q, STM32U5A9ZJT6Q, STM32U5A9ZJY6QTR, STM32U5F7VIT6, STM32U5F7VIT6Q, STM32U5F7VJT6, STM32U5F7VJT6Q, STM32U5F9BJY6QTR, STM32U5F9NJH6Q, STM32U5F9VIT6Q, STM32U5F9VJT6Q, STM32U5F9ZIJ6QTR, STM32U5F9ZIT6Q, STM32U5F9ZJJ6QTR, STM32U5F9ZJT6Q, STM32U5G7VJT6, STM32U5G7VJT6Q, STM32U5G9BJY6QTR, STM32U5G9J-DK1, STM32U5G9J-DK2, STM32U5G9NJH6Q, STM32U5G9VJT6Q, STM32U5G9ZJJ6QTR, STM32U5G9ZJT6Q, STM32WB05KZV6TR, STM32WB05KZV7TR, STM32WB05TZF6TR, STM32WB05TZF7TR, STM32WB06CCF6TR, STM32WB06CCF7TR, STM32WB06CCV6TR, STM32WB06CCV7TR, STM32WB06KCV6TR, STM32WB06KCV7TR, STM32WB07CCF6TR, STM32WB07CCF7TR, STM32WB07CCV6TR, STM32WB07CCV7TR, STM32WB07KCV6TR, STM32WB07KCV7TR, STM32WB09KEV6TR, STM32WB09KEV7TR, STM32WB09TEF6TR, STM32WB09TEF7TR, STM32WB1MMCH6, STM32WBA50KGU6, STM32WBA50KGU6TR, STM32WBA52CEU6, STM32WBA52CEU6TR, STM32WBA52CEU7, STM32WBA52CEU7TR, STM32WBA52CGU6, STM32WBA52CGU6TR, STM32WBA52CGU6U, STM32WBA52CGU7, STM32WBA52CGU7TR, STM32WBA52KEU6, STM32WBA52KEU6TR, STM32WBA52KGU6, STM32WBA52KGU6TR, STM32WBA54CEU6, STM32WBA54CEU6TR, STM32WBA54CEU7, STM32WBA54CEU7TR, STM32WBA54CGU6, STM32WBA54CGU6TR, STM32WBA54CGU7, STM32WBA54CGU7TR, STM32WBA54KEU6, STM32WBA54KEU6TR, STM32WBA54KEU7, STM32WBA54KEU7TR, STM32WBA54KGU6, STM32WBA54KGU6TR, STM32WBA54KGU7, STM32WBA54KGU7TR, STM32WBA55CEU6, STM32WBA55CEU6TR, STM32WBA55CEU7, STM32WBA55CEU7TR, STM32WBA55CGU6, STM32WBA55CGU6TR, STM32WBA55CGU6U, STM32WBA55CGU7, STM32WBA55CGU7TR, STM32WBA55G-DK1, STM32WBA55HEF6, STM32WBA55HEF7, STM32WBA55HGF6, STM32WBA55HGF7, STM32WBA55UEI6, STM32WBA55UEI6TR, STM32WBA55UEI7, STM32WBA55UEI7TR, STM32WBA55UGI6, STM32WBA55UGI6TR, STM32WBA55UGI7, STM32WBA55UGI7TR, STM32WBA5MMGH6TR, STM32WBA62MGF6, STM32WBA62MIF6, STM32WBA65MGF7, STM32WBA65MIF6, STM32WBA65MIF7, STM32WL30K8V6, STM32WL30KBV6, STM32WL31C8V6, STM32WL31CBV6, STM32WL31K8V6, STM32WL31KBV6, STM32WL33C8V6, STM32WL33C8V6X, STM32WL33CBV6, STM32WL33CBV6X, STM32WL33CCV6, STM32WL33CCV6A, STM32WL33CCV6X, STM32WL33K8V7, STM32WL33K8V7X, STM32WL33KBV7 , STM32WL33KBV7X, STM32WL33KCV7, STM32WL33KCV7X, STM32WL5MOCH6, STM32WL5MOCH6TR]
2026-05-08 14:54:11,709 [INFO] ApiDb:668 - CubeFinder database Data Model version=2.1
2026-05-08 14:54:11,709 [INFO] ApiDb:669 - CubeFinder database Configuration version=3.0.42
2026-05-08 14:54:11,709 [INFO] ApiDb:670 - CubeFinder database generation date=2026-03-11 (1773229989)
2026-05-08 14:54:11,709 [INFO] ApiDb:671 - CubeFinder database FW Pack versions=[FP-ATR-ASTRA1_V2.0.0, FP-SNS-FLIGHT1_V5.1.0, FP-SNS-MOTENV1_V5.1.0, FP-SNS-MOTENVWB1_V1.5.0, FP-SNS-SMARTAG2_V1.2.0, FP-SNS-STBOX1_V2.1.0, STM32Cube_FW_C0_V1.4.0, STM32Cube_FW_F4_V1.28.3, STM32Cube_FW_F7_V1.17.4, STM32Cube_FW_G0_V1.6.3, STM32Cube_FW_G4_V1.6.2, STM32Cube_FW_H5_V1.6.0, STM32Cube_FW_H7RS_V1.3.0, STM32Cube_FW_H7_V1.13.0, STM32Cube_FW_L0_V1.12.2, STM32Cube_FW_L4_V1.18.2, STM32Cube_FW_L5_V1.6.0, STM32Cube_FW_N6_V1.3.0, STM32Cube_FW_U0_V1.3.0, STM32Cube_FW_U3_V1.3.0, STM32Cube_FW_U5_V1.8.0, STM32Cube_FW_WB0_V1.4.0, STM32Cube_FW_WBA_V1.9.0, STM32Cube_FW_WB_V1.24.0, STM32Cube_FW_WL3_V1.4.0, STM32Cube_FW_WL_V1.5.0, X-CUBE-ALGOBUILD_V1.4.0, X-CUBE-ALS_V1.0.2, X-CUBE-AZRTOS-F4_V1.1.0, X-CUBE-AZRTOS-F7_V1.1.0, X-CUBE-AZRTOS-G0_V1.1.0, X-CUBE-AZRTOS-G4_V2.0.0, X-CUBE-AZRTOS-H7RS_V1.1.0, X-CUBE-AZRTOS-H7_V3.4.0, X-CUBE-AZRTOS-L4_V2.0.0, X-CUBE-AZRTOS-L5_V2.0.0, X-CUBE-AZRTOS-WB_V2.0.0, X-CUBE-AZRTOS-WL_V2.0.0, X-CUBE-BLE1_V7.1.0, X-CUBE-BLE2_V3.3.0, X-CUBE-BLEMGR_V4.1.0, X-CUBE-EEPRMA1_V5.2.0, X-CUBE-FREERTOS_V1.5.0, X-CUBE-GNSS1_V6.0.0, X-CUBE-MEMS1_V12.0.0, X-CUBE-NFC4_V3.0.0, X-CUBE-NFC7_V2.0.0, X-CUBE-SFXS2LP1_V4.0.0, X-CUBE-ST67W61_V1.2.0, X-CUBE-SUBG2_V5.0.0, X-CUBE-TOF1_V3.4.3]
2026-05-08 14:54:13,864 [INFO] ApiDb:240 - Found 880 in-development CPN: [B-G473E-ZEST1S, B-WB1M-WPAN1, B-WBA5M-WPAN, B-WL5M-SUBG1, NUCLEO-C031C6, NUCLEO-C051C8, NUCLEO-C071RB, NUCLEO-C092RC, NUCLEO-H503RB, NUCLEO-H533RE, NUCLEO-H563ZI, NUCLEO-H7S3L8, NUCLEO-N657X0-Q, NUCLEO-U031R8, NUCLEO-U083RC, NUCLEO-U385RG-Q, NUCLEO-U545RE-Q, NUCLEO-U5A5ZJ-Q, NUCLEO-WB05KZ, NUCLEO-WB07CC, NUCLEO-WB09KE, NUCLEO-WBA52CG, NUCLEO-WBA55CG, NUCLEO-WL33CC1, NUCLEO-WL33CC2, STEVAL-PROTEUS1, STEVAL-SMARTAG2, STEVAL-STWINBX1, STM320518-EVAL, STM32C0116-DK, STM32C011D6Y3TR, STM32C011D6Y6TR, STM32C011F4P3, STM32C011F4P6, STM32C011F4U3, STM32C011F4U6TR, STM32C011F6P3, STM32C011F6P6, STM32C011F6U3, STM32C011F6U6TR, STM32C011J4M3, STM32C011J4M6, STM32C011J6M3, STM32C011J6M6, STM32C0316-DK, STM32C031C4T3, STM32C031C4T6, STM32C031C4U3, STM32C031C4U6, STM32C031C6T3, STM32C031C6T6, STM32C031C6U3, STM32C031C6U6, STM32C031F4P3, STM32C031F4P6, STM32C031F6P3, STM32C031F6P6, STM32C031G4U3, STM32C031G4U6, STM32C031G6U3, STM32C031G6U6, STM32C031K4T3, STM32C031K4T6, STM32C031K4U3, STM32C031K4U6, STM32C031K6T3, STM32C031K6T6, STM32C031K6U3, STM32C031K6U6, STM32C051C6T6, STM32C051C6U6, STM32C051C8T6, STM32C051C8U6, STM32C051D8Y6TR, STM32C051F6P6, STM32C051F8P6, STM32C051G6U6, STM32C051G8U6, STM32C051K6T6, STM32C051K6U6, STM32C051K8T6, STM32C071C8T6, STM32C071C8T6N, STM32C071C8U6, STM32C071C8U6N, STM32C071CBT6, STM32C071CBT6N, STM32C071CBU6, STM32C071CBU6N, STM32C071F8P6, STM32C071F8P6N, STM32C071FBP6, STM32C071FBP6N, STM32C071FBY6TR, STM32C071G8U6, STM32C071G8U6N, STM32C071GBU6, STM32C071GBU6N, STM32C071K8T6, STM32C071K8T6N, STM32C071K8U6, STM32C071K8U6N, STM32C071KBT6, STM32C071KBT6N, STM32C071KBU6, STM32C071KBU6N, STM32C071R8T6, STM32C071R8T6N, STM32C071RBI6N, STM32C071RBT6, STM32C071RBT6N, STM32C091CBT6, STM32C091CBU6, STM32C091CCT6, STM32C091CCU6, STM32C091ECY6TR, STM32C091FBP6, STM32C091FCP6, STM32C091GBU6, STM32C091GCU6, STM32C091KBT6, STM32C091KBU6, STM32C091KCT6, STM32C091KCU6, STM32C091RBT6, STM32C091RCI6, STM32C091RCT6, STM32C092CBT6, STM32C092CBU6, STM32C092CCT6, STM32C092CCU6, STM32C092ECY6TR, STM32C092FBP6, STM32C092FCP6, STM32C092GBU6, STM32C092GCU6, STM32C092KBT6, STM32C092KBU6, STM32C092KCT6, STM32C092KCU6, STM32C092RBT6, STM32C092RCI6, STM32C092RCT6, STM32G071K8TXN, STM32G071K8UXN, STM32G081GBU6N, STM32G081KBT6N, STM32G081KBUXN, STM32G0B1CCT6N, STM32G0B1KCT6, STM32G0B1NEY6TR, STM32G0B1RCT6N, STM32G0C1CCT6, STM32G0C1CCT6N, STM32G0C1CCU6N, STM32G0C1CET6N, STM32G0C1CEU6N, STM32G0C1KCT6, STM32G0C1NEY6TR, STM32G0C1RCI6N, STM32G0C1RCT6N, STM32G0C1REI6N, STM32G0C1RET6N, STM32G0C1VCI6, STM32G0C1VEI6, STM32G411C6T3, STM32G411C6T6, STM32G411C6U3, STM32G411C6U6, STM32G411C8T3, STM32G411C8T6, STM32G411C8U3, STM32G411C8U6, STM32G411CBT3, STM32G411CBT6, STM32G411CBU3, STM32G411CBU6, STM32G411K6T3, STM32G411K6T6, STM32G411K6U3, STM32G411K6U6, STM32G411K8T3, STM32G411K8T6, STM32G411K8U3, STM32G411K8U6, STM32G411KBT3, STM32G411KBT6, STM32G411KBU3, STM32G411KBU6, STM32G411M6T3, STM32G411M6T6, STM32G411M8T3, STM32G411M8T6, STM32G411MBT3, STM32G411MBT6, STM32G411R6T3, STM32G411R6T6, STM32G411R8T3, STM32G411R8T6, STM32G411RBT3, STM32G411RBT6, STM32G414CBT3, STM32G414CBT6, STM32G414CBU3, STM32G414CBU6, STM32G414CCT3, STM32G414CCT6, STM32G414CCU3, STM32G414CCU6, STM32G414MBT3, STM32G414MBT6, STM32G414MCT3, STM32G414MCT6, STM32G414RBT3, STM32G414RBT6, STM32G414RCT3, STM32G414RCT6, STM32G414VBT3, STM32G414VBT6, STM32G414VCT3, STM32G414VCT6, STM32G431CBT3Z, STM32G431RBT3Z, STM32G471CCT6, STM32G471CCU6, STM32G471CET3, STM32G471CET6, STM32G471CEU3, STM32G471CEU6, STM32G471MCT6, STM32G471MET3, STM32G471MET6, STM32G471MEY6TR, STM32G471QCT6, STM32G471QET3, STM32G471RCT6, STM32G471RET3, STM32G471RET6, STM32G471VCH6, STM32G471VCI6, STM32G471VCT6, STM32G471VEH3, STM32G471VEH6, STM32G471VEI3, STM32G471VEI6, STM32G471VET3, STM32G471VET6, STM32G473QET3Z, STM32G473RET3Z, STM32G474CCT6, STM32G491RET3Z, STM32H503CBT6, STM32H503CBU6, STM32H503EBY6TR, STM32H503KBU6, STM32H503RBT6, STM32H523CCT6, STM32H523CCU6, STM32H523CET6, STM32H523CEU6, STM32H523HEY6TR, STM32H523RCT6, STM32H523RET6, STM32H523VCI6, STM32H523VCT6, STM32H523VEI6, STM32H523VET6, STM32H523ZCJ6, STM32H523ZCT6, STM32H523ZEJ6, STM32H523ZET6, STM32H533CET6, STM32H533CEU6, STM32H533HEY6TR, STM32H533RET6, STM32H533VEI6, STM32H533VET6, STM32H533ZEJ6, STM32H533ZET6, STM32H562AGI6, STM32H562AII6, STM32H562IGK6, STM32H562IGT6, STM32H562IIK6, STM32H562IIT6, STM32H562RGT6, STM32H562RGV6, STM32H562RIT6, STM32H562RIV6, STM32H562VGT6, STM32H562VIT6, STM32H562ZGT6, STM32H562ZIT6, STM32H563AGI6, STM32H563AII3Q, STM32H563AII6, STM32H563IGK6, STM32H563IGT6, STM32H563IIK3Q, STM32H563IIK6, STM32H563IIT3Q, STM32H563IIT6, STM32H563MIY3QTR, STM32H563RGT6, STM32H563RGV6, STM32H563RIT6, STM32H563RIV6, STM32H563VGT6, STM32H563VIT3Q, STM32H563VIT6, STM32H563ZGT6, STM32H563ZIT3Q, STM32H563ZIT6, STM32H573AII3Q, STM32H573AII6, STM32H573I-DK, STM32H573IIK3Q, STM32H573IIK6, STM32H573IIT3Q, STM32H573IIT6, STM32H573MIY3QTR, STM32H573RIT6, STM32H573RIV6, STM32H573VIT3Q, STM32H573VIT6, STM32H573ZIT3Q, STM32H573ZIT6, STM32H7R3A8I6, STM32H7R3I8K6, STM32H7R3I8T6, STM32H7R3L8H6, STM32H7R3L8H6H, STM32H7R3R8V6, STM32H7R3V8H6, STM32H7R3V8T6, STM32H7R3V8Y6TR, STM32H7R3Z8J6, STM32H7R3Z8T6, STM32H7R7A8I6, STM32H7R7I8K6, STM32H7R7I8T6, STM32H7R7L8H6, STM32H7R7L8H6H, STM32H7R7Z8J6, STM32H7S3A8I6, STM32H7S3I8K6, STM32H7S3I8T6, STM32H7S3L8H6, STM32H7S3L8H6H, STM32H7S3R8V6, STM32H7S3V8H6, STM32H7S3V8T6, STM32H7S3V8Y6TR, STM32H7S3Z8J6, STM32H7S3Z8T6, STM32H7S78-DK, STM32H7S7A8I6, STM32H7S7I8K6, STM32H7S7I8T6, STM32H7S7L8H6, STM32H7S7L8H6H, STM32H7S7Z8J6, STM32L4R5QGI6STR, STM32MP131AAE3, STM32MP131AAF3, STM32MP131AAG3, STM32MP131CAE3, STM32MP131CAF3, STM32MP131CAG3, STM32MP131DAE7, STM32MP131DAF7, STM32MP131DAG7, STM32MP131FAE7, STM32MP131FAF7, STM32MP131FAG7, STM32MP133AAE3, STM32MP133AAF3, STM32MP133AAG3, STM32MP133CAE3, STM32MP133CAF3, STM32MP133CAG3, STM32MP133DAE7, STM32MP133DAF7, STM32MP133DAG7, STM32MP133FAE7, STM32MP133FAF7, STM32MP133FAG7, STM32MP135AAE3, STM32MP135AAF3, STM32MP135AAG3, STM32MP135CAE3, STM32MP135CAF3, STM32MP135CAG3, STM32MP135DAE7, STM32MP135DAF7, STM32MP135DAG7, STM32MP135F-DK, STM32MP135FAE7, STM32MP135FAF7, STM32MP135FAF7T, STM32MP135FAF7U, STM32MP135FAG7, STM32MP211AAL3, STM32MP211AAM3, STM32MP211AAN3, STM32MP211AAO3, STM32MP211CAL3, STM32MP211CAM3, STM32MP211CAN3, STM32MP211CAO3, STM32MP211DAL3, STM32MP211DAM3, STM32MP211DAN3, STM32MP211DAO3, STM32MP211FAL3, STM32MP211FAM3, STM32MP211FAN3, STM32MP211FAO3, STM32MP213AAL3, STM32MP213AAM3, STM32MP213AAN3, STM32MP213AAO3, STM32MP213CAL3, STM32MP213CAM3, STM32MP213CAN3, STM32MP213CAO3, STM32MP213DAL3, STM32MP213DAM3, STM32MP213DAN3, STM32MP213DAO3, STM32MP213FAL3, STM32MP213FAM3, STM32MP213FAN3, STM32MP213FAO3, STM32MP215AAL3, STM32MP215AAM3, STM32MP215AAN3, STM32MP215AAO3, STM32MP215CAL3, STM32MP215CAM3, STM32MP215CAN3, STM32MP215CAO3, STM32MP215DAL3, STM32MP215DAM3, STM32MP215DAN3, STM32MP215DAO3, STM32MP215F-DK, STM32MP215FAL3, STM32MP215FAM3, STM32MP215FAN3, STM32MP215FAO3, STM32MP231AAJ3, STM32MP231AAK3, STM32MP231AAL3, STM32MP231CAJ3, STM32MP231CAK3, STM32MP231CAL3, STM32MP231DAJ3, STM32MP231DAK3, STM32MP231DAL3, STM32MP231FAJ3, STM32MP231FAK3, STM32MP231FAL3, STM32MP233AAJ3, STM32MP233AAK3, STM32MP233AAL3, STM32MP233CAJ3, STM32MP233CAK3, STM32MP233CAL3, STM32MP233DAJ3, STM32MP233DAK3, STM32MP233DAL3, STM32MP233FAJ3, STM32MP233FAK3, STM32MP233FAL3, STM32MP235AAJ3, STM32MP235AAK3, STM32MP235AAL3, STM32MP235CAJ3, STM32MP235CAK3, STM32MP235CAL3, STM32MP235DAJ3, STM32MP235DAK3, STM32MP235DAL3, STM32MP235FAJ3, STM32MP235FAK3, STM32MP235FAL3, STM32MP251AAI3, STM32MP251AAK3, STM32MP251AAL3, STM32MP251CAI3, STM32MP251CAK3, STM32MP251CAL3, STM32MP251DAI3, STM32MP251DAK3, STM32MP251DAL3, STM32MP251FAI3, STM32MP251FAK3, STM32MP251FAL3, STM32MP253AAI3, STM32MP253AAK3, STM32MP253AAL3, STM32MP253CAI3, STM32MP253CAK3, STM32MP253CAL3, STM32MP253DAI3, STM32MP253DAK3, STM32MP253DAL3, STM32MP253FAI3, STM32MP253FAK3, STM32MP253FAL3, STM32MP255AAI3, STM32MP255AAK3, STM32MP255AAL3, STM32MP255CAI3, STM32MP255CAK3, STM32MP255CAL3, STM32MP255DAI3, STM32MP255DAK3, STM32MP255DAL3, STM32MP255FAI3, STM32MP255FAK3, STM32MP255FAL3, STM32MP257AAI3, STM32MP257AAK3, STM32MP257AAL3, STM32MP257CAI3, STM32MP257CAK3, STM32MP257CAL3, STM32MP257DAI3, STM32MP257DAK3, STM32MP257DAL3, STM32MP257F-DK, STM32MP257F-EV1, STM32MP257FAI3, STM32MP257FAK3, STM32MP257FAL3, STM32N645A0H3Q, STM32N645B0H3Q, STM32N645I0H3Q, STM32N645L0H3Q, STM32N645X0H3Q, STM32N645Z0H3Q, STM32N647A0H3Q, STM32N647B0H3Q, STM32N647I0H3Q, STM32N647L0H3Q, STM32N647X0H3Q, STM32N647Z0H3Q, STM32N655A0H3Q, STM32N655B0H3Q, STM32N655I0H3Q, STM32N655L0H3Q, STM32N655X0H3Q, STM32N655Z0H3Q, STM32N6570-DK, STM32N657A0H3Q, STM32N657B0H3Q, STM32N657I0H3Q, STM32N657L0H3Q, STM32N657X0H3Q, STM32N657Z0H3Q, STM32U031C6T6, STM32U031C6U6, STM32U031C8T6, STM32U031C8U6, STM32U031F4P6, STM32U031F6P6, STM32U031F8P6, STM32U031G6Y6TR, STM32U031G8Y6TR, STM32U031K4U6, STM32U031K6U6, STM32U031K8U6, STM32U031R6I6, STM32U031R6T6, STM32U031R8I6, STM32U031R8T6, STM32U073C8T6, STM32U073C8U6, STM32U073CBT6, STM32U073CBU6, STM32U073CCT6, STM32U073CCU6, STM32U073H8Y6TR, STM32U073HBY6TR, STM32U073HCY6TR, STM32U073K8U6, STM32U073KBU6, STM32U073KCU6, STM32U073M8I6, STM32U073M8T6, STM32U073MBI6, STM32U073MBT6, STM32U073MCI6, STM32U073MCT6, STM32U073R8I6, STM32U073R8T6, STM32U073RBI6, STM32U073RBT6, STM32U073RCI6, STM32U073RCT6, STM32U083C-DK, STM32U083CCT6, STM32U083CCU6, STM32U083HCY6TR, STM32U083KCU6, STM32U083MCI6, STM32U083MCT6, STM32U083RCI6, STM32U083RCT6, STM32U375CET6, STM32U375CET6Q, STM32U375CEU6, STM32U375CEU6Q, STM32U375CEY6QTR, STM32U375CGT6, STM32U375CGT6Q, STM32U375CGU6, STM32U375CGU6Q, STM32U375CGY6QTR, STM32U375KEU6, STM32U375KGU6, STM32U375REI6, STM32U375REI6Q, STM32U375RET6, STM32U375RET6Q, STM32U375REY6GTR, STM32U375REY6QTR, STM32U375RGI6, STM32U375RGI6Q, STM32U375RGT6, STM32U375RGT6Q, STM32U375RGY6GTR, STM32U375RGY6QTR, STM32U375VEI6, STM32U375VEI6Q, STM32U375VET6, STM32U375VET6Q, STM32U375VGI6, STM32U375VGI6Q, STM32U375VGT6, STM32U375VGT6Q, STM32U385CGT6, STM32U385CGT6Q, STM32U385CGU6, STM32U385CGU6Q, STM32U385CGY6QTR, STM32U385KGU6, STM32U385RGI6, STM32U385RGI6Q, STM32U385RGT6, STM32U385RGT6Q, STM32U385RGY6GTR, STM32U385RGY6QTR, STM32U385VGI6, STM32U385VGI6Q, STM32U385VGT6, STM32U385VGT6Q, STM32U535CBT6, STM32U535CBT6Q, STM32U535CBU6, STM32U535CBU6Q, STM32U535CCT6, STM32U535CCT6Q, STM32U535CCU6, STM32U535CCU6Q, STM32U535CET6, STM32U535CET6Q, STM32U535CEU6, STM32U535CEU6Q, STM32U535JEY6QTR, STM32U535NCY6QTR, STM32U535NEY6QTR, STM32U535RBI6, STM32U535RBI6Q, STM32U535RBT6, STM32U535RBT6Q, STM32U535RCI6, STM32U535RCI6Q, STM32U535RCT6, STM32U535RCT6Q, STM32U535REI6, STM32U535REI6Q, STM32U535RET6, STM32U535RET6Q, STM32U535VCI6, STM32U535VCI6Q, STM32U535VCT6, STM32U535VCT6Q, STM32U535VEI6, STM32U535VEI6Q, STM32U535VET6, STM32U535VET6Q, STM32U545CET6, STM32U545CET6Q, STM32U545CEU6, STM32U545CEU6Q, STM32U545JEY6QTR, STM32U545NEY6QTR, STM32U545REI6, STM32U545REI6Q, STM32U545RET6, STM32U545RET6Q, STM32U545VEI6, STM32U545VEI6Q, STM32U545VET6, STM32U545VET6Q, STM32U595AIH6, STM32U595AIH6Q, STM32U595AJH6, STM32U595AJH6Q, STM32U595QII6, STM32U595QII6Q, STM32U595QJI6, STM32U595QJI6Q, STM32U595RIT6, STM32U595RIT6Q, STM32U595RJT6, STM32U595RJT6Q, STM32U595VIT6, STM32U595VIT6Q, STM32U595VJT6, STM32U595VJT6Q, STM32U595ZIT6, STM32U595ZIT6Q, STM32U595ZIY6QTR, STM32U595ZJT6, STM32U595ZJT6Q, STM32U595ZJY6QTR, STM32U599BJY6QTR, STM32U599NIH6Q, STM32U599NJH6Q, STM32U599VIT6Q, STM32U599VJT6, STM32U599VJT6Q, STM32U599ZIT6Q, STM32U599ZIY6QTR, STM32U599ZJT6Q, STM32U599ZJY6QTR, STM32U5A5AJH6, STM32U5A5AJH6Q, STM32U5A5QII3Q , STM32U5A5QJI6, STM32U5A5QJI6Q, STM32U5A5RJT6, STM32U5A5RJT6Q, STM32U5A5VJT6, STM32U5A5VJT6Q, STM32U5A5ZJT6, STM32U5A5ZJT6Q, STM32U5A5ZJY6QTR, STM32U5A9BJY6QTR, STM32U5A9J-DK, STM32U5A9NJH6Q, STM32U5A9VJT6Q, STM32U5A9ZJT6Q, STM32U5A9ZJY6QTR, STM32U5F7VIT6, STM32U5F7VIT6Q, STM32U5F7VJT6, STM32U5F7VJT6Q, STM32U5F9BJY6QTR, STM32U5F9NJH6Q, STM32U5F9VIT6Q, STM32U5F9VJT6Q, STM32U5F9ZIJ6QTR, STM32U5F9ZIT6Q, STM32U5F9ZJJ6QTR, STM32U5F9ZJT6Q, STM32U5G7VJT6, STM32U5G7VJT6Q, STM32U5G9BJY6QTR, STM32U5G9J-DK1, STM32U5G9J-DK2, STM32U5G9NJH6Q, STM32U5G9VJT6Q, STM32U5G9ZJJ6QTR, STM32U5G9ZJT6Q, STM32WB05KZV6TR, STM32WB05KZV7TR, STM32WB05TZF6TR, STM32WB05TZF7TR, STM32WB06CCF6TR, STM32WB06CCF7TR, STM32WB06CCV6TR, STM32WB06CCV7TR, STM32WB06KCV6TR, STM32WB06KCV7TR, STM32WB07CCF6TR, STM32WB07CCF7TR, STM32WB07CCV6TR, STM32WB07CCV7TR, STM32WB07KCV6TR, STM32WB07KCV7TR, STM32WB09KEV6TR, STM32WB09KEV7TR, STM32WB09TEF6TR, STM32WB09TEF7TR, STM32WB1MMCH6, STM32WBA50KGU6, STM32WBA50KGU6TR, STM32WBA52CEU6, STM32WBA52CEU6TR, STM32WBA52CEU7, STM32WBA52CEU7TR, STM32WBA52CGU6, STM32WBA52CGU6TR, STM32WBA52CGU6U, STM32WBA52CGU7, STM32WBA52CGU7TR, STM32WBA52KEU6, STM32WBA52KEU6TR, STM32WBA52KGU6, STM32WBA52KGU6TR, STM32WBA54CEU6, STM32WBA54CEU6TR, STM32WBA54CEU7, STM32WBA54CEU7TR, STM32WBA54CGU6, STM32WBA54CGU6TR, STM32WBA54CGU7, STM32WBA54CGU7TR, STM32WBA54KEU6, STM32WBA54KEU6TR, STM32WBA54KEU7, STM32WBA54KEU7TR, STM32WBA54KGU6, STM32WBA54KGU6TR, STM32WBA54KGU7, STM32WBA54KGU7TR, STM32WBA55CEU6, STM32WBA55CEU6TR, STM32WBA55CEU7, STM32WBA55CEU7TR, STM32WBA55CGU6, STM32WBA55CGU6TR, STM32WBA55CGU6U, STM32WBA55CGU7, STM32WBA55CGU7TR, STM32WBA55G-DK1, STM32WBA55HEF6, STM32WBA55HEF7, STM32WBA55HGF6, STM32WBA55HGF7, STM32WBA55UEI6, STM32WBA55UEI6TR, STM32WBA55UEI7, STM32WBA55UEI7TR, STM32WBA55UGI6, STM32WBA55UGI6TR, STM32WBA55UGI7, STM32WBA55UGI7TR, STM32WBA5MMGH6TR, STM32WBA62MGF6, STM32WBA62MIF6, STM32WBA65MGF7, STM32WBA65MIF6, STM32WBA65MIF7, STM32WL30K8V6, STM32WL30KBV6, STM32WL31C8V6, STM32WL31CBV6, STM32WL31K8V6, STM32WL31KBV6, STM32WL33C8V6, STM32WL33C8V6X, STM32WL33CBV6, STM32WL33CBV6X, STM32WL33CCV6, STM32WL33CCV6A, STM32WL33CCV6X, STM32WL33K8V7, STM32WL33K8V7X, STM32WL33KBV7 , STM32WL33KBV7X, STM32WL33KCV7, STM32WL33KCV7X, STM32WL5MOCH6, STM32WL5MOCH6TR]
2026-05-08 14:54:13,879 [INFO] DbMcus:218 - Found 5055 MCUs, 4968 are supported
2026-05-08 14:54:13,879 [INFO] ApiDb:423 - Load user favorites file C:\Users\mocci/.stm32cubeide/favorites.mcus.txt: 0 item(s)
2026-05-08 14:54:13,879 [INFO] ApiDb:427 - User favorites MCUs=[]
2026-05-08 14:54:13,879 [INFO] DbMcus:224 - Set 0 / 0 favorites MCUs
2026-05-08 14:54:14,385 [INFO] BoardInfo:889 - No configuration file found for board NUCLEO-H5E5ZJ
2026-05-08 14:54:14,385 [INFO] DbBoards:161 - Board is not supported: NUCLEO-H5E5ZJ
2026-05-08 14:54:14,448 [INFO] BoardInfo:889 - No configuration file found for board NUCLEO-U3C5ZI-Q
2026-05-08 14:54:14,448 [INFO] DbBoards:161 - Board is not supported: NUCLEO-U3C5ZI-Q
2026-05-08 14:54:14,464 [INFO] BoardInfo:889 - No configuration file found for board NUCLEO-WBA25CE1
2026-05-08 14:54:14,464 [INFO] DbBoards:161 - Board is not supported: NUCLEO-WBA25CE1
2026-05-08 14:54:14,479 [INFO] BoardInfo:889 - No configuration file found for board NUCLEO-WL3RKB1
2026-05-08 14:54:14,479 [INFO] DbBoards:161 - Board is not supported: NUCLEO-WL3RKB1
2026-05-08 14:54:14,479 [INFO] BoardInfo:889 - No configuration file found for board NUCLEO-WL3RKB2
2026-05-08 14:54:14,479 [INFO] DbBoards:161 - Board is not supported: NUCLEO-WL3RKB2
2026-05-08 14:54:14,495 [INFO] BoardInfo:889 - No configuration file found for board P-NUCLEO-WB55
2026-05-08 14:54:14,495 [INFO] DbBoards:161 - Kit is not supported: P-NUCLEO-WB55
2026-05-08 14:54:14,495 [INFO] BoardInfo:889 - No configuration file found for board STEVAL-BFA001V1B
2026-05-08 14:54:14,495 [INFO] DbBoards:161 - Kit is not supported: STEVAL-BFA001V1B
2026-05-08 14:54:14,511 [INFO] BoardInfo:889 - No configuration file found for board STEVAL-BFA001V2B
2026-05-08 14:54:14,511 [INFO] DbBoards:161 - Kit is not supported: STEVAL-BFA001V2B
2026-05-08 14:54:14,622 [INFO] BoardInfo:889 - No configuration file found for board STM32H5F5J-DK
2026-05-08 14:54:14,622 [INFO] DbBoards:161 - Board is not supported: STM32H5F5J-DK
2026-05-08 14:54:14,716 [INFO] DbBoards:168 - Found 218 boards, 209 are supported
2026-05-08 14:54:14,716 [INFO] DbBoards:169 - Found 218 boards, 43 of them is supported for  Bsp
2026-05-08 14:54:14,732 [INFO] ApiDb:423 - Load user favorites file C:\Users\mocci/.stm32cubeide/favorites.boards.txt: 0 item(s)
2026-05-08 14:54:14,732 [INFO] ApiDb:427 - User favorites Boards=[]
2026-05-08 14:54:14,732 [INFO] DbBoards:198 - Set 0 / 0 favorites Boards
2026-05-08 14:54:14,796 [INFO] UtilMem:75 - End LoadConfig() Used Memory: 177356424 Bytes (316669952)
2026-05-08 14:54:15,019 [WARN] ThirdParty:833 - waiting for thirdparty lock release [change project]
2026-05-08 14:54:15,019 [INFO] ThirdParty:835 - entering critical section [change project]
2026-05-08 14:54:15,019 [INFO] ThirdParty:1030 - CMSIS Pack Vendor :STMicroelectronics X-CUBE-AZRTOS-H7 3.5.0
2026-05-08 14:54:15,019 [INFO] ThirdParty:1030 - CMSIS Pack Vendor :STMicroelectronics X-CUBE-PM33A1 1.0.0
2026-05-08 14:54:15,019 [INFO] ThirdParty:1030 - CMSIS Pack Vendor :STMicroelectronics USBPD 4.1
2026-05-08 14:54:15,019 [INFO] ThirdParty:1030 - CMSIS Pack Vendor :STMicroelectronics X-CUBE-NFC9 1.0.0
2026-05-08 14:54:15,019 [INFO] ThirdParty:1030 - CMSIS Pack Vendor :STMicroelectronics USB_HOST 2.0.0
2026-05-08 14:54:15,019 [INFO] ThirdParty:1030 - CMSIS Pack Vendor :STMicroelectronics X-CUBE-AZRTOS-F4 1.1.0
2026-05-08 14:54:15,019 [INFO] ThirdParty:1030 - CMSIS Pack Vendor :STMicroelectronics LIBJPEG 8.0.0
2026-05-08 14:54:15,019 [INFO] ThirdParty:1030 - CMSIS Pack Vendor :STMicroelectronics FP-ATR-ASTRA1 2.0.2
2026-05-08 14:54:15,019 [INFO] ThirdParty:1030 - CMSIS Pack Vendor :STMicroelectronics X-CUBE-BLE1 7.1.0
2026-05-08 14:54:15,019 [INFO] ThirdParty:1030 - CMSIS Pack Vendor :STMicroelectronics X-CUBE-SMBUS 2.1.0
2026-05-08 14:54:15,019 [INFO] ThirdParty:1030 - CMSIS Pack Vendor :wolfSSL I-CUBE-wolfMQTT 1.19.2
2026-05-08 14:54:15,019 [INFO] ThirdParty:1030 - CMSIS Pack Vendor :STMicroelectronics USB_DEVICE 3.0.0
2026-05-08 14:54:15,019 [INFO] ThirdParty:1030 - CMSIS Pack Vendor :STMicroelectronics X-CUBE-ISPU 2.1.0
2026-05-08 14:54:15,019 [INFO] ThirdParty:1030 - CMSIS Pack Vendor :STMicroelectronics X-CUBE-EEPRMA1 5.2.0
2026-05-08 14:54:15,019 [INFO] ThirdParty:1030 - CMSIS Pack Vendor :STMicroelectronics X-CUBE-IPS 3.2.0
2026-05-08 14:54:15,019 [INFO] ThirdParty:1030 - CMSIS Pack Vendor :STMicroelectronics X-CUBE-BLEMGR 4.1.0
2026-05-08 14:54:15,019 [INFO] ThirdParty:1030 - CMSIS Pack Vendor :STMicroelectronics eDS-WB_DPC_TT-BIDIR 2.1.1
2026-05-08 14:54:15,019 [INFO] ThirdParty:1030 - CMSIS Pack Vendor :STMicroelectronics X-CUBE-AZRTOS-WB 2.0.0
2026-05-08 14:54:15,019 [INFO] ThirdParty:1030 - CMSIS Pack Vendor :wolfSSL I-CUBE-wolfSSL 5.8.4
2026-05-08 14:54:15,019 [INFO] ThirdParty:1030 - CMSIS Pack Vendor :STMicroelectronics X-CUBE-NFC12 1.0.0
2026-05-08 14:54:15,019 [INFO] ThirdParty:1030 - CMSIS Pack Vendor :STMicroelectronics X-CUBE-AZRTOS-F7 1.1.0
2026-05-08 14:54:15,019 [INFO] ThirdParty:1030 - CMSIS Pack Vendor :STMicroelectronics X-CUBE-AZRTOS-L5 2.0.0
2026-05-08 14:54:15,019 [INFO] ThirdParty:1030 - CMSIS Pack Vendor :STMicroelectronics USB_DEVICE 2.0.0
2026-05-08 14:54:15,019 [INFO] ThirdParty:1030 - CMSIS Pack Vendor :STMicroelectronics FP-SNS-STAIOTCFT 1.1.0
2026-05-08 14:54:15,019 [INFO] ThirdParty:1030 - CMSIS Pack Vendor :quantropi X-CUBE-qispace-sdk-base 2.1.0
2026-05-08 14:54:15,019 [INFO] ThirdParty:1030 - CMSIS Pack Vendor :STMicroelectronics X-CUBE-MEMS1 12.0.0
2026-05-08 14:54:15,019 [INFO] ThirdParty:1030 - CMSIS Pack Vendor :STMicroelectronics X-CUBE-STSE01 2.0.0
2026-05-08 14:54:15,019 [INFO] ThirdParty:1030 - CMSIS Pack Vendor :STMicroelectronics FP-SNS-MOTENV1 5.1.0
2026-05-08 14:54:15,019 [INFO] ThirdParty:1030 - CMSIS Pack Vendor :STMicroelectronics FreeRTOS 0.0.1
2026-05-08 14:54:15,019 [INFO] ThirdParty:1030 - CMSIS Pack Vendor :STMicroelectronics X-CUBE-AZRTOS-G0 1.1.0
2026-05-08 14:54:15,019 [INFO] ThirdParty:1030 - CMSIS Pack Vendor :STMicroelectronics X-CUBE-NFC4 3.0.0
2026-05-08 14:54:15,019 [INFO] ThirdParty:1030 - CMSIS Pack Vendor :STMicroelectronics X-CUBE-SUBG2 5.0.0
2026-05-08 14:54:15,019 [INFO] ThirdParty:1030 - CMSIS Pack Vendor :STMicroelectronics STM32_WPAN 1.0.0
2026-05-08 14:54:15,019 [INFO] ThirdParty:1030 - CMSIS Pack Vendor :STMicroelectronics eDS-WB_DPC_VIENNA 1.2.0
2026-05-08 14:54:15,019 [INFO] ThirdParty:1030 - CMSIS Pack Vendor :EmbeddedOffice I-CUBE-FS-RTOS 1.0.1
2026-05-08 14:54:15,019 [INFO] ThirdParty:1030 - CMSIS Pack Vendor :STMicroelectronics lwIP 2.0.3
2026-05-08 14:54:15,019 [INFO] ThirdParty:1030 - CMSIS Pack Vendor :WES I-CUBE-Cesium 1.4.0
2026-05-08 14:54:15,019 [INFO] ThirdParty:1030 - CMSIS Pack Vendor :STMicroelectronics eDS-WB_DPC_3PH2L-BIDIR 1.1.1
2026-05-08 14:54:15,019 [INFO] ThirdParty:1030 - CMSIS Pack Vendor :STMicroelectronics USB_HOST 1.0.0
2026-05-08 14:54:15,019 [INFO] ThirdParty:1030 - CMSIS Pack Vendor :STMicroelectronics X-CUBE-AZRTOS-G4 2.0.0
2026-05-08 14:54:15,019 [INFO] ThirdParty:1030 - CMSIS Pack Vendor :STMicroelectronics PDM2PCM 3.1.0
2026-05-08 14:54:15,035 [INFO] ThirdParty:1030 - CMSIS Pack Vendor :STMicroelectronics PDM2PCM 3.3.0
2026-05-08 14:54:15,035 [INFO] ThirdParty:1030 - CMSIS Pack Vendor :wolfSSL I-CUBE-wolfTPM 3.8.0
2026-05-08 14:54:15,035 [INFO] ThirdParty:1030 - CMSIS Pack Vendor :STMicroelectronics X-CUBE-DISPLAY 3.0.0
2026-05-08 14:54:15,035 [INFO] ThirdParty:1030 - CMSIS Pack Vendor :wolfSSL I-CUBE-wolfSSH 1.4.20
2026-05-08 14:54:15,035 [INFO] ThirdParty:1030 - CMSIS Pack Vendor :STMicroelectronics X-CUBE-NFC7 2.0.0
2026-05-08 14:54:15,035 [INFO] ThirdParty:1030 - CMSIS Pack Vendor :STMicroelectronics X-CUBE-GNSS1 7.1.1
2026-05-08 14:54:15,035 [INFO] ThirdParty:1030 - CMSIS Pack Vendor :STMicroelectronics FP-SNS-MOTENVWB1 1.5.0
2026-05-08 14:54:15,035 [INFO] ThirdParty:1030 - CMSIS Pack Vendor :STMicroelectronics X-CUBE-TCPP 4.2.0
2026-05-08 14:54:15,035 [INFO] ThirdParty:1030 - CMSIS Pack Vendor :RealThread X-CUBE-RT-Thread_Nano 4.1.1
2026-05-08 14:54:15,035 [INFO] ThirdParty:1030 - CMSIS Pack Vendor :STMicroelectronics FP-ATR-SIGFOX1 3.2.0
2026-05-08 14:54:15,035 [INFO] ThirdParty:1030 - CMSIS Pack Vendor :STMicroelectronics X-CUBE-NFC10 1.0.0
2026-05-08 14:54:15,035 [INFO] ThirdParty:1030 - CMSIS Pack Vendor :STMicroelectronics HAL Drivers 0.0.0
2026-05-08 14:54:15,035 [INFO] ThirdParty:1030 - CMSIS Pack Vendor :STMicroelectronics X-CUBE-FREERTOS 1.5.0
2026-05-08 14:54:15,035 [INFO] ThirdParty:1030 - CMSIS Pack Vendor :STMicroelectronics MBEDTLS 2.16.2
2026-05-08 14:54:15,035 [INFO] ThirdParty:1030 - CMSIS Pack Vendor :STMicroelectronics X-CUBE-ST60 1.1.0
2026-05-08 14:54:15,035 [INFO] ThirdParty:1030 - CMSIS Pack Vendor :STMicroelectronics X-CUBE-ALS 1.0.2
2026-05-08 14:54:15,035 [INFO] ThirdParty:1030 - CMSIS Pack Vendor :emotas I-CUBE-CANOPEN 1.3.0
2026-05-08 14:54:15,035 [INFO] ThirdParty:1030 - CMSIS Pack Vendor :STMicroelectronics MBEDTLS 2.14.1
2026-05-08 14:54:15,035 [INFO] ThirdParty:1030 - CMSIS Pack Vendor :STMicroelectronics X-CUBE-GNSS1 7.1.0
2026-05-08 14:54:15,035 [INFO] ThirdParty:1030 - CMSIS Pack Vendor :ITTIA_DB I-CUBE-ITTIADB 8.9.0
2026-05-08 14:54:15,035 [INFO] ThirdParty:1030 - CMSIS Pack Vendor :Cesanta I-CUBE-Mongoose 7.21.0
2026-05-08 14:54:15,035 [INFO] ThirdParty:1030 - CMSIS Pack Vendor :STMicroelectronics X-CUBE-TOUCHGFX 4.26.1
2026-05-08 14:54:15,035 [INFO] ThirdParty:1030 - CMSIS Pack Vendor :STMicroelectronics X-CUBE-NFC6 3.2.0
2026-05-08 14:54:15,035 [INFO] ThirdParty:1030 - CMSIS Pack Vendor :STMicroelectronics FP-SNS-STBOX1 2.1.0
2026-05-08 14:54:15,035 [INFO] ThirdParty:1030 - CMSIS Pack Vendor :STMicroelectronics X-CUBE-AI 10.2.0
2026-05-08 14:54:15,035 [INFO] ThirdParty:1030 - CMSIS Pack Vendor :STMicroelectronics FP-SNS-STAIOTCFT 1.0.0
2026-05-08 14:54:15,035 [INFO] ThirdParty:1030 - CMSIS Pack Vendor :STMicroelectronics ThreadX 1.0.0
2026-05-08 14:54:15,035 [INFO] ThirdParty:1030 - CMSIS Pack Vendor :STMicroelectronics FP-SNS-SMARTAG2 1.2.0
2026-05-08 14:54:15,035 [INFO] ThirdParty:1030 - CMSIS Pack Vendor :STMicroelectronics X-CUBE-MEMS1 12.1.0
2026-05-08 14:54:15,035 [INFO] ThirdParty:1030 - CMSIS Pack Vendor :STMicroelectronics FP-SNS-FLIGHT1 5.1.0
2026-05-08 14:54:15,035 [INFO] ThirdParty:1030 - CMSIS Pack Vendor :STMicroelectronics X-CUBE-AZRTOS-WL 2.0.0
2026-05-08 14:54:15,035 [INFO] ThirdParty:1030 - CMSIS Pack Vendor :SEGGER I-CUBE-embOS 1.3.1
2026-05-08 14:54:15,035 [INFO] ThirdParty:1030 - CMSIS Pack Vendor :STMicroelectronics X-CUBE-ALGOBUILD 1.4.0
2026-05-08 14:54:15,035 [INFO] ThirdParty:1030 - CMSIS Pack Vendor :STMicroelectronics X-CUBE-DPower 1.3.0
2026-05-08 14:54:15,035 [INFO] ThirdParty:1030 - CMSIS Pack Vendor :STMicroelectronics USB_DEVICE 1.0.0
2026-05-08 14:54:15,035 [INFO] ThirdParty:1030 - CMSIS Pack Vendor :STMicroelectronics X-CUBE-AZRTOS-H7RS 1.2.0
2026-05-08 14:54:15,035 [INFO] ThirdParty:1030 - CMSIS Pack Vendor :STMicroelectronics X-CUBE-AZRTOS-L4 2.0.0
2026-05-08 14:54:15,035 [INFO] ThirdParty:1030 - CMSIS Pack Vendor :STMicroelectronics ThreadX 0.0.2
2026-05-08 14:54:15,035 [INFO] ThirdParty:1030 - CMSIS Pack Vendor :STMicroelectronics lwIP 2.1.2
2026-05-08 14:54:15,035 [INFO] ThirdParty:1030 - CMSIS Pack Vendor :STMicroelectronics X-CUBE-SFXS2LP1 4.0.0
2026-05-08 14:54:15,035 [INFO] ThirdParty:1030 - CMSIS Pack Vendor :STMicroelectronics X-CUBE-BLE2 3.3.0
2026-05-08 14:54:15,035 [INFO] ThirdParty:1030 - CMSIS Pack Vendor :Avnet-IOTCONNECT X-CUBE-iotc-st67-sdk 1.0.0
2026-05-08 14:54:15,035 [INFO] ThirdParty:1030 - CMSIS Pack Vendor :STMicroelectronics X-CUBE-TOF1 3.4.3
2026-05-08 14:54:15,035 [INFO] ThirdParty:1030 - CMSIS Pack Vendor :Infineon AIROC-Wi-Fi-Bluetooth-STM32 1.8.0
2026-05-08 14:54:15,035 [INFO] ThirdParty:1030 - CMSIS Pack Vendor :STMicroelectronics PDM2PCM 3.2.0
2026-05-08 14:54:15,035 [INFO] ThirdParty:1030 - CMSIS Pack Vendor :STMicroelectronics X-CUBE-WB05N 2.1.0
2026-05-08 14:54:15,035 [INFO] ThirdParty:1030 - CMSIS Pack Vendor :STMicroelectronics X-CUBE-ST67W61 1.2.0
2026-05-08 14:54:15,035 [INFO] ThirdParty:841 - exiting critical section [change project]
2026-05-08 14:54:15,779 [INFO] PinOutPanel:1589 - setPackage(No Configuration,No Configuration)
2026-05-08 14:54:15,779 [INFO] PinOutPanel:1589 - setPackage(STM32F303VCTx,LQFP100)
2026-05-08 14:54:16,267 [INFO] UtilMem:75 - Before build in PCC Used Memory: 284747744 Bytes (316669952)
2026-05-08 14:54:17,031 [INFO] UtilMem:75 - After build in PCC Used Memory: 229732240 Bytes (316669952)
2026-05-08 14:54:17,082 [INFO] IPUIPlugin:80 - create IPUIPlugin
2026-05-08 14:54:17,082 [INFO] IPUIPlugin:80 - create IPUIPlugin
2026-05-08 14:54:17,082 [INFO] IPUIPlugin:80 - create IPUIPlugin
2026-05-08 14:54:17,082 [INFO] IPUIPlugin:80 - create IPUIPlugin
2026-05-08 14:54:17,082 [INFO] IPUIPlugin:80 - create IPUIPlugin
2026-05-08 14:54:17,082 [INFO] IPUIPlugin:80 - create IPUIPlugin
2026-05-08 14:54:17,082 [INFO] IPUIPlugin:80 - create IPUIPlugin
2026-05-08 14:54:17,082 [INFO] IPUIPlugin:80 - create IPUIPlugin
2026-05-08 14:54:17,082 [INFO] IPUIPlugin:80 - create IPUIPlugin
2026-05-08 14:54:17,082 [INFO] IPUIPlugin:80 - create IPUIPlugin
2026-05-08 14:54:17,082 [INFO] IPUIPlugin:80 - create IPUIPlugin
2026-05-08 14:54:17,082 [INFO] IPUIPlugin:80 - create IPUIPlugin
2026-05-08 14:54:17,082 [INFO] IPUIPlugin:80 - create IPUIPlugin
2026-05-08 14:54:17,082 [INFO] IPUIPlugin:80 - create IPUIPlugin
2026-05-08 14:54:17,082 [INFO] IPUIPlugin:80 - create IPUIPlugin
2026-05-08 14:54:17,082 [INFO] IPUIPlugin:80 - create IPUIPlugin
2026-05-08 14:54:17,082 [INFO] IPUIPlugin:80 - create IPUIPlugin
2026-05-08 14:54:17,082 [INFO] IPUIPlugin:80 - create IPUIPlugin
2026-05-08 14:54:17,082 [INFO] IPUIPlugin:80 - create IPUIPlugin
2026-05-08 14:54:17,082 [INFO] IPUIPlugin:80 - create IPUIPlugin
2026-05-08 14:54:17,082 [INFO] IPUIPlugin:80 - create IPUIPlugin
2026-05-08 14:54:17,082 [INFO] IPUIPlugin:80 - create IPUIPlugin
2026-05-08 14:54:17,082 [INFO] IPUIPlugin:80 - create IPUIPlugin
2026-05-08 14:54:17,082 [INFO] IPUIPlugin:80 - create IPUIPlugin
2026-05-08 14:54:17,082 [INFO] IPUIPlugin:80 - create IPUIPlugin
2026-05-08 14:54:17,082 [INFO] IPUIPlugin:80 - create IPUIPlugin
2026-05-08 14:54:17,082 [INFO] IPUIPlugin:80 - create IPUIPlugin
2026-05-08 14:54:17,082 [INFO] IPUIPlugin:80 - create IPUIPlugin
2026-05-08 14:54:17,082 [INFO] IPUIPlugin:80 - create IPUIPlugin
2026-05-08 14:54:17,082 [INFO] IPUIPlugin:80 - create IPUIPlugin
2026-05-08 14:54:17,082 [INFO] IPUIPlugin:80 - create IPUIPlugin
2026-05-08 14:54:17,082 [INFO] IPUIPlugin:80 - create IPUIPlugin
2026-05-08 14:54:17,082 [INFO] IPUIPlugin:80 - create IPUIPlugin
2026-05-08 14:54:17,082 [INFO] IPUIPlugin:80 - create IPUIPlugin
2026-05-08 14:54:17,082 [INFO] IPUIPlugin:80 - create IPUIPlugin
2026-05-08 14:54:17,082 [INFO] IPUIPlugin:80 - create IPUIPlugin
2026-05-08 14:54:17,082 [INFO] IPUIPlugin:80 - create IPUIPlugin
2026-05-08 14:54:17,082 [INFO] IPUIPlugin:80 - create IPUIPlugin
2026-05-08 14:54:17,082 [INFO] IPUIPlugin:80 - create IPUIPlugin
2026-05-08 14:54:17,082 [INFO] IPUIPlugin:80 - create IPUIPlugin
2026-05-08 14:54:17,082 [INFO] IPUIPlugin:80 - create IPUIPlugin
2026-05-08 14:54:17,082 [INFO] IPUIPlugin:80 - create IPUIPlugin
2026-05-08 14:54:17,082 [INFO] IPUIPlugin:80 - create IPUIPlugin
2026-05-08 14:54:17,082 [INFO] IPUIPlugin:80 - create IPUIPlugin
2026-05-08 14:54:17,082 [INFO] IPUIPlugin:80 - create IPUIPlugin
2026-05-08 14:54:17,082 [INFO] IPUIPlugin:80 - create IPUIPlugin
2026-05-08 14:54:17,082 [INFO] IPUIPlugin:80 - create IPUIPlugin
2026-05-08 14:54:17,082 [INFO] IPUIPlugin:80 - create IPUIPlugin
2026-05-08 14:54:17,082 [INFO] IPUIPlugin:80 - create IPUIPlugin
2026-05-08 14:54:17,082 [INFO] IPUIPlugin:80 - create IPUIPlugin
2026-05-08 14:54:17,082 [INFO] IPUIPlugin:80 - create IPUIPlugin
2026-05-08 14:54:17,082 [INFO] IPUIPlugin:80 - create IPUIPlugin
2026-05-08 14:54:17,082 [INFO] IPUIPlugin:80 - create IPUIPlugin
2026-05-08 14:54:17,082 [INFO] IPUIPlugin:80 - create IPUIPlugin
2026-05-08 14:54:17,082 [INFO] IPUIPlugin:80 - create IPUIPlugin
2026-05-08 14:54:17,383 [INFO] CADModel:165 - CPN selected for project levelSTM32F303VCT6
2026-05-08 14:54:17,383 [INFO] CADModel:114 - Register for checkConnection events
2026-05-08 14:54:17,433 [INFO] OpenFileManager:386 - Restore cursor
2026-05-08 14:54:17,638 [WARN] IP:2250 - lpm_enable not found: check if there is a RefParameter without a condition.
2026-05-08 14:54:17,638 [WARN] IP:2250 - lpm_enable not found: check if there is a RefParameter without a condition.
2026-05-08 14:54:20,211 [INFO] LogOutputStream:77 - [STDOUT_REDIRECT] 
2026-05-08 14:54:20,960 [INFO] McuFinderGlobals:63 - Set McuFinder mode to 2 (CubeIDE integrated)
2026-05-08 14:54:20,961 [INFO] UserAuth:487 - Internet connection configuration mode: 1
2026-05-08 14:54:20,983 [INFO] JxBrowserEngine:152 - Initiate JxBrowser Engine with user profile folder
2026-05-08 14:54:23,406 [INFO] WebApp:169 - Instantiating new browser for Auth
2026-05-08 14:54:25,327 [INFO] WebApp:463 - Apply proxy settings
2026-05-08 14:54:25,328 [INFO] WebApp:548 - Chromium requires no authentication
2026-05-08 14:54:25,473 [INFO] WebApp:491 - Direct internet connection detected
2026-05-08 14:54:25,997 [INFO] WebApp:900 - Register for checkConnection events
2026-05-08 14:54:25,997 [INFO] WebApp:463 - Apply proxy settings
2026-05-08 14:54:25,997 [INFO] WebApp:548 - Chromium requires no authentication
2026-05-08 14:54:25,999 [INFO] WebApp:491 - Direct internet connection detected
2026-05-08 14:54:26,577 [INFO] WebApp:191 - Connection restablished
2026-05-08 14:54:27,237 [INFO] WebApp:225 - Starting web application
2026-05-08 14:54:27,237 [INFO] WebApp:593 - Web application path used C:\Users\mocci\Documents\APC\STM32CubeIDE_1.19.0\STM32CubeIDE\plugins\com.st.stm32cube.common.mx_6.15.0.202507011659\db\plugins\mcufinder\reactClient1\index.html
2026-05-08 14:54:27,509 [INFO] UserAuth:487 - Internet connection configuration mode: 1
2026-05-08 14:55:33,642 [INFO] MainUpdater:2872 - connection check result : 10
2026-05-08 14:55:33,646 [INFO] McuFinderGlobals:76 - Set McuFinderConnectedMode to true
2026-05-08 14:55:34,027 [INFO] ServerAccessManage:452 - Complete download http(s) 200
2026-05-08 14:55:34,028 [INFO] ServerAccessManage:509 - Download File mcusAds.json._tmp_
2026-05-08 14:55:34,181 [INFO] LoadUrlFilesThread:156 - End of LoadUrlFiles Thread
2026-05-08 14:55:34,429 [INFO] ServerAccessManage:452 - Complete download http(s) 200
2026-05-08 14:55:34,429 [INFO] ServerAccessManage:509 - Download File cube-finder-db.zip
2026-05-08 14:55:38,271 [INFO] FileExtend:248 - Unzip File : cube-finder-db.zip
2026-05-08 14:55:38,272 [INFO] FileExtend:263 - Standard Zip Deflate
2026-05-08 14:55:39,204 [INFO] LoadUrlFilesThread:156 - End of LoadUrlFiles Thread
2026-05-08 14:55:39,521 [INFO] ServerAccessManage:452 - Complete download http(s) 200
2026-05-08 14:55:39,522 [INFO] ServerAccessManage:509 - Download File crdb.zip
2026-05-08 14:55:39,728 [INFO] FileExtend:248 - Unzip File : crdb.zip
2026-05-08 14:55:39,729 [INFO] FileExtend:263 - Standard Zip Deflate
2026-05-08 14:55:39,907 [INFO] LoadUrlFilesThread:156 - End of LoadUrlFiles Thread
2026-05-08 14:55:40,042 [INFO] ServerAccessManage:452 - Complete download http(s) 200
2026-05-08 14:55:40,043 [INFO] ServerAccessManage:509 - Download File tutoVideoDB.zip
2026-05-08 14:55:40,055 [INFO] FileExtend:248 - Unzip File : tutoVideoDB.zip
2026-05-08 14:55:40,055 [INFO] FileExtend:263 - Standard Zip Deflate
2026-05-08 14:55:40,198 [INFO] LoadUrlFilesThread:156 - End of LoadUrlFiles Thread
2026-05-08 14:55:40,202 [WARN] DbFile:41 - Overriding database path with different value: C:\Users\mocci\.stmcufinder\plugins\mcufinder/ => C:\Users\mocci\.stmcufinder\plugins\mcufinder
2026-05-08 14:55:40,377 [ERROR] ServerAccessManage:1212 - Problem, file not found on Server
2026-05-08 14:55:40,378 [ERROR] ServerAccessManage:740 - Problem, file not found on Server : api_config.json.
2026-05-08 14:55:45,372 [INFO] LoadUrlFilesThread:156 - End of LoadUrlFiles Thread
2026-05-08 14:55:50,979 [INFO] DbMcusAds:53 - JSON generation date=Mon Apr 27 10:14:29 CEST 2026 (1777277669577)
2026-05-08 14:55:50,986 [INFO] ApiDb:448 - Save user favorites file C:\Users\mocci/.stm32cubeide/favorites.mcus.txt: 0 item(s)
2026-05-08 14:55:50,986 [INFO] ApiDb:452 - User favorites MCUs=[]
2026-05-08 14:55:50,989 [INFO] ApiDb:581 - Connected to CubeFinder SQLite database (C:\Users\mocci\.stmcufinder\plugins\mcufinder\mcu\cube-finder-db.db)
2026-05-08 14:55:51,055 [INFO] ApiDb:668 - CubeFinder database Data Model version=2.1
2026-05-08 14:55:51,055 [INFO] ApiDb:669 - CubeFinder database Configuration version=3.0.42
2026-05-08 14:55:51,055 [INFO] ApiDb:670 - CubeFinder database generation date=2026-03-11 (1773229989)
2026-05-08 14:55:51,055 [INFO] ApiDb:671 - CubeFinder database FW Pack versions=[FP-ATR-ASTRA1_V2.0.0, FP-SNS-FLIGHT1_V5.1.0, FP-SNS-MOTENV1_V5.1.0, FP-SNS-MOTENVWB1_V1.5.0, FP-SNS-SMARTAG2_V1.2.0, FP-SNS-STBOX1_V2.1.0, STM32Cube_FW_C0_V1.4.0, STM32Cube_FW_F4_V1.28.3, STM32Cube_FW_F7_V1.17.4, STM32Cube_FW_G0_V1.6.3, STM32Cube_FW_G4_V1.6.2, STM32Cube_FW_H5_V1.6.0, STM32Cube_FW_H7RS_V1.3.0, STM32Cube_FW_H7_V1.13.0, STM32Cube_FW_L0_V1.12.2, STM32Cube_FW_L4_V1.18.2, STM32Cube_FW_L5_V1.6.0, STM32Cube_FW_N6_V1.3.0, STM32Cube_FW_U0_V1.3.0, STM32Cube_FW_U3_V1.3.0, STM32Cube_FW_U5_V1.8.0, STM32Cube_FW_WB0_V1.4.0, STM32Cube_FW_WBA_V1.9.0, STM32Cube_FW_WB_V1.24.0, STM32Cube_FW_WL3_V1.4.0, STM32Cube_FW_WL_V1.5.0, X-CUBE-ALGOBUILD_V1.4.0, X-CUBE-ALS_V1.0.2, X-CUBE-AZRTOS-F4_V1.1.0, X-CUBE-AZRTOS-F7_V1.1.0, X-CUBE-AZRTOS-G0_V1.1.0, X-CUBE-AZRTOS-G4_V2.0.0, X-CUBE-AZRTOS-H7RS_V1.1.0, X-CUBE-AZRTOS-H7_V3.4.0, X-CUBE-AZRTOS-L4_V2.0.0, X-CUBE-AZRTOS-L5_V2.0.0, X-CUBE-AZRTOS-WB_V2.0.0, X-CUBE-AZRTOS-WL_V2.0.0, X-CUBE-BLE1_V7.1.0, X-CUBE-BLE2_V3.3.0, X-CUBE-BLEMGR_V4.1.0, X-CUBE-EEPRMA1_V5.2.0, X-CUBE-FREERTOS_V1.5.0, X-CUBE-GNSS1_V6.0.0, X-CUBE-MEMS1_V12.0.0, X-CUBE-NFC4_V3.0.0, X-CUBE-NFC7_V2.0.0, X-CUBE-SFXS2LP1_V4.0.0, X-CUBE-ST67W61_V1.2.0, X-CUBE-SUBG2_V5.0.0, X-CUBE-TOF1_V3.4.3]
2026-05-08 14:55:53,434 [INFO] ApiDb:240 - Found 880 in-development CPN: [B-G473E-ZEST1S, B-WB1M-WPAN1, B-WBA5M-WPAN, B-WL5M-SUBG1, NUCLEO-C031C6, NUCLEO-C051C8, NUCLEO-C071RB, NUCLEO-C092RC, NUCLEO-H503RB, NUCLEO-H533RE, NUCLEO-H563ZI, NUCLEO-H7S3L8, NUCLEO-N657X0-Q, NUCLEO-U031R8, NUCLEO-U083RC, NUCLEO-U385RG-Q, NUCLEO-U545RE-Q, NUCLEO-U5A5ZJ-Q, NUCLEO-WB05KZ, NUCLEO-WB07CC, NUCLEO-WB09KE, NUCLEO-WBA52CG, NUCLEO-WBA55CG, NUCLEO-WL33CC1, NUCLEO-WL33CC2, STEVAL-PROTEUS1, STEVAL-SMARTAG2, STEVAL-STWINBX1, STM320518-EVAL, STM32C0116-DK, STM32C011D6Y3TR, STM32C011D6Y6TR, STM32C011F4P3, STM32C011F4P6, STM32C011F4U3, STM32C011F4U6TR, STM32C011F6P3, STM32C011F6P6, STM32C011F6U3, STM32C011F6U6TR, STM32C011J4M3, STM32C011J4M6, STM32C011J6M3, STM32C011J6M6, STM32C0316-DK, STM32C031C4T3, STM32C031C4T6, STM32C031C4U3, STM32C031C4U6, STM32C031C6T3, STM32C031C6T6, STM32C031C6U3, STM32C031C6U6, STM32C031F4P3, STM32C031F4P6, STM32C031F6P3, STM32C031F6P6, STM32C031G4U3, STM32C031G4U6, STM32C031G6U3, STM32C031G6U6, STM32C031K4T3, STM32C031K4T6, STM32C031K4U3, STM32C031K4U6, STM32C031K6T3, STM32C031K6T6, STM32C031K6U3, STM32C031K6U6, STM32C051C6T6, STM32C051C6U6, STM32C051C8T6, STM32C051C8U6, STM32C051D8Y6TR, STM32C051F6P6, STM32C051F8P6, STM32C051G6U6, STM32C051G8U6, STM32C051K6T6, STM32C051K6U6, STM32C051K8T6, STM32C071C8T6, STM32C071C8T6N, STM32C071C8U6, STM32C071C8U6N, STM32C071CBT6, STM32C071CBT6N, STM32C071CBU6, STM32C071CBU6N, STM32C071F8P6, STM32C071F8P6N, STM32C071FBP6, STM32C071FBP6N, STM32C071FBY6TR, STM32C071G8U6, STM32C071G8U6N, STM32C071GBU6, STM32C071GBU6N, STM32C071K8T6, STM32C071K8T6N, STM32C071K8U6, STM32C071K8U6N, STM32C071KBT6, STM32C071KBT6N, STM32C071KBU6, STM32C071KBU6N, STM32C071R8T6, STM32C071R8T6N, STM32C071RBI6N, STM32C071RBT6, STM32C071RBT6N, STM32C091CBT6, STM32C091CBU6, STM32C091CCT6, STM32C091CCU6, STM32C091ECY6TR, STM32C091FBP6, STM32C091FCP6, STM32C091GBU6, STM32C091GCU6, STM32C091KBT6, STM32C091KBU6, STM32C091KCT6, STM32C091KCU6, STM32C091RBT6, STM32C091RCI6, STM32C091RCT6, STM32C092CBT6, STM32C092CBU6, STM32C092CCT6, STM32C092CCU6, STM32C092ECY6TR, STM32C092FBP6, STM32C092FCP6, STM32C092GBU6, STM32C092GCU6, STM32C092KBT6, STM32C092KBU6, STM32C092KCT6, STM32C092KCU6, STM32C092RBT6, STM32C092RCI6, STM32C092RCT6, STM32G071K8TXN, STM32G071K8UXN, STM32G081GBU6N, STM32G081KBT6N, STM32G081KBUXN, STM32G0B1CCT6N, STM32G0B1KCT6, STM32G0B1NEY6TR, STM32G0B1RCT6N, STM32G0C1CCT6, STM32G0C1CCT6N, STM32G0C1CCU6N, STM32G0C1CET6N, STM32G0C1CEU6N, STM32G0C1KCT6, STM32G0C1NEY6TR, STM32G0C1RCI6N, STM32G0C1RCT6N, STM32G0C1REI6N, STM32G0C1RET6N, STM32G0C1VCI6, STM32G0C1VEI6, STM32G411C6T3, STM32G411C6T6, STM32G411C6U3, STM32G411C6U6, STM32G411C8T3, STM32G411C8T6, STM32G411C8U3, STM32G411C8U6, STM32G411CBT3, STM32G411CBT6, STM32G411CBU3, STM32G411CBU6, STM32G411K6T3, STM32G411K6T6, STM32G411K6U3, STM32G411K6U6, STM32G411K8T3, STM32G411K8T6, STM32G411K8U3, STM32G411K8U6, STM32G411KBT3, STM32G411KBT6, STM32G411KBU3, STM32G411KBU6, STM32G411M6T3, STM32G411M6T6, STM32G411M8T3, STM32G411M8T6, STM32G411MBT3, STM32G411MBT6, STM32G411R6T3, STM32G411R6T6, STM32G411R8T3, STM32G411R8T6, STM32G411RBT3, STM32G411RBT6, STM32G414CBT3, STM32G414CBT6, STM32G414CBU3, STM32G414CBU6, STM32G414CCT3, STM32G414CCT6, STM32G414CCU3, STM32G414CCU6, STM32G414MBT3, STM32G414MBT6, STM32G414MCT3, STM32G414MCT6, STM32G414RBT3, STM32G414RBT6, STM32G414RCT3, STM32G414RCT6, STM32G414VBT3, STM32G414VBT6, STM32G414VCT3, STM32G414VCT6, STM32G431CBT3Z, STM32G431RBT3Z, STM32G471CCT6, STM32G471CCU6, STM32G471CET3, STM32G471CET6, STM32G471CEU3, STM32G471CEU6, STM32G471MCT6, STM32G471MET3, STM32G471MET6, STM32G471MEY6TR, STM32G471QCT6, STM32G471QET3, STM32G471RCT6, STM32G471RET3, STM32G471RET6, STM32G471VCH6, STM32G471VCI6, STM32G471VCT6, STM32G471VEH3, STM32G471VEH6, STM32G471VEI3, STM32G471VEI6, STM32G471VET3, STM32G471VET6, STM32G473QET3Z, STM32G473RET3Z, STM32G474CCT6, STM32G491RET3Z, STM32H503CBT6, STM32H503CBU6, STM32H503EBY6TR, STM32H503KBU6, STM32H503RBT6, STM32H523CCT6, STM32H523CCU6, STM32H523CET6, STM32H523CEU6, STM32H523HEY6TR, STM32H523RCT6, STM32H523RET6, STM32H523VCI6, STM32H523VCT6, STM32H523VEI6, STM32H523VET6, STM32H523ZCJ6, STM32H523ZCT6, STM32H523ZEJ6, STM32H523ZET6, STM32H533CET6, STM32H533CEU6, STM32H533HEY6TR, STM32H533RET6, STM32H533VEI6, STM32H533VET6, STM32H533ZEJ6, STM32H533ZET6, STM32H562AGI6, STM32H562AII6, STM32H562IGK6, STM32H562IGT6, STM32H562IIK6, STM32H562IIT6, STM32H562RGT6, STM32H562RGV6, STM32H562RIT6, STM32H562RIV6, STM32H562VGT6, STM32H562VIT6, STM32H562ZGT6, STM32H562ZIT6, STM32H563AGI6, STM32H563AII3Q, STM32H563AII6, STM32H563IGK6, STM32H563IGT6, STM32H563IIK3Q, STM32H563IIK6, STM32H563IIT3Q, STM32H563IIT6, STM32H563MIY3QTR, STM32H563RGT6, STM32H563RGV6, STM32H563RIT6, STM32H563RIV6, STM32H563VGT6, STM32H563VIT3Q, STM32H563VIT6, STM32H563ZGT6, STM32H563ZIT3Q, STM32H563ZIT6, STM32H573AII3Q, STM32H573AII6, STM32H573I-DK, STM32H573IIK3Q, STM32H573IIK6, STM32H573IIT3Q, STM32H573IIT6, STM32H573MIY3QTR, STM32H573RIT6, STM32H573RIV6, STM32H573VIT3Q, STM32H573VIT6, STM32H573ZIT3Q, STM32H573ZIT6, STM32H7R3A8I6, STM32H7R3I8K6, STM32H7R3I8T6, STM32H7R3L8H6, STM32H7R3L8H6H, STM32H7R3R8V6, STM32H7R3V8H6, STM32H7R3V8T6, STM32H7R3V8Y6TR, STM32H7R3Z8J6, STM32H7R3Z8T6, STM32H7R7A8I6, STM32H7R7I8K6, STM32H7R7I8T6, STM32H7R7L8H6, STM32H7R7L8H6H, STM32H7R7Z8J6, STM32H7S3A8I6, STM32H7S3I8K6, STM32H7S3I8T6, STM32H7S3L8H6, STM32H7S3L8H6H, STM32H7S3R8V6, STM32H7S3V8H6, STM32H7S3V8T6, STM32H7S3V8Y6TR, STM32H7S3Z8J6, STM32H7S3Z8T6, STM32H7S78-DK, STM32H7S7A8I6, STM32H7S7I8K6, STM32H7S7I8T6, STM32H7S7L8H6, STM32H7S7L8H6H, STM32H7S7Z8J6, STM32L4R5QGI6STR, STM32MP131AAE3, STM32MP131AAF3, STM32MP131AAG3, STM32MP131CAE3, STM32MP131CAF3, STM32MP131CAG3, STM32MP131DAE7, STM32MP131DAF7, STM32MP131DAG7, STM32MP131FAE7, STM32MP131FAF7, STM32MP131FAG7, STM32MP133AAE3, STM32MP133AAF3, STM32MP133AAG3, STM32MP133CAE3, STM32MP133CAF3, STM32MP133CAG3, STM32MP133DAE7, STM32MP133DAF7, STM32MP133DAG7, STM32MP133FAE7, STM32MP133FAF7, STM32MP133FAG7, STM32MP135AAE3, STM32MP135AAF3, STM32MP135AAG3, STM32MP135CAE3, STM32MP135CAF3, STM32MP135CAG3, STM32MP135DAE7, STM32MP135DAF7, STM32MP135DAG7, STM32MP135F-DK, STM32MP135FAE7, STM32MP135FAF7, STM32MP135FAF7T, STM32MP135FAF7U, STM32MP135FAG7, STM32MP211AAL3, STM32MP211AAM3, STM32MP211AAN3, STM32MP211AAO3, STM32MP211CAL3, STM32MP211CAM3, STM32MP211CAN3, STM32MP211CAO3, STM32MP211DAL3, STM32MP211DAM3, STM32MP211DAN3, STM32MP211DAO3, STM32MP211FAL3, STM32MP211FAM3, STM32MP211FAN3, STM32MP211FAO3, STM32MP213AAL3, STM32MP213AAM3, STM32MP213AAN3, STM32MP213AAO3, STM32MP213CAL3, STM32MP213CAM3, STM32MP213CAN3, STM32MP213CAO3, STM32MP213DAL3, STM32MP213DAM3, STM32MP213DAN3, STM32MP213DAO3, STM32MP213FAL3, STM32MP213FAM3, STM32MP213FAN3, STM32MP213FAO3, STM32MP215AAL3, STM32MP215AAM3, STM32MP215AAN3, STM32MP215AAO3, STM32MP215CAL3, STM32MP215CAM3, STM32MP215CAN3, STM32MP215CAO3, STM32MP215DAL3, STM32MP215DAM3, STM32MP215DAN3, STM32MP215DAO3, STM32MP215F-DK, STM32MP215FAL3, STM32MP215FAM3, STM32MP215FAN3, STM32MP215FAO3, STM32MP231AAJ3, STM32MP231AAK3, STM32MP231AAL3, STM32MP231CAJ3, STM32MP231CAK3, STM32MP231CAL3, STM32MP231DAJ3, STM32MP231DAK3, STM32MP231DAL3, STM32MP231FAJ3, STM32MP231FAK3, STM32MP231FAL3, STM32MP233AAJ3, STM32MP233AAK3, STM32MP233AAL3, STM32MP233CAJ3, STM32MP233CAK3, STM32MP233CAL3, STM32MP233DAJ3, STM32MP233DAK3, STM32MP233DAL3, STM32MP233FAJ3, STM32MP233FAK3, STM32MP233FAL3, STM32MP235AAJ3, STM32MP235AAK3, STM32MP235AAL3, STM32MP235CAJ3, STM32MP235CAK3, STM32MP235CAL3, STM32MP235DAJ3, STM32MP235DAK3, STM32MP235DAL3, STM32MP235FAJ3, STM32MP235FAK3, STM32MP235FAL3, STM32MP251AAI3, STM32MP251AAK3, STM32MP251AAL3, STM32MP251CAI3, STM32MP251CAK3, STM32MP251CAL3, STM32MP251DAI3, STM32MP251DAK3, STM32MP251DAL3, STM32MP251FAI3, STM32MP251FAK3, STM32MP251FAL3, STM32MP253AAI3, STM32MP253AAK3, STM32MP253AAL3, STM32MP253CAI3, STM32MP253CAK3, STM32MP253CAL3, STM32MP253DAI3, STM32MP253DAK3, STM32MP253DAL3, STM32MP253FAI3, STM32MP253FAK3, STM32MP253FAL3, STM32MP255AAI3, STM32MP255AAK3, STM32MP255AAL3, STM32MP255CAI3, STM32MP255CAK3, STM32MP255CAL3, STM32MP255DAI3, STM32MP255DAK3, STM32MP255DAL3, STM32MP255FAI3, STM32MP255FAK3, STM32MP255FAL3, STM32MP257AAI3, STM32MP257AAK3, STM32MP257AAL3, STM32MP257CAI3, STM32MP257CAK3, STM32MP257CAL3, STM32MP257DAI3, STM32MP257DAK3, STM32MP257DAL3, STM32MP257F-DK, STM32MP257F-EV1, STM32MP257FAI3, STM32MP257FAK3, STM32MP257FAL3, STM32N645A0H3Q, STM32N645B0H3Q, STM32N645I0H3Q, STM32N645L0H3Q, STM32N645X0H3Q, STM32N645Z0H3Q, STM32N647A0H3Q, STM32N647B0H3Q, STM32N647I0H3Q, STM32N647L0H3Q, STM32N647X0H3Q, STM32N647Z0H3Q, STM32N655A0H3Q, STM32N655B0H3Q, STM32N655I0H3Q, STM32N655L0H3Q, STM32N655X0H3Q, STM32N655Z0H3Q, STM32N6570-DK, STM32N657A0H3Q, STM32N657B0H3Q, STM32N657I0H3Q, STM32N657L0H3Q, STM32N657X0H3Q, STM32N657Z0H3Q, STM32U031C6T6, STM32U031C6U6, STM32U031C8T6, STM32U031C8U6, STM32U031F4P6, STM32U031F6P6, STM32U031F8P6, STM32U031G6Y6TR, STM32U031G8Y6TR, STM32U031K4U6, STM32U031K6U6, STM32U031K8U6, STM32U031R6I6, STM32U031R6T6, STM32U031R8I6, STM32U031R8T6, STM32U073C8T6, STM32U073C8U6, STM32U073CBT6, STM32U073CBU6, STM32U073CCT6, STM32U073CCU6, STM32U073H8Y6TR, STM32U073HBY6TR, STM32U073HCY6TR, STM32U073K8U6, STM32U073KBU6, STM32U073KCU6, STM32U073M8I6, STM32U073M8T6, STM32U073MBI6, STM32U073MBT6, STM32U073MCI6, STM32U073MCT6, STM32U073R8I6, STM32U073R8T6, STM32U073RBI6, STM32U073RBT6, STM32U073RCI6, STM32U073RCT6, STM32U083C-DK, STM32U083CCT6, STM32U083CCU6, STM32U083HCY6TR, STM32U083KCU6, STM32U083MCI6, STM32U083MCT6, STM32U083RCI6, STM32U083RCT6, STM32U375CET6, STM32U375CET6Q, STM32U375CEU6, STM32U375CEU6Q, STM32U375CEY6QTR, STM32U375CGT6, STM32U375CGT6Q, STM32U375CGU6, STM32U375CGU6Q, STM32U375CGY6QTR, STM32U375KEU6, STM32U375KGU6, STM32U375REI6, STM32U375REI6Q, STM32U375RET6, STM32U375RET6Q, STM32U375REY6GTR, STM32U375REY6QTR, STM32U375RGI6, STM32U375RGI6Q, STM32U375RGT6, STM32U375RGT6Q, STM32U375RGY6GTR, STM32U375RGY6QTR, STM32U375VEI6, STM32U375VEI6Q, STM32U375VET6, STM32U375VET6Q, STM32U375VGI6, STM32U375VGI6Q, STM32U375VGT6, STM32U375VGT6Q, STM32U385CGT6, STM32U385CGT6Q, STM32U385CGU6, STM32U385CGU6Q, STM32U385CGY6QTR, STM32U385KGU6, STM32U385RGI6, STM32U385RGI6Q, STM32U385RGT6, STM32U385RGT6Q, STM32U385RGY6GTR, STM32U385RGY6QTR, STM32U385VGI6, STM32U385VGI6Q, STM32U385VGT6, STM32U385VGT6Q, STM32U535CBT6, STM32U535CBT6Q, STM32U535CBU6, STM32U535CBU6Q, STM32U535CCT6, STM32U535CCT6Q, STM32U535CCU6, STM32U535CCU6Q, STM32U535CET6, STM32U535CET6Q, STM32U535CEU6, STM32U535CEU6Q, STM32U535JEY6QTR, STM32U535NCY6QTR, STM32U535NEY6QTR, STM32U535RBI6, STM32U535RBI6Q, STM32U535RBT6, STM32U535RBT6Q, STM32U535RCI6, STM32U535RCI6Q, STM32U535RCT6, STM32U535RCT6Q, STM32U535REI6, STM32U535REI6Q, STM32U535RET6, STM32U535RET6Q, STM32U535VCI6, STM32U535VCI6Q, STM32U535VCT6, STM32U535VCT6Q, STM32U535VEI6, STM32U535VEI6Q, STM32U535VET6, STM32U535VET6Q, STM32U545CET6, STM32U545CET6Q, STM32U545CEU6, STM32U545CEU6Q, STM32U545JEY6QTR, STM32U545NEY6QTR, STM32U545REI6, STM32U545REI6Q, STM32U545RET6, STM32U545RET6Q, STM32U545VEI6, STM32U545VEI6Q, STM32U545VET6, STM32U545VET6Q, STM32U595AIH6, STM32U595AIH6Q, STM32U595AJH6, STM32U595AJH6Q, STM32U595QII6, STM32U595QII6Q, STM32U595QJI6, STM32U595QJI6Q, STM32U595RIT6, STM32U595RIT6Q, STM32U595RJT6, STM32U595RJT6Q, STM32U595VIT6, STM32U595VIT6Q, STM32U595VJT6, STM32U595VJT6Q, STM32U595ZIT6, STM32U595ZIT6Q, STM32U595ZIY6QTR, STM32U595ZJT6, STM32U595ZJT6Q, STM32U595ZJY6QTR, STM32U599BJY6QTR, STM32U599NIH6Q, STM32U599NJH6Q, STM32U599VIT6Q, STM32U599VJT6, STM32U599VJT6Q, STM32U599ZIT6Q, STM32U599ZIY6QTR, STM32U599ZJT6Q, STM32U599ZJY6QTR, STM32U5A5AJH6, STM32U5A5AJH6Q, STM32U5A5QII3Q , STM32U5A5QJI6, STM32U5A5QJI6Q, STM32U5A5RJT6, STM32U5A5RJT6Q, STM32U5A5VJT6, STM32U5A5VJT6Q, STM32U5A5ZJT6, STM32U5A5ZJT6Q, STM32U5A5ZJY6QTR, STM32U5A9BJY6QTR, STM32U5A9J-DK, STM32U5A9NJH6Q, STM32U5A9VJT6Q, STM32U5A9ZJT6Q, STM32U5A9ZJY6QTR, STM32U5F7VIT6, STM32U5F7VIT6Q, STM32U5F7VJT6, STM32U5F7VJT6Q, STM32U5F9BJY6QTR, STM32U5F9NJH6Q, STM32U5F9VIT6Q, STM32U5F9VJT6Q, STM32U5F9ZIJ6QTR, STM32U5F9ZIT6Q, STM32U5F9ZJJ6QTR, STM32U5F9ZJT6Q, STM32U5G7VJT6, STM32U5G7VJT6Q, STM32U5G9BJY6QTR, STM32U5G9J-DK1, STM32U5G9J-DK2, STM32U5G9NJH6Q, STM32U5G9VJT6Q, STM32U5G9ZJJ6QTR, STM32U5G9ZJT6Q, STM32WB05KZV6TR, STM32WB05KZV7TR, STM32WB05TZF6TR, STM32WB05TZF7TR, STM32WB06CCF6TR, STM32WB06CCF7TR, STM32WB06CCV6TR, STM32WB06CCV7TR, STM32WB06KCV6TR, STM32WB06KCV7TR, STM32WB07CCF6TR, STM32WB07CCF7TR, STM32WB07CCV6TR, STM32WB07CCV7TR, STM32WB07KCV6TR, STM32WB07KCV7TR, STM32WB09KEV6TR, STM32WB09KEV7TR, STM32WB09TEF6TR, STM32WB09TEF7TR, STM32WB1MMCH6, STM32WBA50KGU6, STM32WBA50KGU6TR, STM32WBA52CEU6, STM32WBA52CEU6TR, STM32WBA52CEU7, STM32WBA52CEU7TR, STM32WBA52CGU6, STM32WBA52CGU6TR, STM32WBA52CGU6U, STM32WBA52CGU7, STM32WBA52CGU7TR, STM32WBA52KEU6, STM32WBA52KEU6TR, STM32WBA52KGU6, STM32WBA52KGU6TR, STM32WBA54CEU6, STM32WBA54CEU6TR, STM32WBA54CEU7, STM32WBA54CEU7TR, STM32WBA54CGU6, STM32WBA54CGU6TR, STM32WBA54CGU7, STM32WBA54CGU7TR, STM32WBA54KEU6, STM32WBA54KEU6TR, STM32WBA54KEU7, STM32WBA54KEU7TR, STM32WBA54KGU6, STM32WBA54KGU6TR, STM32WBA54KGU7, STM32WBA54KGU7TR, STM32WBA55CEU6, STM32WBA55CEU6TR, STM32WBA55CEU7, STM32WBA55CEU7TR, STM32WBA55CGU6, STM32WBA55CGU6TR, STM32WBA55CGU6U, STM32WBA55CGU7, STM32WBA55CGU7TR, STM32WBA55G-DK1, STM32WBA55HEF6, STM32WBA55HEF7, STM32WBA55HGF6, STM32WBA55HGF7, STM32WBA55UEI6, STM32WBA55UEI6TR, STM32WBA55UEI7, STM32WBA55UEI7TR, STM32WBA55UGI6, STM32WBA55UGI6TR, STM32WBA55UGI7, STM32WBA55UGI7TR, STM32WBA5MMGH6TR, STM32WBA62MGF6, STM32WBA62MIF6, STM32WBA65MGF7, STM32WBA65MIF6, STM32WBA65MIF7, STM32WL30K8V6, STM32WL30KBV6, STM32WL31C8V6, STM32WL31CBV6, STM32WL31K8V6, STM32WL31KBV6, STM32WL33C8V6, STM32WL33C8V6X, STM32WL33CBV6, STM32WL33CBV6X, STM32WL33CCV6, STM32WL33CCV6A, STM32WL33CCV6X, STM32WL33K8V7, STM32WL33K8V7X, STM32WL33KBV7 , STM32WL33KBV7X, STM32WL33KCV7, STM32WL33KCV7X, STM32WL5MOCH6, STM32WL5MOCH6TR]
2026-05-08 14:55:53,439 [INFO] DbMcus:218 - Found 5055 MCUs, 4968 are supported
2026-05-08 14:55:53,440 [INFO] ApiDb:423 - Load user favorites file C:\Users\mocci/.stm32cubeide/favorites.mcus.txt: 0 item(s)
2026-05-08 14:55:53,440 [INFO] ApiDb:427 - User favorites MCUs=[]
2026-05-08 14:55:53,440 [INFO] DbMcus:224 - Set 0 / 0 favorites MCUs
2026-05-08 14:55:53,879 [INFO] ApiDb:448 - Save user favorites file C:\Users\mocci/.stm32cubeide/favorites.boards.txt: 0 item(s)
2026-05-08 14:55:53,879 [INFO] ApiDb:452 - User favorites Boards=[]
2026-05-08 14:55:53,880 [INFO] ApiDb:581 - Connected to CubeFinder SQLite database (C:\Users\mocci\.stmcufinder\plugins\mcufinder\mcu\cube-finder-db.db)
2026-05-08 14:55:53,962 [INFO] ApiDb:668 - CubeFinder database Data Model version=2.1
2026-05-08 14:55:53,962 [INFO] ApiDb:669 - CubeFinder database Configuration version=3.0.42
2026-05-08 14:55:53,962 [INFO] ApiDb:670 - CubeFinder database generation date=2026-03-11 (1773229989)
2026-05-08 14:55:53,962 [INFO] ApiDb:671 - CubeFinder database FW Pack versions=[FP-ATR-ASTRA1_V2.0.0, FP-SNS-FLIGHT1_V5.1.0, FP-SNS-MOTENV1_V5.1.0, FP-SNS-MOTENVWB1_V1.5.0, FP-SNS-SMARTAG2_V1.2.0, FP-SNS-STBOX1_V2.1.0, STM32Cube_FW_C0_V1.4.0, STM32Cube_FW_F4_V1.28.3, STM32Cube_FW_F7_V1.17.4, STM32Cube_FW_G0_V1.6.3, STM32Cube_FW_G4_V1.6.2, STM32Cube_FW_H5_V1.6.0, STM32Cube_FW_H7RS_V1.3.0, STM32Cube_FW_H7_V1.13.0, STM32Cube_FW_L0_V1.12.2, STM32Cube_FW_L4_V1.18.2, STM32Cube_FW_L5_V1.6.0, STM32Cube_FW_N6_V1.3.0, STM32Cube_FW_U0_V1.3.0, STM32Cube_FW_U3_V1.3.0, STM32Cube_FW_U5_V1.8.0, STM32Cube_FW_WB0_V1.4.0, STM32Cube_FW_WBA_V1.9.0, STM32Cube_FW_WB_V1.24.0, STM32Cube_FW_WL3_V1.4.0, STM32Cube_FW_WL_V1.5.0, X-CUBE-ALGOBUILD_V1.4.0, X-CUBE-ALS_V1.0.2, X-CUBE-AZRTOS-F4_V1.1.0, X-CUBE-AZRTOS-F7_V1.1.0, X-CUBE-AZRTOS-G0_V1.1.0, X-CUBE-AZRTOS-G4_V2.0.0, X-CUBE-AZRTOS-H7RS_V1.1.0, X-CUBE-AZRTOS-H7_V3.4.0, X-CUBE-AZRTOS-L4_V2.0.0, X-CUBE-AZRTOS-L5_V2.0.0, X-CUBE-AZRTOS-WB_V2.0.0, X-CUBE-AZRTOS-WL_V2.0.0, X-CUBE-BLE1_V7.1.0, X-CUBE-BLE2_V3.3.0, X-CUBE-BLEMGR_V4.1.0, X-CUBE-EEPRMA1_V5.2.0, X-CUBE-FREERTOS_V1.5.0, X-CUBE-GNSS1_V6.0.0, X-CUBE-MEMS1_V12.0.0, X-CUBE-NFC4_V3.0.0, X-CUBE-NFC7_V2.0.0, X-CUBE-SFXS2LP1_V4.0.0, X-CUBE-ST67W61_V1.2.0, X-CUBE-SUBG2_V5.0.0, X-CUBE-TOF1_V3.4.3]
2026-05-08 14:55:54,031 [INFO] DbBoardsSqlite:226 - include board P-NUCLEO-WB55-NUCLEO as a kit item of type 'Nucleo-64'
2026-05-08 14:55:54,031 [INFO] DbBoardsSqlite:226 - include board P-NUCLEO-WB55-USBDONGLE as a kit item of type 'Nucleo USB Dongle'
2026-05-08 14:55:54,032 [INFO] DbBoardsSqlite:226 - include board STEVAL-IDP005V1 as a kit item of type 'Evaluation Board'
2026-05-08 14:55:54,032 [INFO] DbBoardsSqlite:226 - include board STEVAL-IDP005V2 as a kit item of type 'Evaluation Board'
2026-05-08 14:55:54,104 [INFO] ApiDb:240 - Found 880 in-development CPN: [B-G473E-ZEST1S, B-WB1M-WPAN1, B-WBA5M-WPAN, B-WL5M-SUBG1, NUCLEO-C031C6, NUCLEO-C051C8, NUCLEO-C071RB, NUCLEO-C092RC, NUCLEO-H503RB, NUCLEO-H533RE, NUCLEO-H563ZI, NUCLEO-H7S3L8, NUCLEO-N657X0-Q, NUCLEO-U031R8, NUCLEO-U083RC, NUCLEO-U385RG-Q, NUCLEO-U545RE-Q, NUCLEO-U5A5ZJ-Q, NUCLEO-WB05KZ, NUCLEO-WB07CC, NUCLEO-WB09KE, NUCLEO-WBA52CG, NUCLEO-WBA55CG, NUCLEO-WL33CC1, NUCLEO-WL33CC2, STEVAL-PROTEUS1, STEVAL-SMARTAG2, STEVAL-STWINBX1, STM320518-EVAL, STM32C0116-DK, STM32C011D6Y3TR, STM32C011D6Y6TR, STM32C011F4P3, STM32C011F4P6, STM32C011F4U3, STM32C011F4U6TR, STM32C011F6P3, STM32C011F6P6, STM32C011F6U3, STM32C011F6U6TR, STM32C011J4M3, STM32C011J4M6, STM32C011J6M3, STM32C011J6M6, STM32C0316-DK, STM32C031C4T3, STM32C031C4T6, STM32C031C4U3, STM32C031C4U6, STM32C031C6T3, STM32C031C6T6, STM32C031C6U3, STM32C031C6U6, STM32C031F4P3, STM32C031F4P6, STM32C031F6P3, STM32C031F6P6, STM32C031G4U3, STM32C031G4U6, STM32C031G6U3, STM32C031G6U6, STM32C031K4T3, STM32C031K4T6, STM32C031K4U3, STM32C031K4U6, STM32C031K6T3, STM32C031K6T6, STM32C031K6U3, STM32C031K6U6, STM32C051C6T6, STM32C051C6U6, STM32C051C8T6, STM32C051C8U6, STM32C051D8Y6TR, STM32C051F6P6, STM32C051F8P6, STM32C051G6U6, STM32C051G8U6, STM32C051K6T6, STM32C051K6U6, STM32C051K8T6, STM32C071C8T6, STM32C071C8T6N, STM32C071C8U6, STM32C071C8U6N, STM32C071CBT6, STM32C071CBT6N, STM32C071CBU6, STM32C071CBU6N, STM32C071F8P6, STM32C071F8P6N, STM32C071FBP6, STM32C071FBP6N, STM32C071FBY6TR, STM32C071G8U6, STM32C071G8U6N, STM32C071GBU6, STM32C071GBU6N, STM32C071K8T6, STM32C071K8T6N, STM32C071K8U6, STM32C071K8U6N, STM32C071KBT6, STM32C071KBT6N, STM32C071KBU6, STM32C071KBU6N, STM32C071R8T6, STM32C071R8T6N, STM32C071RBI6N, STM32C071RBT6, STM32C071RBT6N, STM32C091CBT6, STM32C091CBU6, STM32C091CCT6, STM32C091CCU6, STM32C091ECY6TR, STM32C091FBP6, STM32C091FCP6, STM32C091GBU6, STM32C091GCU6, STM32C091KBT6, STM32C091KBU6, STM32C091KCT6, STM32C091KCU6, STM32C091RBT6, STM32C091RCI6, STM32C091RCT6, STM32C092CBT6, STM32C092CBU6, STM32C092CCT6, STM32C092CCU6, STM32C092ECY6TR, STM32C092FBP6, STM32C092FCP6, STM32C092GBU6, STM32C092GCU6, STM32C092KBT6, STM32C092KBU6, STM32C092KCT6, STM32C092KCU6, STM32C092RBT6, STM32C092RCI6, STM32C092RCT6, STM32G071K8TXN, STM32G071K8UXN, STM32G081GBU6N, STM32G081KBT6N, STM32G081KBUXN, STM32G0B1CCT6N, STM32G0B1KCT6, STM32G0B1NEY6TR, STM32G0B1RCT6N, STM32G0C1CCT6, STM32G0C1CCT6N, STM32G0C1CCU6N, STM32G0C1CET6N, STM32G0C1CEU6N, STM32G0C1KCT6, STM32G0C1NEY6TR, STM32G0C1RCI6N, STM32G0C1RCT6N, STM32G0C1REI6N, STM32G0C1RET6N, STM32G0C1VCI6, STM32G0C1VEI6, STM32G411C6T3, STM32G411C6T6, STM32G411C6U3, STM32G411C6U6, STM32G411C8T3, STM32G411C8T6, STM32G411C8U3, STM32G411C8U6, STM32G411CBT3, STM32G411CBT6, STM32G411CBU3, STM32G411CBU6, STM32G411K6T3, STM32G411K6T6, STM32G411K6U3, STM32G411K6U6, STM32G411K8T3, STM32G411K8T6, STM32G411K8U3, STM32G411K8U6, STM32G411KBT3, STM32G411KBT6, STM32G411KBU3, STM32G411KBU6, STM32G411M6T3, STM32G411M6T6, STM32G411M8T3, STM32G411M8T6, STM32G411MBT3, STM32G411MBT6, STM32G411R6T3, STM32G411R6T6, STM32G411R8T3, STM32G411R8T6, STM32G411RBT3, STM32G411RBT6, STM32G414CBT3, STM32G414CBT6, STM32G414CBU3, STM32G414CBU6, STM32G414CCT3, STM32G414CCT6, STM32G414CCU3, STM32G414CCU6, STM32G414MBT3, STM32G414MBT6, STM32G414MCT3, STM32G414MCT6, STM32G414RBT3, STM32G414RBT6, STM32G414RCT3, STM32G414RCT6, STM32G414VBT3, STM32G414VBT6, STM32G414VCT3, STM32G414VCT6, STM32G431CBT3Z, STM32G431RBT3Z, STM32G471CCT6, STM32G471CCU6, STM32G471CET3, STM32G471CET6, STM32G471CEU3, STM32G471CEU6, STM32G471MCT6, STM32G471MET3, STM32G471MET6, STM32G471MEY6TR, STM32G471QCT6, STM32G471QET3, STM32G471RCT6, STM32G471RET3, STM32G471RET6, STM32G471VCH6, STM32G471VCI6, STM32G471VCT6, STM32G471VEH3, STM32G471VEH6, STM32G471VEI3, STM32G471VEI6, STM32G471VET3, STM32G471VET6, STM32G473QET3Z, STM32G473RET3Z, STM32G474CCT6, STM32G491RET3Z, STM32H503CBT6, STM32H503CBU6, STM32H503EBY6TR, STM32H503KBU6, STM32H503RBT6, STM32H523CCT6, STM32H523CCU6, STM32H523CET6, STM32H523CEU6, STM32H523HEY6TR, STM32H523RCT6, STM32H523RET6, STM32H523VCI6, STM32H523VCT6, STM32H523VEI6, STM32H523VET6, STM32H523ZCJ6, STM32H523ZCT6, STM32H523ZEJ6, STM32H523ZET6, STM32H533CET6, STM32H533CEU6, STM32H533HEY6TR, STM32H533RET6, STM32H533VEI6, STM32H533VET6, STM32H533ZEJ6, STM32H533ZET6, STM32H562AGI6, STM32H562AII6, STM32H562IGK6, STM32H562IGT6, STM32H562IIK6, STM32H562IIT6, STM32H562RGT6, STM32H562RGV6, STM32H562RIT6, STM32H562RIV6, STM32H562VGT6, STM32H562VIT6, STM32H562ZGT6, STM32H562ZIT6, STM32H563AGI6, STM32H563AII3Q, STM32H563AII6, STM32H563IGK6, STM32H563IGT6, STM32H563IIK3Q, STM32H563IIK6, STM32H563IIT3Q, STM32H563IIT6, STM32H563MIY3QTR, STM32H563RGT6, STM32H563RGV6, STM32H563RIT6, STM32H563RIV6, STM32H563VGT6, STM32H563VIT3Q, STM32H563VIT6, STM32H563ZGT6, STM32H563ZIT3Q, STM32H563ZIT6, STM32H573AII3Q, STM32H573AII6, STM32H573I-DK, STM32H573IIK3Q, STM32H573IIK6, STM32H573IIT3Q, STM32H573IIT6, STM32H573MIY3QTR, STM32H573RIT6, STM32H573RIV6, STM32H573VIT3Q, STM32H573VIT6, STM32H573ZIT3Q, STM32H573ZIT6, STM32H7R3A8I6, STM32H7R3I8K6, STM32H7R3I8T6, STM32H7R3L8H6, STM32H7R3L8H6H, STM32H7R3R8V6, STM32H7R3V8H6, STM32H7R3V8T6, STM32H7R3V8Y6TR, STM32H7R3Z8J6, STM32H7R3Z8T6, STM32H7R7A8I6, STM32H7R7I8K6, STM32H7R7I8T6, STM32H7R7L8H6, STM32H7R7L8H6H, STM32H7R7Z8J6, STM32H7S3A8I6, STM32H7S3I8K6, STM32H7S3I8T6, STM32H7S3L8H6, STM32H7S3L8H6H, STM32H7S3R8V6, STM32H7S3V8H6, STM32H7S3V8T6, STM32H7S3V8Y6TR, STM32H7S3Z8J6, STM32H7S3Z8T6, STM32H7S78-DK, STM32H7S7A8I6, STM32H7S7I8K6, STM32H7S7I8T6, STM32H7S7L8H6, STM32H7S7L8H6H, STM32H7S7Z8J6, STM32L4R5QGI6STR, STM32MP131AAE3, STM32MP131AAF3, STM32MP131AAG3, STM32MP131CAE3, STM32MP131CAF3, STM32MP131CAG3, STM32MP131DAE7, STM32MP131DAF7, STM32MP131DAG7, STM32MP131FAE7, STM32MP131FAF7, STM32MP131FAG7, STM32MP133AAE3, STM32MP133AAF3, STM32MP133AAG3, STM32MP133CAE3, STM32MP133CAF3, STM32MP133CAG3, STM32MP133DAE7, STM32MP133DAF7, STM32MP133DAG7, STM32MP133FAE7, STM32MP133FAF7, STM32MP133FAG7, STM32MP135AAE3, STM32MP135AAF3, STM32MP135AAG3, STM32MP135CAE3, STM32MP135CAF3, STM32MP135CAG3, STM32MP135DAE7, STM32MP135DAF7, STM32MP135DAG7, STM32MP135F-DK, STM32MP135FAE7, STM32MP135FAF7, STM32MP135FAF7T, STM32MP135FAF7U, STM32MP135FAG7, STM32MP211AAL3, STM32MP211AAM3, STM32MP211AAN3, STM32MP211AAO3, STM32MP211CAL3, STM32MP211CAM3, STM32MP211CAN3, STM32MP211CAO3, STM32MP211DAL3, STM32MP211DAM3, STM32MP211DAN3, STM32MP211DAO3, STM32MP211FAL3, STM32MP211FAM3, STM32MP211FAN3, STM32MP211FAO3, STM32MP213AAL3, STM32MP213AAM3, STM32MP213AAN3, STM32MP213AAO3, STM32MP213CAL3, STM32MP213CAM3, STM32MP213CAN3, STM32MP213CAO3, STM32MP213DAL3, STM32MP213DAM3, STM32MP213DAN3, STM32MP213DAO3, STM32MP213FAL3, STM32MP213FAM3, STM32MP213FAN3, STM32MP213FAO3, STM32MP215AAL3, STM32MP215AAM3, STM32MP215AAN3, STM32MP215AAO3, STM32MP215CAL3, STM32MP215CAM3, STM32MP215CAN3, STM32MP215CAO3, STM32MP215DAL3, STM32MP215DAM3, STM32MP215DAN3, STM32MP215DAO3, STM32MP215F-DK, STM32MP215FAL3, STM32MP215FAM3, STM32MP215FAN3, STM32MP215FAO3, STM32MP231AAJ3, STM32MP231AAK3, STM32MP231AAL3, STM32MP231CAJ3, STM32MP231CAK3, STM32MP231CAL3, STM32MP231DAJ3, STM32MP231DAK3, STM32MP231DAL3, STM32MP231FAJ3, STM32MP231FAK3, STM32MP231FAL3, STM32MP233AAJ3, STM32MP233AAK3, STM32MP233AAL3, STM32MP233CAJ3, STM32MP233CAK3, STM32MP233CAL3, STM32MP233DAJ3, STM32MP233DAK3, STM32MP233DAL3, STM32MP233FAJ3, STM32MP233FAK3, STM32MP233FAL3, STM32MP235AAJ3, STM32MP235AAK3, STM32MP235AAL3, STM32MP235CAJ3, STM32MP235CAK3, STM32MP235CAL3, STM32MP235DAJ3, STM32MP235DAK3, STM32MP235DAL3, STM32MP235FAJ3, STM32MP235FAK3, STM32MP235FAL3, STM32MP251AAI3, STM32MP251AAK3, STM32MP251AAL3, STM32MP251CAI3, STM32MP251CAK3, STM32MP251CAL3, STM32MP251DAI3, STM32MP251DAK3, STM32MP251DAL3, STM32MP251FAI3, STM32MP251FAK3, STM32MP251FAL3, STM32MP253AAI3, STM32MP253AAK3, STM32MP253AAL3, STM32MP253CAI3, STM32MP253CAK3, STM32MP253CAL3, STM32MP253DAI3, STM32MP253DAK3, STM32MP253DAL3, STM32MP253FAI3, STM32MP253FAK3, STM32MP253FAL3, STM32MP255AAI3, STM32MP255AAK3, STM32MP255AAL3, STM32MP255CAI3, STM32MP255CAK3, STM32MP255CAL3, STM32MP255DAI3, STM32MP255DAK3, STM32MP255DAL3, STM32MP255FAI3, STM32MP255FAK3, STM32MP255FAL3, STM32MP257AAI3, STM32MP257AAK3, STM32MP257AAL3, STM32MP257CAI3, STM32MP257CAK3, STM32MP257CAL3, STM32MP257DAI3, STM32MP257DAK3, STM32MP257DAL3, STM32MP257F-DK, STM32MP257F-EV1, STM32MP257FAI3, STM32MP257FAK3, STM32MP257FAL3, STM32N645A0H3Q, STM32N645B0H3Q, STM32N645I0H3Q, STM32N645L0H3Q, STM32N645X0H3Q, STM32N645Z0H3Q, STM32N647A0H3Q, STM32N647B0H3Q, STM32N647I0H3Q, STM32N647L0H3Q, STM32N647X0H3Q, STM32N647Z0H3Q, STM32N655A0H3Q, STM32N655B0H3Q, STM32N655I0H3Q, STM32N655L0H3Q, STM32N655X0H3Q, STM32N655Z0H3Q, STM32N6570-DK, STM32N657A0H3Q, STM32N657B0H3Q, STM32N657I0H3Q, STM32N657L0H3Q, STM32N657X0H3Q, STM32N657Z0H3Q, STM32U031C6T6, STM32U031C6U6, STM32U031C8T6, STM32U031C8U6, STM32U031F4P6, STM32U031F6P6, STM32U031F8P6, STM32U031G6Y6TR, STM32U031G8Y6TR, STM32U031K4U6, STM32U031K6U6, STM32U031K8U6, STM32U031R6I6, STM32U031R6T6, STM32U031R8I6, STM32U031R8T6, STM32U073C8T6, STM32U073C8U6, STM32U073CBT6, STM32U073CBU6, STM32U073CCT6, STM32U073CCU6, STM32U073H8Y6TR, STM32U073HBY6TR, STM32U073HCY6TR, STM32U073K8U6, STM32U073KBU6, STM32U073KCU6, STM32U073M8I6, STM32U073M8T6, STM32U073MBI6, STM32U073MBT6, STM32U073MCI6, STM32U073MCT6, STM32U073R8I6, STM32U073R8T6, STM32U073RBI6, STM32U073RBT6, STM32U073RCI6, STM32U073RCT6, STM32U083C-DK, STM32U083CCT6, STM32U083CCU6, STM32U083HCY6TR, STM32U083KCU6, STM32U083MCI6, STM32U083MCT6, STM32U083RCI6, STM32U083RCT6, STM32U375CET6, STM32U375CET6Q, STM32U375CEU6, STM32U375CEU6Q, STM32U375CEY6QTR, STM32U375CGT6, STM32U375CGT6Q, STM32U375CGU6, STM32U375CGU6Q, STM32U375CGY6QTR, STM32U375KEU6, STM32U375KGU6, STM32U375REI6, STM32U375REI6Q, STM32U375RET6, STM32U375RET6Q, STM32U375REY6GTR, STM32U375REY6QTR, STM32U375RGI6, STM32U375RGI6Q, STM32U375RGT6, STM32U375RGT6Q, STM32U375RGY6GTR, STM32U375RGY6QTR, STM32U375VEI6, STM32U375VEI6Q, STM32U375VET6, STM32U375VET6Q, STM32U375VGI6, STM32U375VGI6Q, STM32U375VGT6, STM32U375VGT6Q, STM32U385CGT6, STM32U385CGT6Q, STM32U385CGU6, STM32U385CGU6Q, STM32U385CGY6QTR, STM32U385KGU6, STM32U385RGI6, STM32U385RGI6Q, STM32U385RGT6, STM32U385RGT6Q, STM32U385RGY6GTR, STM32U385RGY6QTR, STM32U385VGI6, STM32U385VGI6Q, STM32U385VGT6, STM32U385VGT6Q, STM32U535CBT6, STM32U535CBT6Q, STM32U535CBU6, STM32U535CBU6Q, STM32U535CCT6, STM32U535CCT6Q, STM32U535CCU6, STM32U535CCU6Q, STM32U535CET6, STM32U535CET6Q, STM32U535CEU6, STM32U535CEU6Q, STM32U535JEY6QTR, STM32U535NCY6QTR, STM32U535NEY6QTR, STM32U535RBI6, STM32U535RBI6Q, STM32U535RBT6, STM32U535RBT6Q, STM32U535RCI6, STM32U535RCI6Q, STM32U535RCT6, STM32U535RCT6Q, STM32U535REI6, STM32U535REI6Q, STM32U535RET6, STM32U535RET6Q, STM32U535VCI6, STM32U535VCI6Q, STM32U535VCT6, STM32U535VCT6Q, STM32U535VEI6, STM32U535VEI6Q, STM32U535VET6, STM32U535VET6Q, STM32U545CET6, STM32U545CET6Q, STM32U545CEU6, STM32U545CEU6Q, STM32U545JEY6QTR, STM32U545NEY6QTR, STM32U545REI6, STM32U545REI6Q, STM32U545RET6, STM32U545RET6Q, STM32U545VEI6, STM32U545VEI6Q, STM32U545VET6, STM32U545VET6Q, STM32U595AIH6, STM32U595AIH6Q, STM32U595AJH6, STM32U595AJH6Q, STM32U595QII6, STM32U595QII6Q, STM32U595QJI6, STM32U595QJI6Q, STM32U595RIT6, STM32U595RIT6Q, STM32U595RJT6, STM32U595RJT6Q, STM32U595VIT6, STM32U595VIT6Q, STM32U595VJT6, STM32U595VJT6Q, STM32U595ZIT6, STM32U595ZIT6Q, STM32U595ZIY6QTR, STM32U595ZJT6, STM32U595ZJT6Q, STM32U595ZJY6QTR, STM32U599BJY6QTR, STM32U599NIH6Q, STM32U599NJH6Q, STM32U599VIT6Q, STM32U599VJT6, STM32U599VJT6Q, STM32U599ZIT6Q, STM32U599ZIY6QTR, STM32U599ZJT6Q, STM32U599ZJY6QTR, STM32U5A5AJH6, STM32U5A5AJH6Q, STM32U5A5QII3Q , STM32U5A5QJI6, STM32U5A5QJI6Q, STM32U5A5RJT6, STM32U5A5RJT6Q, STM32U5A5VJT6, STM32U5A5VJT6Q, STM32U5A5ZJT6, STM32U5A5ZJT6Q, STM32U5A5ZJY6QTR, STM32U5A9BJY6QTR, STM32U5A9J-DK, STM32U5A9NJH6Q, STM32U5A9VJT6Q, STM32U5A9ZJT6Q, STM32U5A9ZJY6QTR, STM32U5F7VIT6, STM32U5F7VIT6Q, STM32U5F7VJT6, STM32U5F7VJT6Q, STM32U5F9BJY6QTR, STM32U5F9NJH6Q, STM32U5F9VIT6Q, STM32U5F9VJT6Q, STM32U5F9ZIJ6QTR, STM32U5F9ZIT6Q, STM32U5F9ZJJ6QTR, STM32U5F9ZJT6Q, STM32U5G7VJT6, STM32U5G7VJT6Q, STM32U5G9BJY6QTR, STM32U5G9J-DK1, STM32U5G9J-DK2, STM32U5G9NJH6Q, STM32U5G9VJT6Q, STM32U5G9ZJJ6QTR, STM32U5G9ZJT6Q, STM32WB05KZV6TR, STM32WB05KZV7TR, STM32WB05TZF6TR, STM32WB05TZF7TR, STM32WB06CCF6TR, STM32WB06CCF7TR, STM32WB06CCV6TR, STM32WB06CCV7TR, STM32WB06KCV6TR, STM32WB06KCV7TR, STM32WB07CCF6TR, STM32WB07CCF7TR, STM32WB07CCV6TR, STM32WB07CCV7TR, STM32WB07KCV6TR, STM32WB07KCV7TR, STM32WB09KEV6TR, STM32WB09KEV7TR, STM32WB09TEF6TR, STM32WB09TEF7TR, STM32WB1MMCH6, STM32WBA50KGU6, STM32WBA50KGU6TR, STM32WBA52CEU6, STM32WBA52CEU6TR, STM32WBA52CEU7, STM32WBA52CEU7TR, STM32WBA52CGU6, STM32WBA52CGU6TR, STM32WBA52CGU6U, STM32WBA52CGU7, STM32WBA52CGU7TR, STM32WBA52KEU6, STM32WBA52KEU6TR, STM32WBA52KGU6, STM32WBA52KGU6TR, STM32WBA54CEU6, STM32WBA54CEU6TR, STM32WBA54CEU7, STM32WBA54CEU7TR, STM32WBA54CGU6, STM32WBA54CGU6TR, STM32WBA54CGU7, STM32WBA54CGU7TR, STM32WBA54KEU6, STM32WBA54KEU6TR, STM32WBA54KEU7, STM32WBA54KEU7TR, STM32WBA54KGU6, STM32WBA54KGU6TR, STM32WBA54KGU7, STM32WBA54KGU7TR, STM32WBA55CEU6, STM32WBA55CEU6TR, STM32WBA55CEU7, STM32WBA55CEU7TR, STM32WBA55CGU6, STM32WBA55CGU6TR, STM32WBA55CGU6U, STM32WBA55CGU7, STM32WBA55CGU7TR, STM32WBA55G-DK1, STM32WBA55HEF6, STM32WBA55HEF7, STM32WBA55HGF6, STM32WBA55HGF7, STM32WBA55UEI6, STM32WBA55UEI6TR, STM32WBA55UEI7, STM32WBA55UEI7TR, STM32WBA55UGI6, STM32WBA55UGI6TR, STM32WBA55UGI7, STM32WBA55UGI7TR, STM32WBA5MMGH6TR, STM32WBA62MGF6, STM32WBA62MIF6, STM32WBA65MGF7, STM32WBA65MIF6, STM32WBA65MIF7, STM32WL30K8V6, STM32WL30KBV6, STM32WL31C8V6, STM32WL31CBV6, STM32WL31K8V6, STM32WL31KBV6, STM32WL33C8V6, STM32WL33C8V6X, STM32WL33CBV6, STM32WL33CBV6X, STM32WL33CCV6, STM32WL33CCV6A, STM32WL33CCV6X, STM32WL33K8V7, STM32WL33K8V7X, STM32WL33KBV7 , STM32WL33KBV7X, STM32WL33KCV7, STM32WL33KCV7X, STM32WL5MOCH6, STM32WL5MOCH6TR]
2026-05-08 14:55:54,221 [INFO] BoardInfo:889 - No configuration file found for board NUCLEO-H5E5ZJ
2026-05-08 14:55:54,222 [INFO] DbBoards:161 - Board is not supported: NUCLEO-H5E5ZJ
2026-05-08 14:55:54,325 [INFO] BoardInfo:889 - No configuration file found for board NUCLEO-U3C5ZI-Q
2026-05-08 14:55:54,327 [INFO] DbBoards:161 - Board is not supported: NUCLEO-U3C5ZI-Q
2026-05-08 14:55:54,358 [INFO] BoardInfo:889 - No configuration file found for board NUCLEO-WBA25CE1
2026-05-08 14:55:54,360 [INFO] DbBoards:161 - Board is not supported: NUCLEO-WBA25CE1
2026-05-08 14:55:54,376 [INFO] BoardInfo:889 - No configuration file found for board NUCLEO-WL3RKB1
2026-05-08 14:55:54,377 [INFO] DbBoards:161 - Board is not supported: NUCLEO-WL3RKB1
2026-05-08 14:55:54,378 [INFO] BoardInfo:889 - No configuration file found for board NUCLEO-WL3RKB2
2026-05-08 14:55:54,380 [INFO] DbBoards:161 - Board is not supported: NUCLEO-WL3RKB2
2026-05-08 14:55:54,397 [INFO] BoardInfo:889 - No configuration file found for board P-NUCLEO-WB55
2026-05-08 14:55:54,401 [INFO] DbBoards:161 - Kit is not supported: P-NUCLEO-WB55
2026-05-08 14:55:54,412 [INFO] BoardInfo:889 - No configuration file found for board STEVAL-BFA001V1B
2026-05-08 14:55:54,413 [INFO] DbBoards:161 - Kit is not supported: STEVAL-BFA001V1B
2026-05-08 14:55:54,414 [INFO] BoardInfo:889 - No configuration file found for board STEVAL-BFA001V2B
2026-05-08 14:55:54,418 [INFO] DbBoards:161 - Kit is not supported: STEVAL-BFA001V2B
2026-05-08 14:55:54,592 [INFO] BoardInfo:889 - No configuration file found for board STM32H5F5J-DK
2026-05-08 14:55:54,595 [INFO] DbBoards:161 - Board is not supported: STM32H5F5J-DK
2026-05-08 14:55:54,754 [INFO] DbBoards:168 - Found 218 boards, 209 are supported
2026-05-08 14:55:54,754 [INFO] DbBoards:169 - Found 218 boards, 43 of them is supported for  Bsp
2026-05-08 14:55:54,757 [INFO] ApiDb:423 - Load user favorites file C:\Users\mocci/.stm32cubeide/favorites.boards.txt: 0 item(s)
2026-05-08 14:55:54,757 [INFO] ApiDb:427 - User favorites Boards=[]
2026-05-08 14:55:54,757 [INFO] DbBoards:198 - Set 0 / 0 favorites Boards
2026-05-08 14:55:54,781 [ERROR] TargetSelectorAdapter:267 - Unable to refresh data
2026-05-08 14:55:54,941 [INFO] McuFinderGlobals:76 - Set McuFinderConnectedMode to true
2026-05-08 14:55:54,949 [INFO] MultiScanPanel:200 - Auto-refresh data requested => check proxy status ongoing
2026-05-08 14:55:54,952 [INFO] FinderPluginLoader:96 - Searching for filters in installed packs
2026-05-08 14:55:56,170 [INFO] LoadUrlFilesThread:185 - End of LoadServerUrlFiles without Thread
2026-05-08 14:55:56,198 [INFO] DetailPanel:341 - Set advertising image to C:/Users/mocci/STM32Cube/Repository/\en.prom-stm32wba2-stm32-nucleo-board-0426.png
2026-05-08 14:56:03,827 [INFO] MultiScanPanel:200 - Auto-refresh data requested => check proxy status ongoing
2026-05-08 14:56:04,001 [INFO] LoadUrlFilesThread:185 - End of LoadServerUrlFiles without Thread
2026-05-08 14:56:04,002 [INFO] DetailPanel:341 - Set advertising image to C:/Users/mocci/STM32Cube/Repository/\en.prom-stm32wba2-stm32-nucleo-board-0426.png
2026-05-08 14:56:04,016 [INFO] DbBoards:642 - Loading board mini-images...
2026-05-08 14:56:06,409 [INFO] DbBoards:665 - Loaded 218 board mini-images
2026-05-08 14:56:35,445 [INFO] MainUpdater:2872 - connection check result : 10
2026-05-08 14:56:35,446 [INFO] MainUpdater:2872 - connection check result : 10
2026-05-08 14:56:36,183 [INFO] I2cTimingTraitement:330 - 0x00201D2B
2026-05-08 14:56:36,254 [INFO] MicroXplorer:468 - Change Database Path : 
2026-05-08 14:56:36,254 [INFO] MicroXplorer:498 - Change Database Version : DB.6.0.150
2026-05-08 14:56:36,272 [ERROR] ProjectManagerView:395 - 
java.lang.NullPointerException: Cannot invoke "javax.swing.JTextField.getText()" because the return value of "java.util.List.get(int)" is null
	at com.st.microxplorer.plugins.projectmanager.gui.ProjectChoiceTab$9.caretUpdate(ProjectChoiceTab.java:2706) ~[filemanager.jar:?]
	at javax.swing.text.JTextComponent.fireCaretUpdate(JTextComponent.java:408) ~[?:?]
	at javax.swing.text.JTextComponent$MutableCaretEvent.fire(JTextComponent.java:4484) ~[?:?]
	at javax.swing.text.JTextComponent$MutableCaretEvent.stateChanged(JTextComponent.java:4506) ~[?:?]
	at javax.swing.text.DefaultCaret.fireStateChanged(DefaultCaret.java:857) ~[?:?]
	at javax.swing.text.DefaultCaret.changeCaretPosition(DefaultCaret.java:1343) ~[?:?]
	at javax.swing.text.DefaultCaret.handleSetDot(DefaultCaret.java:1242) ~[?:?]
	at javax.swing.text.DefaultCaret.setDot(DefaultCaret.java:1223) ~[?:?]
	at javax.swing.text.DefaultCaret$Handler.insertUpdate(DefaultCaret.java:1819) ~[?:?]
	at javax.swing.text.AbstractDocument.fireInsertUpdate(AbstractDocument.java:227) ~[?:?]
	at javax.swing.text.AbstractDocument.handleInsertString(AbstractDocument.java:781) ~[?:?]
	at javax.swing.text.AbstractDocument.insertString(AbstractDocument.java:740) ~[?:?]
	at javax.swing.text.PlainDocument.insertString(PlainDocument.java:131) ~[?:?]
	at javax.swing.text.AbstractDocument.replace(AbstractDocument.java:699) ~[?:?]
	at javax.swing.text.JTextComponent.setText(JTextComponent.java:1725) ~[?:?]
	at com.st.microxplorer.plugins.projectmanager.gui.ProjectChoiceTab.createHeapStackFields(ProjectChoiceTab.java:993) ~[filemanager.jar:?]
	at com.st.microxplorer.plugins.projectmanager.gui.ProjectChoiceTab.buildLinkSettingsPanel(ProjectChoiceTab.java:3813) ~[filemanager.jar:?]
	at com.st.microxplorer.plugins.projectmanager.gui.ProjectChoiceTab.defineWindowsFields(ProjectChoiceTab.java:1987) ~[filemanager.jar:?]
	at com.st.microxplorer.plugins.projectmanager.gui.ProjectChoiceTab.updateSettings(ProjectChoiceTab.java:558) ~[filemanager.jar:?]
	at com.st.microxplorer.plugins.projectmanager.gui.ProjectSettingsPanel.UpdateDialog(ProjectSettingsPanel.java:247) ~[filemanager.jar:?]
	at com.st.microxplorer.plugins.projectmanager.ProjectManagerView.propertyChange(ProjectManagerView.java:392) ~[filemanager.jar:?]
	at java.beans.PropertyChangeSupport.fire(PropertyChangeSupport.java:343) ~[?:?]
	at java.beans.PropertyChangeSupport.firePropertyChange(PropertyChangeSupport.java:335) ~[?:?]
	at java.beans.PropertyChangeSupport.firePropertyChange(PropertyChangeSupport.java:268) ~[?:?]
	at com.st.microxplorer.util.MXPropertyChangeSupport.firePropertyChange(MXPropertyChangeSupport.java:54) ~[STM32CubeMX.jar:?]
	at com.st.microxplorer.mxsystem.MxSystem.closeConfig(MxSystem.java:899) ~[STM32CubeMX.jar:?]
	at com.st.microxplorer.maingui.MainPanel.closeConfig(MainPanel.java:792) ~[STM32CubeMX.jar:?]
	at com.st.microxplorer.plugins.filemanager.engine.OpenFileManager.loadConfigurationFile(OpenFileManager.java:288) ~[filemanager.jar:?]
	at com.st.microxplorer.plugins.filemanager.engine.MainFileManager.userLoadConfig(MainFileManager.java:364) ~[filemanager.jar:?]
	at com.st.microxplorer.plugins.filemanager.FileManagerView.getSpecificTask(FileManagerView.java:268) ~[filemanager.jar:?]
	at com.st.stm32cube.common.mx.editor.CubeMxEditor.getMxTabbedPaneInstance(CubeMxEditor.java:1191) ~[com.st.stm32cube.common.mx_6.15.0.202507011659/:?]
	at com.st.stm32cube.common.mx.editor.CubeMxEditor$12$1.createSwingComponent(CubeMxEditor.java:1068) ~[com.st.stm32cube.common.mx_6.15.0.202507011659/:?]
	at com.st.stm32cube.common.mx.oss.core.awtswtbridge.EmbeddedSwingComposite.doComponentCreation(EmbeddedSwingComposite.java:492) ~[com.st.stm32cube.common.mx.oss_6.15.0.202507011659/:?]
	at com.st.stm32cube.common.mx.oss.core.awtswtbridge.EmbeddedSwingComposite$4.run(EmbeddedSwingComposite.java:291) ~[com.st.stm32cube.common.mx.oss_6.15.0.202507011659/:?]
	at com.st.stm32cube.common.mx.oss.core.awtswtbridge.AwtEnvironment$2.run(AwtEnvironment.java:166) ~[com.st.stm32cube.common.mx.oss_6.15.0.202507011659/:?]
	at java.awt.event.InvocationEvent.dispatch(InvocationEvent.java:318) ~[?:?]
	at java.awt.EventQueue.dispatchEventImpl(EventQueue.java:773) ~[?:?]
	at java.awt.EventQueue$4.run(EventQueue.java:720) ~[?:?]
	at java.awt.EventQueue$4.run(EventQueue.java:714) ~[?:?]
	at java.security.AccessController.doPrivileged(AccessController.java:400) ~[?:?]
	at java.security.ProtectionDomain$JavaSecurityAccessImpl.doIntersectionPrivilege(ProtectionDomain.java:87) ~[?:?]
	at java.awt.EventQueue.dispatchEvent(EventQueue.java:742) ~[?:?]
	at java.awt.EventDispatchThread.pumpOneEventForFilters(EventDispatchThread.java:203) ~[?:?]
	at java.awt.EventDispatchThread.pumpEventsForFilter(EventDispatchThread.java:124) ~[?:?]
	at java.awt.EventDispatchThread.pumpEventsForHierarchy(EventDispatchThread.java:113) ~[?:?]
	at java.awt.EventDispatchThread.pumpEvents(EventDispatchThread.java:109) ~[?:?]
	at java.awt.EventDispatchThread.pumpEvents(EventDispatchThread.java:101) ~[?:?]
	at java.awt.EventDispatchThread.run(EventDispatchThread.java:90) ~[?:?]
2026-05-08 14:56:36,284 [WARN] ThirdParty:871 - waiting for thirdparty lock release [close project]
2026-05-08 14:56:36,284 [INFO] ThirdParty:873 - entering critical section [close project]
2026-05-08 14:56:36,284 [INFO] ThirdParty:883 - exiting critical section [close project]
2026-05-08 14:56:36,286 [INFO] PinOutPanel:1589 - setPackage(No Configuration,No Configuration)
2026-05-08 14:56:36,298 [INFO] UtilMem:75 - Begin LoadConfig() Used Memory: 1012476344 Bytes (1073741824)
2026-05-08 14:56:36,300 [INFO] OpenFileManager:355 - Change cursor
2026-05-08 14:56:36,313 [INFO] ProjectFactory:514 - No CPN specified for board STM32F3DISCOVERY => set CPN to STM32F303VCT6
2026-05-08 14:56:36,313 [INFO] Mcu:2029 - Initializing MCU STM32F303V(B-C)Tx STM32F303VCTx STM32F303VCT6
2026-05-08 14:56:37,784 [INFO] Context:786 - Trying to add GPIOservice into a context  which must be forbidden
2026-05-08 14:56:38,191 [INFO] Rule:233 - rule 117617 - U5Cobra4M][GTZC] default value MPCBB3 and MPCBB5 - Not Secured memory - MPCBB1 is applicable
2026-05-08 14:56:38,191 [INFO] Rule:233 - rule 117617 - U5Cobra4M][GTZC] default value MPCBB3 and MPCBB5 - Not Secured memory - MPCBB1 is applicable
2026-05-08 14:56:38,191 [INFO] Rule:233 - rule 117617 - U5Cobra4M][GTZC] default value MPCBB3 and MPCBB5 - Not Secured memory - MPCBB2 is applicable
2026-05-08 14:56:38,191 [INFO] Rule:233 - rule 117617 - U5Cobra4M][GTZC] default value MPCBB3 and MPCBB5 - Not Secured memory - MPCBB2 is applicable
2026-05-08 14:56:38,191 [INFO] Rule:233 - rule 117617 - U5Cobra4M][GTZC] default value MPCBB3 and MPCBB5 - Not Secured memory - MPCBB3 is applicable
2026-05-08 14:56:38,191 [INFO] Rule:233 - rule 117617 - U5Cobra4M][GTZC] default value MPCBB3 and MPCBB5 - Not Secured memory - MPCBB3 is applicable
2026-05-08 14:56:38,191 [INFO] Rule:233 - rule 117617 - U5Cobra4M][GTZC] default value MPCBB3 and MPCBB5 - Not Secured memory - MPCBB4 is applicable
2026-05-08 14:56:38,191 [INFO] Rule:233 - rule 117617 - U5Cobra4M][GTZC] default value MPCBB3 and MPCBB5 - Not Secured memory - MPCBB4 is applicable
2026-05-08 14:56:38,191 [INFO] Rule:233 - rule 117617 - U5Cobra4M][GTZC] default value MPCBB3 and MPCBB5 - Secured memory - MPCBB1 is applicable
2026-05-08 14:56:38,191 [INFO] Rule:233 - rule 117617 - U5Cobra4M][GTZC] default value MPCBB3 and MPCBB5 - Secured memory - MPCBB2 is applicable
2026-05-08 14:56:38,191 [INFO] Rule:233 - rule 117617 - U5Cobra4M][GTZC] default value MPCBB3 and MPCBB5 - Secured memory - MPCBB3 is applicable
2026-05-08 14:56:38,191 [INFO] Rule:233 - rule 117617 - U5Cobra4M][GTZC] default value MPCBB3 and MPCBB5 - Secured memory - MPCBB4 is applicable
2026-05-08 14:56:38,191 [INFO] Rule:233 - rule 117617 - U5Cobra4M][GTZC] default value MPCBB3 and MPCBB5 - Privileged memory - MPCBB1 is applicable
2026-05-08 14:56:38,191 [INFO] Rule:233 - rule 117617 - U5Cobra4M][GTZC] default value MPCBB3 and MPCBB5 - Privileged memory - MPCBB2 is applicable
2026-05-08 14:56:38,191 [INFO] Rule:233 - rule 117617 - U5Cobra4M][GTZC] default value MPCBB3 and MPCBB5 - Privileged memory - MPCBB3 is applicable
2026-05-08 14:56:38,191 [INFO] Rule:233 - rule 117617 - U5Cobra4M][GTZC] default value MPCBB3 and MPCBB5 - Privileged memory - MPCBB4 is applicable
2026-05-08 14:56:38,191 [INFO] Rule:233 - rule 117617 - U5Cobra4M][GTZC] default value MPCBB3 and MPCBB5 - Not Privileged memory - MPCBB1 is applicable
2026-05-08 14:56:38,191 [INFO] Rule:233 - rule 117617 - U5Cobra4M][GTZC] default value MPCBB3 and MPCBB5 - Not Privileged memory - MPCBB2 is applicable
2026-05-08 14:56:38,191 [INFO] Rule:233 - rule 117617 - U5Cobra4M][GTZC] default value MPCBB3 and MPCBB5 - Not Privileged memory - MPCBB3 is applicable
2026-05-08 14:56:38,191 [INFO] Rule:233 - rule 117617 - U5Cobra4M][GTZC] default value MPCBB3 and MPCBB5 - Not Privileged memory - MPCBB4 is applicable
2026-05-08 14:56:38,192 [INFO] Rule:233 - rule 117617 - U5Cobra4M][GTZC] default value MPCBB3 and MPCBB5 - Privileged memory - MPCBB1 is applicable
2026-05-08 14:56:38,192 [INFO] Rule:233 - rule 117617 - U5Cobra4M][GTZC] default value MPCBB3 and MPCBB5 - Privileged memory - MPCBB2 is applicable
2026-05-08 14:56:38,192 [INFO] Rule:233 - rule 117617 - U5Cobra4M][GTZC] default value MPCBB3 and MPCBB5 - Privileged memory - MPCBB3 is applicable
2026-05-08 14:56:38,192 [INFO] Rule:233 - rule 117617 - U5Cobra4M][GTZC] default value MPCBB3 and MPCBB5 - Privileged memory - MPCBB4 is applicable
2026-05-08 14:56:38,192 [INFO] Rule:233 - rule 117617 - U5Cobra4M][GTZC] default value MPCBB3 and MPCBB5 - Privileged memory - MPCBB1 is applicable
2026-05-08 14:56:38,192 [INFO] Rule:233 - rule 117617 - U5Cobra4M][GTZC] default value MPCBB3 and MPCBB5 - Privileged memory - MPCBB2 is applicable
2026-05-08 14:56:38,192 [INFO] Rule:233 - rule 117617 - U5Cobra4M][GTZC] default value MPCBB3 and MPCBB5 - Privileged memory - MPCBB3 is applicable
2026-05-08 14:56:38,192 [INFO] Rule:233 - rule 117617 - U5Cobra4M][GTZC] default value MPCBB3 and MPCBB5 - Privileged memory - MPCBB4 is applicable
2026-05-08 14:56:38,192 [INFO] Rule:233 - rule 117617 - U5Cobra4M][GTZC] default value MPCBB3 and MPCBB5 - Not Privileged memory - MPCBB1 is applicable
2026-05-08 14:56:38,192 [INFO] Rule:233 - rule 117617 - U5Cobra4M][GTZC] default value MPCBB3 and MPCBB5 - Not Privileged memory - MPCBB2 is applicable
2026-05-08 14:56:38,192 [INFO] Rule:233 - rule 117617 - U5Cobra4M][GTZC] default value MPCBB3 and MPCBB5 - Not Privileged memory - MPCBB3 is applicable
2026-05-08 14:56:38,192 [INFO] Rule:233 - rule 117617 - U5Cobra4M][GTZC] default value MPCBB3 and MPCBB5 - Not Privileged memory - MPCBB4 is applicable
2026-05-08 14:56:38,192 [INFO] Rule:233 - rule 117617 - U5Cobra4M][GTZC] default value MPCBB3 and MPCBB5 - Privileged memory - MPCBB1 is applicable
2026-05-08 14:56:38,192 [INFO] Rule:233 - rule 117617 - U5Cobra4M][GTZC] default value MPCBB3 and MPCBB5 - Privileged memory - MPCBB2 is applicable
2026-05-08 14:56:38,192 [INFO] Rule:233 - rule 117617 - U5Cobra4M][GTZC] default value MPCBB3 and MPCBB5 - Privileged memory - MPCBB3 is applicable
2026-05-08 14:56:38,192 [INFO] Rule:233 - rule 117617 - U5Cobra4M][GTZC] default value MPCBB3 and MPCBB5 - Privileged memory - MPCBB4 is applicable
2026-05-08 14:56:38,192 [INFO] Rule:233 - rule Rename SubGHz_Phy SUBGHZ_APPLICATION SUBGHZ_PINGPONG to SUBGHZ_ADV_APPLICATION is applicable
2026-05-08 14:56:38,192 [INFO] Rule:233 - rule Rename Enabled to IBEACON is applicable
2026-05-08 14:56:38,192 [INFO] Rule:233 - rule GTZC_S instance for project manager is applicable
2026-05-08 14:56:38,192 [INFO] Rule:233 - rule GTZC_S instance for context M33S is applicable
2026-05-08 14:56:38,192 [INFO] Rule:233 - rule GTZC_S instance value for IP GTZC is applicable
2026-05-08 14:56:38,192 [INFO] Rule:233 - rule GTZC_S instance for mcu.IP is applicable
2026-05-08 14:56:38,192 [INFO] Rule:233 - rule GTZC_S instance for VP is applicable
2026-05-08 14:56:38,192 [INFO] Rule:233 - rule GTZC_S instance for signal is applicable
2026-05-08 14:56:38,192 [INFO] Rule:233 - rule GTZC_S instance for mcu.Pin is applicable
2026-05-08 14:56:38,192 [INFO] Rule:233 - rule GTZC_S instance for VP is applicable
2026-05-08 14:56:38,192 [INFO] Rule:233 - rule GTZC_S instance for signal is applicable
2026-05-08 14:56:38,192 [INFO] Rule:233 - rule GTZC_S instance for mcu is applicable
2026-05-08 14:56:38,192 [INFO] Rule:233 - rule GTZC_S instance for mcu.Pin is applicable
2026-05-08 14:56:38,192 [INFO] Rule:233 - rule GTZC_S instance value for IP GTZC is applicable
2026-05-08 14:56:38,192 [INFO] Rule:233 - rule GTZC_S instance for project manager is applicable
2026-05-08 14:56:38,192 [INFO] Rule:233 - rule GTZC_S instance for context M33S is applicable
2026-05-08 14:56:38,192 [INFO] Rule:233 - rule GTZC_S instance for VP is applicable
2026-05-08 14:56:38,192 [INFO] Rule:233 - rule GTZC_S instance for signal is applicable
2026-05-08 14:56:38,192 [INFO] Rule:233 - rule SPDIFRX instance for mcu is applicable
2026-05-08 14:56:38,192 [INFO] Rule:233 - rule Rename Tracer Mode is applicable
2026-05-08 14:56:38,192 [INFO] Rule:233 - rule SPDIFRX instance value for IP SPDIFRX is applicable
2026-05-08 14:56:38,192 [INFO] Rule:233 - rule SPDIFRX instance for signal is applicable
2026-05-08 14:56:38,192 [INFO] Rule:233 - rule SPDIFRX instance for project manager is applicable
2026-05-08 14:56:38,192 [INFO] Rule:233 - rule SPDIFRX instance for project manager is applicable
2026-05-08 14:56:38,192 [INFO] Rule:233 - rule ADC Scan  fix with FW F7 is applicable
2026-05-08 14:56:38,192 [INFO] Rule:233 - rule ADC Scan  fix with FW F7 is applicable
2026-05-08 14:56:38,192 [INFO] Rule:233 - rule WakeUp0 Mode is applicable
2026-05-08 14:56:38,193 [INFO] Rule:233 - rule WakeUp0 SIGNAL is applicable
2026-05-08 14:56:38,193 [INFO] Rule:233 - rule WakeUp1 Mode is applicable
2026-05-08 14:56:38,193 [INFO] Rule:233 - rule WakeUp1 SIGNAL is applicable
2026-05-08 14:56:38,193 [INFO] Rule:233 - rule WakeUp2 Mode is applicable
2026-05-08 14:56:38,193 [INFO] Rule:233 - rule WakeUp2 SIGNAL is applicable
2026-05-08 14:56:38,193 [INFO] Rule:233 - rule WakeUp4 Mode is applicable
2026-05-08 14:56:38,193 [INFO] Rule:233 - rule WakeUp4 SIGNAL is applicable
2026-05-08 14:56:38,193 [INFO] Rule:233 - rule WakeUp5 Mode is applicable
2026-05-08 14:56:38,193 [INFO] Rule:233 - rule WakeUp5 SIGNAL is applicable
2026-05-08 14:56:38,193 [INFO] Rule:233 - rule Add RTC Activate Clock Source is applicable
2026-05-08 14:56:38,193 [INFO] Rule:233 - rule Add RTC Activate Calendar 1 is applicable
2026-05-08 14:56:38,193 [INFO] Rule:233 - rule Add RTC Activate Calendar 2 is applicable
2026-05-08 14:56:38,193 [INFO] Rule:233 - rule Add RTC Activate Calendar 3 is applicable
2026-05-08 14:56:38,193 [INFO] Rule:233 - rule UART/USART TX Mode is applicable
2026-05-08 14:56:38,193 [INFO] Rule:233 - rule UART/USART RX Mode is applicable
2026-05-08 14:56:38,193 [INFO] Rule:233 - rule UART/USART RX TX Mode is applicable
2026-05-08 14:56:38,193 [INFO] Rule:233 - rule UART/USART PARITY NONE is applicable
2026-05-08 14:56:38,193 [INFO] Rule:233 - rule UART/USART PARITY EVEN is applicable
2026-05-08 14:56:38,193 [INFO] Rule:233 - rule UART/USART PARITY ODD is applicable
2026-05-08 14:56:38,193 [INFO] Rule:233 - rule USART StopBits 1 is applicable
2026-05-08 14:56:38,193 [INFO] Rule:233 - rule USART StopBits 2 is applicable
2026-05-08 14:56:38,193 [INFO] Rule:233 - rule USART StopBits 1.5 is applicable
2026-05-08 14:56:38,193 [INFO] Rule:233 - rule USART StopBits 0.5 is applicable
2026-05-08 14:56:38,193 [INFO] Rule:233 - rule UART/USART WORD LENGTH 7 is applicable
2026-05-08 14:56:38,193 [INFO] Rule:233 - rule UART/USART WORD LENGTH 8 is applicable
2026-05-08 14:56:38,193 [INFO] Rule:233 - rule UART/USART WORD LENGTH 9 is applicable
2026-05-08 14:56:38,193 [INFO] Rule:233 - rule Rename FMC NAND NCE signal is applicable
2026-05-08 14:56:38,193 [INFO] Rule:233 - rule Rename FMC NAND INT signal is applicable
2026-05-08 14:56:38,193 [INFO] Rule:233 - rule Change Default Value for LSE Drive Capability for WB family is applicable
2026-05-08 14:56:38,193 [INFO] Rule:233 - rule Change Default Value for ADC Clock Prescaler G0 family is applicable
2026-05-08 14:56:38,193 [INFO] Rule:233 - rule Change Default Value for ADC ExternalTrigConv L4 family is applicable
2026-05-08 14:56:38,193 [INFO] Rule:233 - rule Change Default Value for ADC ExternalTrigInjecConv L4 family is applicable
2026-05-08 14:56:38,193 [INFO] Rule:233 - rule Change Default Value for ADC ExternalTrigConv F3 family is applicable
2026-05-08 14:56:38,193 [INFO] Rule:233 - rule Change Default Value for ADC ExternalTrigInjecConv F3 family is applicable
2026-05-08 14:56:38,193 [INFO] Rule:233 - rule Change Default Value for ADC ExternalTrigConv Goldfish serie is applicable
2026-05-08 14:56:38,193 [INFO] Rule:233 - rule Change Default Value for ADC ExternalTrigInjecConv Goldfish serie is applicable
2026-05-08 14:56:38,193 [INFO] Rule:233 - rule Change Default Value for ADC ExternalTrigConv L0 family is applicable
2026-05-08 14:56:38,193 [INFO] Rule:233 - rule Change Default Value for ADC ExternalTrigConv F0 family is applicable
2026-05-08 14:56:38,194 [INFO] Rule:233 - rule Change Default Value for ADC ExternalTrigConvn L1 family is applicable
2026-05-08 14:56:38,194 [INFO] Rule:233 - rule Change Default Value for ADC ExternalTrigInjecConv L1 family is applicable
2026-05-08 14:56:38,194 [INFO] Rule:233 - rule Change Default Value for ADC ExternalTrigConv F1 family is applicable
2026-05-08 14:56:38,194 [INFO] Rule:233 - rule Change Default Value for ADC ExternalTrigInjecConv F1 family is applicable
2026-05-08 14:56:38,194 [INFO] Rule:233 - rule Change Default Value for ADC ExternalTrigConv F7 family is applicable
2026-05-08 14:56:38,194 [INFO] Rule:233 - rule Change Default Value for ADC ExternalTrigInjecConv F7 family is applicable
2026-05-08 14:56:38,194 [INFO] Rule:233 - rule Change Default Value for ADC ExternalTrigConv F4 and F2 family is applicable
2026-05-08 14:56:38,194 [INFO] Rule:233 - rule Change Default Value for ADC ExternalTrigInjecConv F4 and F2 family is applicable
2026-05-08 14:56:38,194 [INFO] Rule:233 - rule ADC SamplingTime fix with FW L0  is applicable
2026-05-08 14:56:38,194 [INFO] Rule:233 - rule ADC SamplingTime fix with FW L0  is applicable
2026-05-08 14:56:38,194 [INFO] Rule:233 - rule ADC SamplingTime fix with FW L0 is applicable
2026-05-08 14:56:38,194 [INFO] Rule:233 - rule ADC SamplingTime fix with FW L0 is applicable
2026-05-08 14:56:38,194 [INFO] Rule:233 - rule ADC SamplingTime fix with FW L0  is applicable
2026-05-08 14:56:38,194 [INFO] Rule:233 - rule ADC SamplingTime fix with FW L0 is applicable
2026-05-08 14:56:38,194 [INFO] Rule:233 - rule Rename USB_OE Signal is applicable
2026-05-08 14:56:38,194 [INFO] Rule:233 - rule Rename Activate_OE Mode is applicable
2026-05-08 14:56:38,194 [INFO] Rule:233 - rule Rename DIE462/DIE415 pin PC14/OSC32_IN -> PC14-OSC32_IN (PC14) is applicable
2026-05-08 14:56:38,194 [INFO] Rule:233 - rule Rename DIE462/DIE415 pin PC15/OSC32_OUT -> PC15-OSC32_OUT (PC15) is applicable
2026-05-08 14:56:38,194 [INFO] Rule:233 - rule Rename DIE462/DIE415 pin PH0/OSC_IN -> PH0-OSC_IN (PH0) is applicable
2026-05-08 14:56:38,194 [INFO] Rule:233 - rule Rename DIE462/DIE415 pin PH1/OSC_OUT -> PH1-OSC_OUT (PH1) is applicable
2026-05-08 14:56:38,194 [INFO] Rule:233 - rule Rename DIE462 pin PA13 -> PA13 (JTMS/SWDIO) is applicable
2026-05-08 14:56:38,194 [INFO] Rule:233 - rule Rename DIE415 pin PA13 -> PA13 (JTMS/SWDIO) is applicable
2026-05-08 14:56:38,194 [INFO] Rule:233 - rule Rename DIE462 pin PA14 -> PA14 (JTCK/SWCLK) is applicable
2026-05-08 14:56:38,194 [INFO] Rule:233 - rule Rename DIE415 pin PA14 -> PA14 (JTCK/SWCLK) is applicable
2026-05-08 14:56:38,194 [INFO] Rule:233 - rule Rename DIE462/DIE415 pin PA15 -> PA15 (JTDI) is applicable
2026-05-08 14:56:38,194 [INFO] Rule:233 - rule Rename DIE462 pin PB3 -> PB3 (JTD0/TRACESWO) is applicable
2026-05-08 14:56:38,194 [INFO] Rule:233 - rule Rename DIE415 pin PB3 -> PB3 (JTD0-TRACESWO) is applicable
2026-05-08 14:56:38,194 [INFO] Rule:233 - rule Rename DIE462/DIE415 pin PB4 -> PB4 (NJTRST) is applicable
2026-05-08 14:56:38,194 [INFO] Rule:233 - rule Rename DIE462 pin PH3/BOOT0 -> PH3-BOOT0 (BOOT0) is applicable
2026-05-08 14:56:38,194 [INFO] Rule:233 - rule Rename CRYP DataEncryptionTypesList to Algorithm is applicable
2026-05-08 14:56:38,194 [INFO] Rule:233 - rule Rename AES DataEncryptionTypesList to Algorithm is applicable
2026-05-08 14:56:38,194 [INFO] Rule:233 - rule Rename TDESECB to CRYP_TDES_ECB is applicable
2026-05-08 14:56:38,194 [INFO] Rule:233 - rule Rename TDESCBC to CRYP_TDES_CBC is applicable
2026-05-08 14:56:38,194 [INFO] Rule:233 - rule Rename DESECB to CRYP_DES_ECB is applicable
2026-05-08 14:56:38,194 [INFO] Rule:233 - rule Rename DESCBC to CRYP_DES_CBC is applicable
2026-05-08 14:56:38,194 [INFO] Rule:233 - rule Rename AESECB to CRYP_AES_ECB is applicable
2026-05-08 14:56:38,194 [INFO] Rule:233 - rule Rename AESCBC to CRYP_AES_CBC is applicable
2026-05-08 14:56:38,194 [INFO] Rule:233 - rule Rename AESCTR to CRYP_AES_CTR is applicable
2026-05-08 14:56:38,194 [INFO] Rule:233 - rule Rename AESGCM to CRYP_AES_GCM is applicable
2026-05-08 14:56:38,194 [INFO] Rule:233 - rule Rename AESCCM to CRYP_AES_CCM is applicable
2026-05-08 14:56:38,194 [INFO] Rule:233 - rule Rename CAN TimeSeg1 to BS1 is applicable
2026-05-08 14:56:38,194 [INFO] Rule:233 - rule Rename CAN TimeSeg2 to BS2 is applicable
2026-05-08 14:56:38,194 [INFO] Rule:233 - rule Rename CAN SyncJumpWidth to SJW is applicable
2026-05-08 14:56:38,194 [INFO] Rule:233 - rule TimeTriggeredMode to TTCM is applicable
2026-05-08 14:56:38,194 [INFO] Rule:233 - rule Rename CAN AutoBusOff to ABOM is applicable
2026-05-08 14:56:38,194 [INFO] Rule:233 - rule Rename CAN AutoWakeUp to AWUM is applicable
2026-05-08 14:56:38,195 [INFO] Rule:233 - rule Rename CAN AutoRetransmission to NART is applicable
2026-05-08 14:56:38,195 [INFO] Rule:233 - rule Rename CAN ReceiveFifoLocked to RFLM is applicable
2026-05-08 14:56:38,195 [INFO] Rule:233 - rule Rename CAN TransmitFifoPriority to TXFP is applicable
2026-05-08 14:56:38,195 [INFO] Rule:233 - rule Rename HRTIMER HRTIM_OUTPUTFAULTLEVEL_HIGH in HRTIMER HRTIM_OUTPUTFAULTLEVEL_HIGHZ is applicable
2026-05-08 14:56:38,195 [INFO] Rule:233 - rule Rename TIMER TIM_CLEARINPUTSOURCE_OCREFCLR in  TIMER TIM_CLEARINPUTSOURCE_NONE for F7 family is applicable
2026-05-08 14:56:38,195 [INFO] Rule:233 - rule FDCAN_R1 - Rename FDCAN mode Master into Classic is applicable
2026-05-08 14:56:38,195 [INFO] Rule:233 - rule FDCAN_R2 - Rename FDCAN mode Slave into Classic is applicable
2026-05-08 14:56:38,195 [INFO] Rule:233 - rule FDCAN1_R3 - if PA10.Mode=FullDuplex, add Pin PA12 is applicable
2026-05-08 14:56:38,195 [INFO] Rule:233 - rule FDCAN1_R3 - if PA9.Mode=FullDuplex, add Pin PA11 is applicable
2026-05-08 14:56:38,195 [INFO] Rule:233 - rule FDCAN1_R3 - Alternatepin_1 - if PE1.Mode=FullDuplex, add Pin PB9 is applicable
2026-05-08 14:56:38,195 [INFO] Rule:233 - rule FDCAN1_R3 - Alternatepin_1 - if PE0.Mode=FullDuplex, add Pin PB8 is applicable
2026-05-08 14:56:38,195 [INFO] Rule:233 - rule FDCAN1_R3 - Alternatepin_2 - if PD5.Mode=FullDuplex, add Pin PD1 is applicable
2026-05-08 14:56:38,195 [INFO] Rule:233 - rule FDCAN1_R3 - Alternatepin_2 - if PD4.Mode=FullDuplex, add Pin PD0 is applicable
2026-05-08 14:56:38,195 [INFO] Rule:233 - rule FDCAN1_R4 - Rename Mode FullDuplex into Enable FDCAN_TXFD for pin PA10 is applicable
2026-05-08 14:56:38,195 [INFO] Rule:233 - rule FDCAN1_R4 - Rename Mode FullDuplex into Enable FDCAN_TXFD for pin PA9 is applicable
2026-05-08 14:56:38,195 [INFO] Rule:233 - rule FDCAN1_R4 - Alternatepin_1 - Rename Mode FullDuplex into Enable FDCAN_TXFD for pin PE1 is applicable
2026-05-08 14:56:38,195 [INFO] Rule:233 - rule FDCAN1_R4 - Alternatepin_1 - Rename Mode FullDuplex into Enable FDCAN_TXFD for pin PE0 is applicable
2026-05-08 14:56:38,195 [INFO] Rule:233 - rule FDCAN1_R4 - Alternatepin_2 - Rename Mode FullDuplex into Enable FDCAN_TXFD for pin PD5 is applicable
2026-05-08 14:56:38,195 [INFO] Rule:233 - rule FDCAN1_R4 - Alternatepin_2 - Rename Mode FullDuplex into Enable FDCAN_TXFD for pin PD4 is applicable
2026-05-08 14:56:38,195 [INFO] Rule:233 - rule FDCAN2_R3 - if PD10.Mode=FullDuplex, add Pin PB13 is applicable
2026-05-08 14:56:38,195 [INFO] Rule:233 - rule FDCAN2_R3 - if PD9.Mode=FullDuplex, add Pin PB12 is applicable
2026-05-08 14:56:38,195 [INFO] Rule:233 - rule FDCAN2_R3 - Alternatepin_1 - if PB7.Mode=FullDuplex, add Pin PB6 is applicable
2026-05-08 14:56:38,195 [INFO] Rule:233 - rule FDCAN2_R3 - Alternatepin_1 - if PD9.Mode=FullDuplex, add Pin PB12 is applicable
2026-05-08 14:56:38,195 [INFO] Rule:233 - rule FDCAN2_R4 - Rename Mode FullDuplex into Enable FDCAN_TXFD for pin PD10 is applicable
2026-05-08 14:56:38,195 [INFO] Rule:233 - rule FDCAN2_R4 - Rename Mode FullDuplex into Enable FDCAN_TXFD for pin PD9 is applicable
2026-05-08 14:56:38,195 [INFO] Rule:233 - rule FDCAN2_R4 - Alternatepin_1 - Rename Mode FullDuplex into Enable FDCAN_TXFD for pin PB7 is applicable
2026-05-08 14:56:38,195 [INFO] Rule:233 - rule FDCAN2_R4 - Alternatepin_1 - Rename Mode FullDuplex into Enable FDCAN_TXFD for pin PD6 is applicable
2026-05-08 14:56:38,195 [INFO] Rule:233 - rule USART TxPinLevelInvertParam Mode is applicable
2026-05-08 14:56:38,195 [INFO] Rule:233 - rule USART RxPinLevelInvertParam Mode is applicable
2026-05-08 14:56:38,195 [INFO] Rule:233 - rule USART DataInvertParam Mode is applicable
2026-05-08 14:56:38,195 [INFO] Rule:233 - rule USART SwapParam Mode is applicable
2026-05-08 14:56:38,195 [INFO] Rule:233 - rule USART OverrunDisableParam Mode is applicable
2026-05-08 14:56:38,195 [INFO] Rule:233 - rule USART DMADisableonRxErrorParam Mode is applicable
2026-05-08 14:56:38,195 [INFO] Rule:233 - rule USART MSBFirstParam Mode is applicable
2026-05-08 14:56:38,195 [INFO] Rule:233 - rule Update MwName for USB_DEVICE is applicable
2026-05-08 14:56:38,195 [INFO] Rule:233 - rule Change PWR_Regulator_Voltage_Scale Default Value for RCC  H7 family is applicable
2026-05-08 14:56:38,195 [INFO] Rule:233 - rule UART/USART IPParameter rename Prescaler parameter to ClockPrescaler is applicable
2026-05-08 14:56:38,195 [INFO] Rule:233 - rule UART/USART Prescaler rename Prescaler parameter to ClockPrescaler is applicable
2026-05-08 14:56:38,195 [INFO] Rule:233 - rule TIM1CLockSelection is applicable
2026-05-08 14:56:38,195 [INFO] Rule:233 - rule TIM15CLockSelection is applicable
2026-05-08 14:56:38,196 [INFO] Rule:233 - rule align RCC SDMMC3CLockSelection default value on MP1 is applicable
2026-05-08 14:56:38,196 [INFO] Rule:233 - rule align RCC SDMMC12CLockSelection default value on MP1 is applicable
2026-05-08 14:56:38,196 [INFO] Rule:233 - rule align RCC QSPICLockSelection default value on MP1 is applicable
2026-05-08 14:56:38,196 [INFO] Rule:233 - rule align RCC QSPICLockSelection default value on MP1 is applicable
2026-05-08 14:56:38,196 [INFO] Rule:233 - rule align RCC SPI6CLockSelection default value on MP1 is applicable
2026-05-08 14:56:38,196 [INFO] Rule:233 - rule align RCC LPTIM23CLockSelection default value on MP1 is applicable
2026-05-08 14:56:38,196 [INFO] Rule:233 - rule align RCC LPTIM1CLockSelection default value on MP1 is applicable
2026-05-08 14:56:38,196 [INFO] Rule:233 - rule align RCC USART1CLockSelection default value on MP1 is applicable
2026-05-08 14:56:38,196 [INFO] Rule:233 - rule align RCC USART24CLockSelection default value on MP1 is applicable
2026-05-08 14:56:38,196 [INFO] Rule:233 - rule align RCC USART6CLockSelection default value on MP1 is applicable
2026-05-08 14:56:38,196 [INFO] Rule:233 - rule align RCC UART78CLockSelection default value on MP1 is applicable
2026-05-08 14:56:38,196 [INFO] Rule:233 - rule align RCC USART35CLockSelection default value on MP1 is applicable
2026-05-08 14:56:38,196 [INFO] Rule:233 - rule align RCC SPI45CLockSelection default value on MP1 is applicable
2026-05-08 14:56:38,196 [INFO] Rule:233 - rule align RCC I2C46CLockSelection BCLK value on MP1 is applicable
2026-05-08 14:56:38,196 [INFO] Rule:233 - rule align RCC SPI45CLockSelection default value on MP1 is applicable
2026-05-08 14:56:38,196 [INFO] Rule:233 - rule align RCC I2C12CLockSelection default value on MP1 is applicable
2026-05-08 14:56:38,196 [INFO] Rule:233 - rule align RCC I2C35CLockSelection default value on MP1 is applicable
2026-05-08 14:56:38,196 [INFO] Rule:233 - rule align RCC LPTIM45CLockSelection default value on MP1 is applicable
2026-05-08 14:56:38,196 [INFO] Rule:233 - rule Rename DCMI PIXCK signal is applicable
2026-05-08 14:56:38,196 [INFO] Rule:233 - rule Change Default Value for I2C46CLockSelection MP1 family is applicable
2026-05-08 14:56:38,197 [INFO] Rule:233 - rule Change Default Value for UART for G4, G0 and WB families is applicable
2026-05-08 14:56:38,197 [INFO] Rule:233 - rule Change Default Value for USART for G4, G0 and WB families is applicable
2026-05-08 14:56:38,197 [INFO] Rule:233 - rule Change Default Value for USART for G4 family is applicable
2026-05-08 14:56:38,197 [INFO] Rule:233 - rule Change USART1CLockSelection refparam name for MP1 is applicable
2026-05-08 14:56:38,197 [INFO] Rule:233 - rule Change USART2CLockSelection refparam name for MP1 is applicable
2026-05-08 14:56:38,197 [INFO] Rule:233 - rule Change USART3CLockSelection refparam name for MP1 is applicable
2026-05-08 14:56:38,197 [INFO] Rule:233 - rule Change UART4CLockSelection refparam name for MP1 is applicable
2026-05-08 14:56:38,197 [INFO] Rule:233 - rule Change UART5CLockSelection refparam name for MP1 is applicable
2026-05-08 14:56:38,197 [INFO] Rule:233 - rule Change LPUART1CLockSelection refparam name for MP1 is applicable
2026-05-08 14:56:38,197 [INFO] Rule:233 - rule Change LPTIM1CLockSelection refparam name for MP1 is applicable
2026-05-08 14:56:38,197 [INFO] Rule:233 - rule Change LPTIM2CLockSelection refparam name for MP1 is applicable
2026-05-08 14:56:38,197 [INFO] Rule:233 - rule Change RCC_MCO1Source refparam name for MP1 is applicable
2026-05-08 14:56:38,197 [INFO] Rule:233 - rule Change LSCOSource1 refparam name for MP1 is applicable
2026-05-08 14:56:38,197 [INFO] Rule:233 - rule Change SMPSCLockSelection refparam name for MP1 is applicable
2026-05-08 14:56:38,197 [INFO] Rule:233 - rule Change LPTIM3CLockSelection refparam name for MP1 is applicable
2026-05-08 14:56:38,197 [INFO] Rule:233 - rule Change MPCBB* Default Template Mode to Parameters is applicable
2026-05-08 14:56:38,197 [INFO] Rule:233 - rule Change MPCWM* or MPCBB* Secure Mode to Parameters is applicable
2026-05-08 14:56:38,197 [INFO] Rule:233 - rule Change MPCWM* or MPCBB* No Secure Mode to Parameters is applicable
2026-05-08 14:56:38,197 [INFO] Rule:233 - rule Change TZSC IP Secure Mode to Parameters is applicable
2026-05-08 14:56:38,197 [INFO] Rule:233 - rule Change TZSC IP No Secure Mode to Parameters is applicable
2026-05-08 14:56:38,197 [INFO] Rule:233 - rule Change TZSC IP Privilege Mode to Parameters is applicable
2026-05-08 14:56:38,197 [INFO] Rule:233 - rule Change TZSC IP No Privilege Mode to Parameters is applicable
2026-05-08 14:56:38,197 [INFO] Rule:233 - rule Change TZIC IT Secure Mode to Parameters is applicable
2026-05-08 14:56:38,197 [INFO] Rule:233 - rule Change TZIC IT No Secure Mode to Parameters is applicable
2026-05-08 14:56:38,197 [INFO] Rule:233 - rule Add MPCBB1_NonSecureArea_Start_Address value with referenced to MPCBB1_NonSecureArea_Start value is applicable
2026-05-08 14:56:38,197 [INFO] Rule:233 - rule Add MPCBB2_NonSecureArea_Start_Address value with referenced to MPCBB2_NonSecureArea_Start value is applicable
2026-05-08 14:56:38,197 [INFO] Rule:233 - rule Add MPCWM1_NonSecureArea*_Start_Address value with referenced to MPCWM1_NonSecureArea*_Start value is applicable
2026-05-08 14:56:38,197 [INFO] Rule:233 - rule Add MPCWM2_NonSecureArea*_Start_Address value with referenced to MPCWM2_NonSecureArea*_Start value is applicable
2026-05-08 14:56:38,197 [INFO] Rule:233 - rule Add MPCWM3_NonSecureArea_Start_Address value with referenced to MPCWM3_NonSecureArea_Start value is applicable
2026-05-08 14:56:38,197 [INFO] Rule:233 - rule Change Default Value for PLL1UserDefinedConfig is applicable
2026-05-08 14:56:38,197 [INFO] Rule:233 - rule Change GPIO_PuPd Default Value for USART in async mode is applicable
2026-05-08 14:56:38,197 [INFO] Rule:233 - rule Change SMPSDivider Default Value is applicable
2026-05-08 14:56:38,197 [INFO] Rule:233 - rule OPAMP is applicable
2026-05-08 14:56:38,197 [INFO] Rule:233 - rule LPUART IPParameter rename Prescaler parameter to ClockPrescaler for STM32H7 is applicable
2026-05-08 14:56:38,197 [INFO] Rule:233 - rule LPUART IPParameter rename Prescaler parameter to ClockPrescaler for STM32H7 is applicable
2026-05-08 14:56:38,197 [INFO] Rule:233 - rule LPUART IPParameter rename Prescaler parameter to ClockPrescaler for STM32WB is applicable
2026-05-08 14:56:38,198 [INFO] Rule:233 - rule LPUART IPParameter rename Prescaler parameter to ClockPrescaler for STM32WB is applicable
2026-05-08 14:56:38,198 [INFO] Rule:233 - rule LPUART IPParameter rename Prescaler parameter to ClockPrescaler for STM32G4 is applicable
2026-05-08 14:56:38,198 [INFO] Rule:233 - rule LPUART IPParameter rename Prescaler parameter to ClockPrescaler for STM32G4 is applicable
2026-05-08 14:56:38,198 [INFO] Rule:233 - rule LPUART IPParameter rename Prescaler parameter to ClockPrescaler for STM32L5 is applicable
2026-05-08 14:56:38,198 [INFO] Rule:233 - rule LPUART IPParameter rename Prescaler parameter to ClockPrescaler for STM32L5 is applicable
2026-05-08 14:56:38,198 [INFO] Rule:233 - rule LPUART IPParameter rename Prescaler parameter to ClockPrescaler for STM32G4 is applicable
2026-05-08 14:56:38,198 [INFO] Rule:233 - rule LPUART IPParameter rename Prescaler parameter to ClockPrescaler for STM32G4 is applicable
2026-05-08 14:56:38,198 [INFO] Rule:233 - rule USB device lib V2.5.3 for L0 rename USBD_SUPPORT_USER_STRING parameter to USBD_SUPPORT_USER_STRING_DESC4 is applicable
2026-05-08 14:56:38,198 [INFO] Rule:233 - rule I2SCLockSelection clock entry align is applicable
2026-05-08 14:56:38,198 [INFO] Rule:233 - rule Assign TIMx context if used as SYS timebase is applicable
2026-05-08 14:56:38,198 [INFO] Rule:233 - rule Change GPIO_Pu Default Value for I2C is applicable
2026-05-08 14:56:38,198 [INFO] Rule:233 - rule Change GPIO_Pu Default Value for SMBus is applicable
2026-05-08 14:56:38,198 [INFO] Rule:233 - rule change FDCAN default value is applicable
2026-05-08 14:56:38,198 [INFO] Rule:233 - rule Change mode sai is applicable
2026-05-08 14:56:38,198 [INFO] Rule:233 - rule **Change sai mode is applicable
2026-05-08 14:56:38,198 [INFO] Rule:233 - rule Rename STM32WPAN CFG_BLE_IRK to CFG_BLE_IR is applicable
2026-05-08 14:56:38,198 [INFO] Rule:233 - rule Rename STM32WPAN CFG_BLE_ERK to CFG_BLE_ER is applicable
2026-05-08 14:56:38,198 [INFO] Rule:233 - rule Rename STM32WPAN CFG_BLE_IRK_HEX to CFG_BLE_IR_HEX is applicable
2026-05-08 14:56:38,198 [INFO] Rule:233 - rule Rename STM32WPAN CFG_BLE_ERK_HEX to CFG_BLE_ER_HEX is applicable
2026-05-08 14:56:38,198 [INFO] Rule:233 - rule Adapt Old IOC before rework replace old CORTEX_M33/CORTEX_M55 attributes by the new one. is applicable
2026-05-08 14:56:38,198 [INFO] Rule:233 - rule Rename parametre of RCC RCC_APBDBG_DIV2 to RCC_TIMPRES_DIV2 is applicable
2026-05-08 14:56:38,198 [INFO] Rule:233 - rule Rename DIE493 pin PA10 [PA12] -> PA10 is applicable
2026-05-08 14:56:38,198 [INFO] Rule:233 - rule Rename DIE493 pin PA9 [PA11] -> PA9 is applicable
2026-05-08 14:56:38,198 [INFO] Rule:233 - rule Rename DIE492 PartNumber CPN STM32WBA5MJGHx -> STM32WBA5MMGHx is applicable
2026-05-08 14:56:38,198 [INFO] Rule:233 - rule Rename DIE492 PartNumber  Name STM32WBA5MJGHx -> STM32WBA5MMGHx is applicable
2026-05-08 14:56:38,198 [INFO] Rule:233 - rule Rename DIE492 PartNumber UserName STM32WBA5MJGHx -> STM32WBA5MMGHx is applicable
2026-05-08 14:56:38,198 [INFO] Rule:233 - rule Rename DIE492 PartNumber DeviceId STM32WBA5MJGHx -> STM32WBA5MMGHx is applicable
2026-05-08 14:56:38,198 [INFO] Rule:233 - rule Adapt Old IOC CSI. is applicable
2026-05-08 14:56:38,198 [INFO] Rule:233 - rule Adapt Old IOC DCMIPP. is applicable
2026-05-08 14:56:38,198 [INFO] Rule:233 - rule Adapt Old IOC DCMIPP Mode Parallel. is applicable
2026-05-08 14:56:38,198 [INFO] Rule:233 - rule Adapt Old IOC LTDC. is applicable
2026-05-08 14:56:38,198 [INFO] Rule:233 - rule Rename STM32MP2 RIF Peripheral LTDC RIF.RISUP.LTDC_L0L1.Privilege -> RIF.RISUP.LTDC_L1L2.Privilege is applicable
2026-05-08 14:56:38,198 [INFO] Rule:233 - rule Rename STM32MP2 RIF Peripheral LTDC RIF.RISUP.LTDC_L0L1.Privilege -> RIF.RISUP.LTDC_L1L2.Privilege is applicable
2026-05-08 14:56:38,198 [INFO] Rule:233 - rule Rename STM32MP2 RIF Peripheral LTDC RIF.RISUP.LTDC_L0L1.Lock -> RIF.RISUP.LTDC_L1L2.Lock is applicable
2026-05-08 14:56:38,198 [INFO] Rule:233 - rule Rename STM32MP2 RIF Peripheral LTDC RIF.RISUP.LTDC_L2.Lock -> RIF.RISUP.LTDC_L3.Lock is applicable
2026-05-08 14:56:38,198 [INFO] Rule:233 - rule Adapt the old IOC example for updating the SYS when it is misconfigured. is applicable
2026-05-08 14:56:38,198 [INFO] Rule:233 - rule Rename STM32C09 Mcu.Package LQFP64 -> LQFP48 is applicable
2026-05-08 14:56:38,198 [INFO] Rule:233 - rule Adapt the old IOC example for updating the SYS when it is misconfigured. is applicable
2026-05-08 14:56:38,198 [INFO] Rule:233 - rule Adapt the old IOC example for updating the SYS when it is misconfigured. is applicable
2026-05-08 14:56:38,225 [INFO] DbConfProperties:307 - Apply Compatibility (45/282 Rules)
2026-05-08 14:56:38,236 [INFO] ImportTextPane:234 - (OptionalMessage_ERROR) Unable to find key (Mcu.ThirdPartyNb) in loaded IOC file
2026-05-08 14:56:38,237 [INFO] ImportTextPane:234 - (OptionalMessage_ERROR) Pin30 (VP_RIF_VS_RIF1) cannot be retrieved for this MCU
2026-05-08 14:56:38,362 [INFO] RtosManager:558 - Registered RTOS mode: class=CMSIS, group=RTOS, mode=CMSIS_V1, owner=FREERTOS
2026-05-08 14:56:38,362 [INFO] RtosManager:558 - Registered RTOS mode: class=CMSIS, group=RTOS2, mode=CMSIS_V2, owner=FREERTOS
2026-05-08 14:56:38,362 [INFO] RtosManager:558 - Registered RTOS mode: class=RTOS, group=Core, mode=CMSIS_V1, owner=FREERTOS
2026-05-08 14:56:38,363 [INFO] RtosManager:558 - Registered RTOS mode: class=RTOS, group=Core, mode=CMSIS_V2, owner=FREERTOS
2026-05-08 14:56:38,363 [WARN] ModelIntegratedComponent:184 - Missing modes for component STMicroelectronics:FreeRTOS:0.0.1:STMicroelectronics:RTOS:FreeRTOS:Core:::10.2.0:
2026-05-08 14:56:38,369 [WARN] ModelIntegratedComponent:63 - No mode defined for component null
2026-05-08 14:56:38,369 [WARN] ModelIntegratedComponent:63 - No mode defined for component null
2026-05-08 14:56:38,369 [WARN] ModelIntegratedComponent:63 - No mode defined for component null
2026-05-08 14:56:38,369 [WARN] ModelIntegratedComponent:63 - No mode defined for component null
2026-05-08 14:56:38,369 [WARN] ModelIntegratedComponent:63 - No mode defined for component null
2026-05-08 14:56:38,369 [WARN] ModelIntegratedComponent:63 - No mode defined for component null
2026-05-08 14:56:38,369 [WARN] ModelIntegratedComponent:63 - No mode defined for component null
2026-05-08 14:56:38,369 [WARN] ModelIntegratedComponent:63 - No mode defined for component null
2026-05-08 14:56:38,369 [WARN] ModelIntegratedComponent:63 - No mode defined for component null
2026-05-08 14:56:38,369 [WARN] ModelIntegratedComponent:63 - No mode defined for component null
2026-05-08 14:56:38,369 [WARN] ModelIntegratedComponent:63 - No mode defined for component null
2026-05-08 14:56:38,369 [WARN] ModelIntegratedComponent:63 - No mode defined for component null
2026-05-08 14:56:38,369 [WARN] ModelIntegratedComponent:63 - No mode defined for component null
2026-05-08 14:56:38,369 [WARN] ModelIntegratedComponent:63 - No mode defined for component null
2026-05-08 14:56:38,369 [WARN] ModelIntegratedComponent:63 - No mode defined for component null
2026-05-08 14:56:38,369 [WARN] ModelIntegratedComponent:63 - No mode defined for component null
2026-05-08 14:56:38,369 [WARN] ModelIntegratedComponent:63 - No mode defined for component null
2026-05-08 14:56:38,369 [WARN] ModelIntegratedComponent:63 - No mode defined for component null
2026-05-08 14:56:38,369 [WARN] ModelIntegratedComponent:63 - No mode defined for component null
2026-05-08 14:56:38,369 [WARN] ModelIntegratedComponent:63 - No mode defined for component null
2026-05-08 14:56:38,369 [WARN] ModelIntegratedComponent:63 - No mode defined for component null
2026-05-08 14:56:38,369 [WARN] ModelIntegratedComponent:63 - No mode defined for component null
2026-05-08 14:56:38,369 [WARN] ModelIntegratedComponent:63 - No mode defined for component null
2026-05-08 14:56:38,370 [WARN] ModelIntegratedComponent:63 - No mode defined for component null
2026-05-08 14:56:38,370 [WARN] ModelIntegratedComponent:63 - No mode defined for component null
2026-05-08 14:56:38,370 [WARN] ModelIntegratedComponent:63 - No mode defined for component null
2026-05-08 14:56:38,370 [WARN] ModelIntegratedComponent:63 - No mode defined for component null
2026-05-08 14:56:38,370 [WARN] ModelIntegratedComponent:63 - No mode defined for component null
2026-05-08 14:56:38,370 [WARN] ModelIntegratedComponent:63 - No mode defined for component null
2026-05-08 14:56:38,370 [WARN] ModelIntegratedComponent:63 - No mode defined for component null
2026-05-08 14:56:38,370 [WARN] ModelIntegratedComponent:63 - No mode defined for component null
2026-05-08 14:56:38,370 [WARN] ModelIntegratedComponent:63 - No mode defined for component null
2026-05-08 14:56:38,370 [WARN] ModelIntegratedComponent:63 - No mode defined for component null
2026-05-08 14:56:38,370 [WARN] ModelIntegratedComponent:63 - No mode defined for component null
2026-05-08 14:56:38,370 [WARN] ModelIntegratedComponent:63 - No mode defined for component null
2026-05-08 14:56:38,370 [WARN] ModelPack:524 - Component already loaded: STMicroelectronics:HAL Drivers:0.0.0:STMicroelectronics:Device:STMicro_Driver:XSPI:HAL::0.0.1:HAL_XSPI
2026-05-08 14:56:38,429 [INFO] ThirdPartyModel:298 - Start build external matchings
2026-05-08 14:56:38,940 [INFO] ThirdPartyModel:316 - End build external matchings
2026-05-08 14:56:38,955 [INFO] ImportTextPane:234 - (OptionalMessage_ERROR) IP (RCC) : Invalid parameter (FamilyName)
2026-05-08 14:56:38,956 [INFO] ImportTextPane:234 - (OptionalMessage_ERROR) IP (RCC) : Invalid parameter (TIM2Freq_Value)
2026-05-08 14:56:39,250 [INFO] UtilMem:75 - End LoadConfig() Used Memory: 898088280 Bytes (1073741824)
2026-05-08 14:56:39,380 [WARN] ThirdParty:833 - waiting for thirdparty lock release [change project]
2026-05-08 14:56:39,381 [INFO] ThirdParty:835 - entering critical section [change project]
2026-05-08 14:56:39,381 [INFO] ThirdParty:1030 - CMSIS Pack Vendor :STMicroelectronics X-CUBE-AZRTOS-H7 3.5.0
2026-05-08 14:56:39,381 [INFO] ThirdParty:1030 - CMSIS Pack Vendor :STMicroelectronics X-CUBE-PM33A1 1.0.0
2026-05-08 14:56:39,381 [INFO] ThirdParty:1030 - CMSIS Pack Vendor :STMicroelectronics USBPD 4.1
2026-05-08 14:56:39,381 [INFO] ThirdParty:1030 - CMSIS Pack Vendor :STMicroelectronics X-CUBE-NFC9 1.0.0
2026-05-08 14:56:39,381 [INFO] ThirdParty:1030 - CMSIS Pack Vendor :STMicroelectronics USB_HOST 2.0.0
2026-05-08 14:56:39,381 [INFO] ThirdParty:1030 - CMSIS Pack Vendor :STMicroelectronics X-CUBE-AZRTOS-F4 1.1.0
2026-05-08 14:56:39,381 [INFO] ThirdParty:1030 - CMSIS Pack Vendor :STMicroelectronics LIBJPEG 8.0.0
2026-05-08 14:56:39,381 [INFO] ThirdParty:1030 - CMSIS Pack Vendor :STMicroelectronics FP-ATR-ASTRA1 2.0.2
2026-05-08 14:56:39,381 [INFO] ThirdParty:1030 - CMSIS Pack Vendor :STMicroelectronics X-CUBE-BLE1 7.1.0
2026-05-08 14:56:39,381 [INFO] ThirdParty:1030 - CMSIS Pack Vendor :STMicroelectronics X-CUBE-SMBUS 2.1.0
2026-05-08 14:56:39,381 [INFO] ThirdParty:1030 - CMSIS Pack Vendor :wolfSSL I-CUBE-wolfMQTT 1.19.2
2026-05-08 14:56:39,381 [INFO] ThirdParty:1030 - CMSIS Pack Vendor :STMicroelectronics USB_DEVICE 3.0.0
2026-05-08 14:56:39,381 [INFO] ThirdParty:1030 - CMSIS Pack Vendor :STMicroelectronics X-CUBE-ISPU 2.1.0
2026-05-08 14:56:39,381 [INFO] ThirdParty:1030 - CMSIS Pack Vendor :STMicroelectronics X-CUBE-EEPRMA1 5.2.0
2026-05-08 14:56:39,381 [INFO] ThirdParty:1030 - CMSIS Pack Vendor :STMicroelectronics X-CUBE-IPS 3.2.0
2026-05-08 14:56:39,381 [INFO] ThirdParty:1030 - CMSIS Pack Vendor :STMicroelectronics X-CUBE-BLEMGR 4.1.0
2026-05-08 14:56:39,381 [INFO] ThirdParty:1030 - CMSIS Pack Vendor :STMicroelectronics eDS-WB_DPC_TT-BIDIR 2.1.1
2026-05-08 14:56:39,381 [INFO] ThirdParty:1030 - CMSIS Pack Vendor :STMicroelectronics X-CUBE-AZRTOS-WB 2.0.0
2026-05-08 14:56:39,381 [INFO] ThirdParty:1030 - CMSIS Pack Vendor :wolfSSL I-CUBE-wolfSSL 5.8.4
2026-05-08 14:56:39,381 [INFO] ThirdParty:1030 - CMSIS Pack Vendor :STMicroelectronics X-CUBE-NFC12 1.0.0
2026-05-08 14:56:39,381 [INFO] ThirdParty:1030 - CMSIS Pack Vendor :STMicroelectronics X-CUBE-AZRTOS-F7 1.1.0
2026-05-08 14:56:39,381 [INFO] ThirdParty:1030 - CMSIS Pack Vendor :STMicroelectronics X-CUBE-AZRTOS-L5 2.0.0
2026-05-08 14:56:39,381 [INFO] ThirdParty:1030 - CMSIS Pack Vendor :STMicroelectronics USB_DEVICE 2.0.0
2026-05-08 14:56:39,381 [INFO] ThirdParty:1030 - CMSIS Pack Vendor :STMicroelectronics FP-SNS-STAIOTCFT 1.1.0
2026-05-08 14:56:39,381 [INFO] ThirdParty:1030 - CMSIS Pack Vendor :quantropi X-CUBE-qispace-sdk-base 2.1.0
2026-05-08 14:56:39,381 [INFO] ThirdParty:1030 - CMSIS Pack Vendor :STMicroelectronics X-CUBE-MEMS1 12.0.0
2026-05-08 14:56:39,381 [INFO] ThirdParty:1030 - CMSIS Pack Vendor :STMicroelectronics X-CUBE-STSE01 2.0.0
2026-05-08 14:56:39,381 [INFO] ThirdParty:1030 - CMSIS Pack Vendor :STMicroelectronics FP-SNS-MOTENV1 5.1.0
2026-05-08 14:56:39,381 [INFO] ThirdParty:1030 - CMSIS Pack Vendor :STMicroelectronics FreeRTOS 0.0.1
2026-05-08 14:56:39,381 [INFO] ThirdParty:1030 - CMSIS Pack Vendor :STMicroelectronics X-CUBE-AZRTOS-G0 1.1.0
2026-05-08 14:56:39,382 [INFO] ThirdParty:1030 - CMSIS Pack Vendor :STMicroelectronics X-CUBE-NFC4 3.0.0
2026-05-08 14:56:39,382 [INFO] ThirdParty:1030 - CMSIS Pack Vendor :STMicroelectronics X-CUBE-SUBG2 5.0.0
2026-05-08 14:56:39,382 [INFO] ThirdParty:1030 - CMSIS Pack Vendor :STMicroelectronics STM32_WPAN 1.0.0
2026-05-08 14:56:39,382 [INFO] ThirdParty:1030 - CMSIS Pack Vendor :STMicroelectronics eDS-WB_DPC_VIENNA 1.2.0
2026-05-08 14:56:39,382 [INFO] ThirdParty:1030 - CMSIS Pack Vendor :EmbeddedOffice I-CUBE-FS-RTOS 1.0.1
2026-05-08 14:56:39,382 [INFO] ThirdParty:1030 - CMSIS Pack Vendor :STMicroelectronics lwIP 2.0.3
2026-05-08 14:56:39,382 [INFO] ThirdParty:1030 - CMSIS Pack Vendor :WES I-CUBE-Cesium 1.4.0
2026-05-08 14:56:39,382 [INFO] ThirdParty:1030 - CMSIS Pack Vendor :STMicroelectronics eDS-WB_DPC_3PH2L-BIDIR 1.1.1
2026-05-08 14:56:39,382 [INFO] ThirdParty:1030 - CMSIS Pack Vendor :STMicroelectronics USB_HOST 1.0.0
2026-05-08 14:56:39,382 [INFO] ThirdParty:1030 - CMSIS Pack Vendor :STMicroelectronics X-CUBE-AZRTOS-G4 2.0.0
2026-05-08 14:56:39,382 [INFO] ThirdParty:1030 - CMSIS Pack Vendor :STMicroelectronics PDM2PCM 3.1.0
2026-05-08 14:56:39,382 [INFO] ThirdParty:1030 - CMSIS Pack Vendor :STMicroelectronics PDM2PCM 3.3.0
2026-05-08 14:56:39,382 [INFO] ThirdParty:1030 - CMSIS Pack Vendor :wolfSSL I-CUBE-wolfTPM 3.8.0
2026-05-08 14:56:39,382 [INFO] ThirdParty:1030 - CMSIS Pack Vendor :STMicroelectronics X-CUBE-DISPLAY 3.0.0
2026-05-08 14:56:39,382 [INFO] ThirdParty:1030 - CMSIS Pack Vendor :wolfSSL I-CUBE-wolfSSH 1.4.20
2026-05-08 14:56:39,382 [INFO] ThirdParty:1030 - CMSIS Pack Vendor :STMicroelectronics X-CUBE-NFC7 2.0.0
2026-05-08 14:56:39,382 [INFO] ThirdParty:1030 - CMSIS Pack Vendor :STMicroelectronics X-CUBE-GNSS1 7.1.1
2026-05-08 14:56:39,382 [INFO] ThirdParty:1030 - CMSIS Pack Vendor :STMicroelectronics FP-SNS-MOTENVWB1 1.5.0
2026-05-08 14:56:39,382 [INFO] ThirdParty:1030 - CMSIS Pack Vendor :STMicroelectronics X-CUBE-TCPP 4.2.0
2026-05-08 14:56:39,382 [INFO] ThirdParty:1030 - CMSIS Pack Vendor :RealThread X-CUBE-RT-Thread_Nano 4.1.1
2026-05-08 14:56:39,382 [INFO] ThirdParty:1030 - CMSIS Pack Vendor :STMicroelectronics FP-ATR-SIGFOX1 3.2.0
2026-05-08 14:56:39,382 [INFO] ThirdParty:1030 - CMSIS Pack Vendor :STMicroelectronics X-CUBE-NFC10 1.0.0
2026-05-08 14:56:39,382 [INFO] ThirdParty:1030 - CMSIS Pack Vendor :STMicroelectronics HAL Drivers 0.0.0
2026-05-08 14:56:39,382 [INFO] ThirdParty:1030 - CMSIS Pack Vendor :STMicroelectronics X-CUBE-FREERTOS 1.5.0
2026-05-08 14:56:39,382 [INFO] ThirdParty:1030 - CMSIS Pack Vendor :STMicroelectronics MBEDTLS 2.16.2
2026-05-08 14:56:39,382 [INFO] ThirdParty:1030 - CMSIS Pack Vendor :STMicroelectronics X-CUBE-ST60 1.1.0
2026-05-08 14:56:39,382 [INFO] ThirdParty:1030 - CMSIS Pack Vendor :STMicroelectronics X-CUBE-ALS 1.0.2
2026-05-08 14:56:39,382 [INFO] ThirdParty:1030 - CMSIS Pack Vendor :emotas I-CUBE-CANOPEN 1.3.0
2026-05-08 14:56:39,382 [INFO] ThirdParty:1030 - CMSIS Pack Vendor :STMicroelectronics MBEDTLS 2.14.1
2026-05-08 14:56:39,382 [INFO] ThirdParty:1030 - CMSIS Pack Vendor :STMicroelectronics X-CUBE-GNSS1 7.1.0
2026-05-08 14:56:39,382 [INFO] ThirdParty:1030 - CMSIS Pack Vendor :ITTIA_DB I-CUBE-ITTIADB 8.9.0
2026-05-08 14:56:39,382 [INFO] ThirdParty:1030 - CMSIS Pack Vendor :Cesanta I-CUBE-Mongoose 7.21.0
2026-05-08 14:56:39,382 [INFO] ThirdParty:1030 - CMSIS Pack Vendor :STMicroelectronics X-CUBE-TOUCHGFX 4.26.1
2026-05-08 14:56:39,382 [INFO] ThirdParty:1030 - CMSIS Pack Vendor :STMicroelectronics X-CUBE-NFC6 3.2.0
2026-05-08 14:56:39,382 [INFO] ThirdParty:1030 - CMSIS Pack Vendor :STMicroelectronics FP-SNS-STBOX1 2.1.0
2026-05-08 14:56:39,382 [INFO] ThirdParty:1030 - CMSIS Pack Vendor :STMicroelectronics X-CUBE-AI 10.2.0
2026-05-08 14:56:39,382 [INFO] ThirdParty:1030 - CMSIS Pack Vendor :STMicroelectronics FP-SNS-STAIOTCFT 1.0.0
2026-05-08 14:56:39,382 [INFO] ThirdParty:1030 - CMSIS Pack Vendor :STMicroelectronics ThreadX 1.0.0
2026-05-08 14:56:39,382 [INFO] ThirdParty:1030 - CMSIS Pack Vendor :STMicroelectronics FP-SNS-SMARTAG2 1.2.0
2026-05-08 14:56:39,382 [INFO] ThirdParty:1030 - CMSIS Pack Vendor :STMicroelectronics X-CUBE-MEMS1 12.1.0
2026-05-08 14:56:39,382 [INFO] ThirdParty:1030 - CMSIS Pack Vendor :STMicroelectronics FP-SNS-FLIGHT1 5.1.0
2026-05-08 14:56:39,382 [INFO] ThirdParty:1030 - CMSIS Pack Vendor :STMicroelectronics X-CUBE-AZRTOS-WL 2.0.0
2026-05-08 14:56:39,382 [INFO] ThirdParty:1030 - CMSIS Pack Vendor :SEGGER I-CUBE-embOS 1.3.1
2026-05-08 14:56:39,383 [INFO] ThirdParty:1030 - CMSIS Pack Vendor :STMicroelectronics X-CUBE-ALGOBUILD 1.4.0
2026-05-08 14:56:39,383 [INFO] ThirdParty:1030 - CMSIS Pack Vendor :STMicroelectronics X-CUBE-DPower 1.3.0
2026-05-08 14:56:39,383 [INFO] ThirdParty:1030 - CMSIS Pack Vendor :STMicroelectronics USB_DEVICE 1.0.0
2026-05-08 14:56:39,383 [INFO] ThirdParty:1030 - CMSIS Pack Vendor :STMicroelectronics X-CUBE-AZRTOS-H7RS 1.2.0
2026-05-08 14:56:39,383 [INFO] ThirdParty:1030 - CMSIS Pack Vendor :STMicroelectronics X-CUBE-AZRTOS-L4 2.0.0
2026-05-08 14:56:39,383 [INFO] ThirdParty:1030 - CMSIS Pack Vendor :STMicroelectronics ThreadX 0.0.2
2026-05-08 14:56:39,383 [INFO] ThirdParty:1030 - CMSIS Pack Vendor :STMicroelectronics lwIP 2.1.2
2026-05-08 14:56:39,383 [INFO] ThirdParty:1030 - CMSIS Pack Vendor :STMicroelectronics X-CUBE-SFXS2LP1 4.0.0
2026-05-08 14:56:39,383 [INFO] ThirdParty:1030 - CMSIS Pack Vendor :STMicroelectronics X-CUBE-BLE2 3.3.0
2026-05-08 14:56:39,383 [INFO] ThirdParty:1030 - CMSIS Pack Vendor :Avnet-IOTCONNECT X-CUBE-iotc-st67-sdk 1.0.0
2026-05-08 14:56:39,383 [INFO] ThirdParty:1030 - CMSIS Pack Vendor :STMicroelectronics X-CUBE-TOF1 3.4.3
2026-05-08 14:56:39,383 [INFO] ThirdParty:1030 - CMSIS Pack Vendor :Infineon AIROC-Wi-Fi-Bluetooth-STM32 1.8.0
2026-05-08 14:56:39,383 [INFO] ThirdParty:1030 - CMSIS Pack Vendor :STMicroelectronics PDM2PCM 3.2.0
2026-05-08 14:56:39,383 [INFO] ThirdParty:1030 - CMSIS Pack Vendor :STMicroelectronics X-CUBE-WB05N 2.1.0
2026-05-08 14:56:39,383 [INFO] ThirdParty:1030 - CMSIS Pack Vendor :STMicroelectronics X-CUBE-ST67W61 1.2.0
2026-05-08 14:56:39,383 [INFO] ThirdParty:841 - exiting critical section [change project]
2026-05-08 14:56:39,620 [INFO] PinOutPanel:1589 - setPackage(No Configuration,No Configuration)
2026-05-08 14:56:39,621 [INFO] PinOutPanel:1589 - setPackage(STM32F303VCTx,LQFP100)
2026-05-08 14:56:39,906 [INFO] UtilMem:75 - Before build in PCC Used Memory: 789752616 Bytes (1073741824)
2026-05-08 14:56:40,195 [INFO] UtilMem:75 - After build in PCC Used Memory: 836938536 Bytes (1073741824)
2026-05-08 14:56:40,218 [INFO] IPUIPlugin:80 - create IPUIPlugin
2026-05-08 14:56:40,219 [INFO] IPUIPlugin:80 - create IPUIPlugin
2026-05-08 14:56:40,219 [INFO] IPUIPlugin:80 - create IPUIPlugin
2026-05-08 14:56:40,219 [INFO] IPUIPlugin:80 - create IPUIPlugin
2026-05-08 14:56:40,219 [INFO] IPUIPlugin:80 - create IPUIPlugin
2026-05-08 14:56:40,219 [INFO] IPUIPlugin:80 - create IPUIPlugin
2026-05-08 14:56:40,219 [INFO] IPUIPlugin:80 - create IPUIPlugin
2026-05-08 14:56:40,219 [INFO] IPUIPlugin:80 - create IPUIPlugin
2026-05-08 14:56:40,219 [INFO] IPUIPlugin:80 - create IPUIPlugin
2026-05-08 14:56:40,219 [INFO] IPUIPlugin:80 - create IPUIPlugin
2026-05-08 14:56:40,219 [INFO] IPUIPlugin:80 - create IPUIPlugin
2026-05-08 14:56:40,219 [INFO] IPUIPlugin:80 - create IPUIPlugin
2026-05-08 14:56:40,219 [INFO] IPUIPlugin:80 - create IPUIPlugin
2026-05-08 14:56:40,219 [INFO] IPUIPlugin:80 - create IPUIPlugin
2026-05-08 14:56:40,219 [INFO] IPUIPlugin:80 - create IPUIPlugin
2026-05-08 14:56:40,219 [INFO] IPUIPlugin:80 - create IPUIPlugin
2026-05-08 14:56:40,219 [INFO] IPUIPlugin:80 - create IPUIPlugin
2026-05-08 14:56:40,219 [INFO] IPUIPlugin:80 - create IPUIPlugin
2026-05-08 14:56:40,219 [INFO] IPUIPlugin:80 - create IPUIPlugin
2026-05-08 14:56:40,219 [INFO] IPUIPlugin:80 - create IPUIPlugin
2026-05-08 14:56:40,220 [INFO] IPUIPlugin:80 - create IPUIPlugin
2026-05-08 14:56:40,220 [INFO] IPUIPlugin:80 - create IPUIPlugin
2026-05-08 14:56:40,220 [INFO] IPUIPlugin:80 - create IPUIPlugin
2026-05-08 14:56:40,220 [INFO] IPUIPlugin:80 - create IPUIPlugin
2026-05-08 14:56:40,220 [INFO] IPUIPlugin:80 - create IPUIPlugin
2026-05-08 14:56:40,220 [INFO] IPUIPlugin:80 - create IPUIPlugin
2026-05-08 14:56:40,220 [INFO] IPUIPlugin:80 - create IPUIPlugin
2026-05-08 14:56:40,220 [INFO] IPUIPlugin:80 - create IPUIPlugin
2026-05-08 14:56:40,220 [INFO] IPUIPlugin:80 - create IPUIPlugin
2026-05-08 14:56:40,220 [INFO] IPUIPlugin:80 - create IPUIPlugin
2026-05-08 14:56:40,221 [INFO] IPUIPlugin:80 - create IPUIPlugin
2026-05-08 14:56:40,221 [INFO] IPUIPlugin:80 - create IPUIPlugin
2026-05-08 14:56:40,221 [INFO] IPUIPlugin:80 - create IPUIPlugin
2026-05-08 14:56:40,221 [INFO] IPUIPlugin:80 - create IPUIPlugin
2026-05-08 14:56:40,221 [INFO] IPUIPlugin:80 - create IPUIPlugin
2026-05-08 14:56:40,221 [INFO] IPUIPlugin:80 - create IPUIPlugin
2026-05-08 14:56:40,221 [INFO] IPUIPlugin:80 - create IPUIPlugin
2026-05-08 14:56:40,221 [INFO] IPUIPlugin:80 - create IPUIPlugin
2026-05-08 14:56:40,222 [INFO] IPUIPlugin:80 - create IPUIPlugin
2026-05-08 14:56:40,222 [INFO] IPUIPlugin:80 - create IPUIPlugin
2026-05-08 14:56:40,222 [INFO] IPUIPlugin:80 - create IPUIPlugin
2026-05-08 14:56:40,222 [INFO] IPUIPlugin:80 - create IPUIPlugin
2026-05-08 14:56:40,222 [INFO] IPUIPlugin:80 - create IPUIPlugin
2026-05-08 14:56:40,222 [INFO] IPUIPlugin:80 - create IPUIPlugin
2026-05-08 14:56:40,222 [INFO] IPUIPlugin:80 - create IPUIPlugin
2026-05-08 14:56:40,223 [INFO] IPUIPlugin:80 - create IPUIPlugin
2026-05-08 14:56:40,223 [INFO] IPUIPlugin:80 - create IPUIPlugin
2026-05-08 14:56:40,223 [INFO] IPUIPlugin:80 - create IPUIPlugin
2026-05-08 14:56:40,223 [INFO] IPUIPlugin:80 - create IPUIPlugin
2026-05-08 14:56:40,224 [INFO] IPUIPlugin:80 - create IPUIPlugin
2026-05-08 14:56:40,224 [INFO] IPUIPlugin:80 - create IPUIPlugin
2026-05-08 14:56:40,224 [INFO] IPUIPlugin:80 - create IPUIPlugin
2026-05-08 14:56:40,224 [INFO] IPUIPlugin:80 - create IPUIPlugin
2026-05-08 14:56:40,224 [INFO] IPUIPlugin:80 - create IPUIPlugin
2026-05-08 14:56:40,224 [INFO] IPUIPlugin:80 - create IPUIPlugin
2026-05-08 14:56:40,280 [INFO] CADModel:165 - CPN selected for project levelSTM32F303VCT6
2026-05-08 14:56:40,280 [INFO] CADModel:114 - Register for checkConnection events
2026-05-08 14:56:40,327 [INFO] OpenFileManager:386 - Restore cursor
2026-05-08 14:56:40,533 [WARN] IP:2250 - lpm_enable not found: check if there is a RefParameter without a condition.
2026-05-08 14:56:40,534 [WARN] IP:2250 - lpm_enable not found: check if there is a RefParameter without a condition.
2026-05-08 14:56:41,230 [INFO] UtilMem:75 - End SaveConfig() Used Memory: 804597352 Bytes (1073741824)
2026-05-08 14:56:41,303 [INFO] UtilMem:75 - End SaveConfig() Used Memory: 828192360 Bytes (1073741824)
2026-05-08 14:56:41,667 [INFO] BlockDiagram:2775 - set Specific Code input for plugin: SPI
2026-05-08 14:56:41,667 [INFO] BlockDiagram:2775 - set Specific Code input for plugin: SYS
2026-05-08 14:56:41,667 [INFO] BlockDiagram:2775 - set Specific Code input for plugin: RCC
2026-05-08 14:56:41,667 [INFO] BlockDiagram:2775 - set Specific Code input for plugin: I2C
2026-05-08 14:56:41,667 [INFO] BlockDiagram:2775 - set Specific Code input for plugin: NVIC
2026-05-08 14:56:41,667 [INFO] BlockDiagram:2775 - set Specific Code input for plugin: USB
2026-05-08 14:56:41,668 [INFO] BlockDiagram:2775 - set Specific Code input for plugin: GPIO
2026-05-08 14:56:41,669 [INFO] CodeGenerator:892 - code generatio: config db path: C:\Users\mocci\Documents\APC\STM32CubeIDE_1.19.0\STM32CubeIDE\plugins\com.st.stm32cube.common.mx_6.15.0.202507011659\\db\
2026-05-08 14:56:41,688 [WARN] IP:2250 - lpm_enable not found: check if there is a RefParameter without a condition.
2026-05-08 14:56:41,832 [INFO] CodeEngine:265 - oldGeneratedFile, C:\Users\mocci\Desktop\ProgettoAPC\Nodo2_Serratura\MXTmpFiles\license.tmp_save
2026-05-08 14:56:42,190 [INFO] CodeEngine:289 - Generated code: C:\Users\mocci\Desktop\ProgettoAPC\Nodo2_Serratura\MXTmpFiles\license.tmp
2026-05-08 14:56:42,390 [INFO] CodeEngine:265 - oldGeneratedFile, C:\Users\mocci\Desktop\ProgettoAPC\Nodo2_Serratura\MXTmpFiles\gpio.tmp_save
2026-05-08 14:56:42,501 [INFO] CodeEngine:289 - Generated code: C:\Users\mocci\Desktop\ProgettoAPC\Nodo2_Serratura\MXTmpFiles\gpio.tmp
2026-05-08 14:56:42,828 [INFO] CodeEngine:265 - oldGeneratedFile, C:\Users\mocci\Desktop\ProgettoAPC\Nodo2_Serratura\Core\Src\stm32f3xx_it.c_save
2026-05-08 14:56:42,970 [INFO] CodeEngine:289 - Generated code: C:\Users\mocci\Desktop\ProgettoAPC\Nodo2_Serratura\Core\Src\stm32f3xx_it.c
2026-05-08 14:56:42,979 [INFO] CodeEngine:265 - oldGeneratedFile, C:\Users\mocci\Desktop\ProgettoAPC\Nodo2_Serratura\Core\Inc\stm32f3xx_it.h_save
2026-05-08 14:56:43,066 [INFO] CodeEngine:289 - Generated code: C:\Users\mocci\Desktop\ProgettoAPC\Nodo2_Serratura\Core\Inc\stm32f3xx_it.h
2026-05-08 14:56:43,084 [INFO] CodeEngine:265 - oldGeneratedFile, C:\Users\mocci\Desktop\ProgettoAPC\Nodo2_Serratura\Core\Src\stm32f3xx_hal_msp.c_save
2026-05-08 14:56:43,233 [INFO] CodeEngine:289 - Generated code: C:\Users\mocci\Desktop\ProgettoAPC\Nodo2_Serratura\Core\Src\stm32f3xx_hal_msp.c
2026-05-08 14:56:43,241 [INFO] CodeEngine:265 - oldGeneratedFile, C:\Users\mocci\Desktop\ProgettoAPC\Nodo2_Serratura\MXTmpFiles\system.tmp_save
2026-05-08 14:56:43,311 [INFO] CodeEngine:289 - Generated code: C:\Users\mocci\Desktop\ProgettoAPC\Nodo2_Serratura\MXTmpFiles\system.tmp
2026-05-08 14:56:43,329 [INFO] CodeEngine:321 - oldGeneratedFile, C:\Users\mocci\Desktop\ProgettoAPC\Nodo2_Serratura\Core\Inc\stm32f3xx_hal_conf.h_save
2026-05-08 14:56:43,388 [INFO] CodeEngine:345 - Generated code: C:\Users\mocci\Desktop\ProgettoAPC\Nodo2_Serratura\Core\Inc\stm32f3xx_hal_conf.h
2026-05-08 14:56:43,419 [INFO] ApiDbMcu:532 - Load IP Config File for I2C1
2026-05-08 14:56:43,422 [INFO] ApiDbMcu:532 - Load IP Config File for SPI1
2026-05-08 14:56:43,424 [INFO] ApiDbMcu:532 - Load IP Config File for USB
2026-05-08 14:56:43,427 [INFO] ApiDbMcu:532 - Load IP Config File for RCC
2026-05-08 14:56:43,439 [INFO] CodeEngine:265 - oldGeneratedFile, C:\Users\mocci\Desktop\ProgettoAPC\Nodo2_Serratura\Core\Inc\main.h_save
2026-05-08 14:56:43,514 [INFO] CodeEngine:289 - Generated code: C:\Users\mocci\Desktop\ProgettoAPC\Nodo2_Serratura\Core\Inc\main.h
2026-05-08 14:56:43,520 [INFO] CodeEngine:265 - oldGeneratedFile, C:\Users\mocci\Desktop\ProgettoAPC\Nodo2_Serratura\Core\Src\main.c_save
2026-05-08 14:56:43,638 [INFO] CodeEngine:289 - Generated code: C:\Users\mocci\Desktop\ProgettoAPC\Nodo2_Serratura\Core\Src\main.c
2026-05-08 14:56:43,940 [INFO] ProjectBuilder:3606 - Time for Copy HAL[1] : 160mS.
2026-05-08 14:56:43,947 [INFO] ProjectBuilder:5216 - Project Generator version: 4.7.0-B52
2026-05-08 14:56:44,019 [INFO] ConfigFileManager:1595 - The Die is : DIE422
2026-05-08 14:56:44,031 [INFO] ApiDbMcu:532 - Load IP Config File for FATFS
2026-05-08 14:56:44,037 [INFO] ApiDbMcu:532 - Load IP Config File for FREERTOS
2026-05-08 14:56:44,048 [INFO] ApiDbMcu:532 - Load IP Config File for TOUCHSENSING
2026-05-08 14:56:44,053 [INFO] ApiDbMcu:532 - Load IP Config File for USB_DEVICE
2026-05-08 14:56:44,369 [INFO] LogOutputStream:77 - [STDOUT_REDIRECT] 
2026-05-08 14:56:46,835 [INFO] ProjectBuilder:5496 - Time for Generating toolchain IDE Files: 2889mS.
2026-05-08 14:56:46,836 [INFO] ProjectBuilder:3463 - Time for Copy CMSIS : 0mS.
2026-05-08 14:56:46,839 [INFO] ProjectBuilder:3463 - Time for Copy CMSIS : 0mS.
2026-05-08 14:56:47,712 [INFO] McuFinderGlobals:76 - Set McuFinderConnectedMode to true
2026-05-08 14:56:47,715 [INFO] ApiDb:448 - Save user favorites file C:\Users\mocci/.stm32cubeide/favorites.mcus.txt: 0 item(s)
2026-05-08 14:56:47,715 [INFO] ApiDb:452 - User favorites MCUs=[]
2026-05-08 14:56:47,717 [INFO] ApiDb:448 - Save user favorites file C:\Users\mocci/.stm32cubeide/favorites.boards.txt: 0 item(s)
2026-05-08 14:56:47,718 [INFO] ApiDb:452 - User favorites Boards=[]
2026-05-08 15:19:25,559 [ERROR] LogOutputStream:75 - [STDERR_REDIRECT] 
